<annotation>
    <folder>images</folder>
    <filename>1608647368.jpg</filename>
    <path>/work/desrozis/Gits/bfc-ia/images/1608647368.jpg</path>
    <source>
        <database>BFC</database>
    </source>
    <size>
        <width>640</width>
        <height>480</height>
        <depth>3</depth>
    </size>
    <segmented>0</segmented>
    <object>
        <name>megot</name>
        <pose>Unspecified</pose>
        <truncated>0</truncated>
        <difficult>0</difficult>
        <bndbox>
            <xmin>177</xmin>
            <ymin>135</ymin>
            <xmax>359</xmax>
            <ymax>365</ymax>
        </bndbox>
    </object>
</annotation>
