<annotation>
    <folder>images</folder>
    <filename>1608647063_7.jpg</filename>
    <path>/tmp/tmplg9v_t5w/images/1608647063_7.jpg</path>
    <source>
        <database>BFC</database>
    </source>
    <size>
        <width>640</width>
        <height>480</height>
        <depth>3</depth>
    </size>
    <segmented>0</segmented>
    <object>
        <name>megot</name>
        <pose>Unspecified</pose>
        <truncated>0</truncated>
        <difficult>0</difficult>
        <bndbox>
            <xmin>346</xmin>
            <ymin>152</ymin>
            <xmax>504</xmax>
            <ymax>298</ymax>
        </bndbox>
    </object>
</annotation>
