<annotation>
    <folder>images</folder>
    <filename>1608647226_9.jpg</filename>
    <path>/tmp/tmplg9v_t5w/images/1608647226_9.jpg</path>
    <source>
        <database>BFC</database>
    </source>
    <size>
        <width>640</width>
        <height>480</height>
        <depth>3</depth>
    </size>
    <segmented>0</segmented>
    <object>
        <name>megot</name>
        <pose>Unspecified</pose>
        <truncated>0</truncated>
        <difficult>0</difficult>
        <bndbox>
            <xmin>209</xmin>
            <ymin>278</ymin>
            <xmax>378</xmax>
            <ymax>454</ymax>
        </bndbox>
    </object>
</annotation>
