<annotation>
    <folder>images</folder>
    <filename>1608646917.jpg</filename>
    <path>/work/desrozis/Gits/bfc-ia/images/1608646917.jpg</path>
    <source>
        <database>BFC</database>
    </source>
    <size>
        <width>640</width>
        <height>480</height>
        <depth>3</depth>
    </size>
    <segmented>0</segmented>
    <object>
        <name>megot</name>
        <pose>Unspecified</pose>
        <truncated>0</truncated>
        <difficult>0</difficult>
        <bndbox>
            <xmin>227</xmin>
            <ymin>171</ymin>
            <xmax>376</xmax>
            <ymax>392</ymax>
        </bndbox>
    </object>
</annotation>
