<?xml version="1.0"?>
<annotation>
  <folder/>
  <filename>0365</filename>
  <path>Images/0365.jpg</path>
  <source>
    <database>roboflow.ai</database>
  </source>
  <size>
    <width>640</width>
    <height>480</height>
    <depth>3</depth>
  </size>
  <segmented>0</segmented>
  <object>
    <name>capsule</name>
    <pose>Unspecified</pose>
    <truncated>0</truncated>
    <difficult>0</difficult>
    <occluded>0</occluded>
    <bndbox>
      <xmin>274</xmin>
      <xmax>401</xmax>
      <ymin>162</ymin>
      <ymax>302</ymax>
    </bndbox>
  </object>
  <object>
    <name>croquette</name>
    <pose>Unspecified</pose>
    <truncated>0</truncated>
    <difficult>0</difficult>
    <occluded>0</occluded>
    <bndbox>
      <xmin>133</xmin>
      <xmax>183</xmax>
      <ymin>193</ymin>
      <ymax>231</ymax>
    </bndbox>
  </object>
</annotation>
