<?xml version="1.0"?>
<annotation>
  <folder/>
  <filename>0378</filename>
  <path>Images/0378.jpg</path>
  <source>
    <database>roboflow.ai</database>
  </source>
  <size>
    <width>640</width>
    <height>480</height>
    <depth>3</depth>
  </size>
  <segmented>0</segmented>
  <object>
    <name>megot</name>
    <pose>Unspecified</pose>
    <truncated>0</truncated>
    <difficult>0</difficult>
    <occluded>0</occluded>
    <bndbox>
      <xmin>156</xmin>
      <xmax>424</xmax>
      <ymin>205</ymin>
      <ymax>335</ymax>
    </bndbox>
  </object>
  <object>
    <name>megot</name>
    <pose>Unspecified</pose>
    <truncated>0</truncated>
    <difficult>0</difficult>
    <occluded>0</occluded>
    <bndbox>
      <xmin>184</xmin>
      <xmax>533</xmax>
      <ymin>83</ymin>
      <ymax>240</ymax>
    </bndbox>
  </object>
</annotation>
