<?xml version="1.0"?>
<annotation>
  <folder/>
  <filename>0380</filename>
  <path>Images/0380.jpg</path>
  <source>
    <database>roboflow.ai</database>
  </source>
  <size>
    <width>640</width>
    <height>480</height>
    <depth>3</depth>
  </size>
  <segmented>0</segmented>
  <object>
    <name>megot</name>
    <pose>Unspecified</pose>
    <truncated>0</truncated>
    <difficult>0</difficult>
    <occluded>0</occluded>
    <bndbox>
      <xmin>216</xmin>
      <xmax>516</xmax>
      <ymin>175</ymin>
      <ymax>306</ymax>
    </bndbox>
  </object>
  <object>
    <name>megot</name>
    <pose>Unspecified</pose>
    <truncated>0</truncated>
    <difficult>0</difficult>
    <occluded>0</occluded>
    <bndbox>
      <xmin>95</xmin>
      <xmax>486</xmax>
      <ymin>278</ymin>
      <ymax>435</ymax>
    </bndbox>
  </object>
</annotation>
