<?xml version="1.0"?>
<annotation>
  <folder/>
  <filename>0381</filename>
  <path>Images/0381.jpg</path>
  <source>
    <database>roboflow.ai</database>
  </source>
  <size>
    <width>640</width>
    <height>480</height>
    <depth>3</depth>
  </size>
  <segmented>0</segmented>
  <object>
    <name>megot</name>
    <pose>Unspecified</pose>
    <truncated>0</truncated>
    <difficult>0</difficult>
    <occluded>0</occluded>
    <bndbox>
      <xmin>86</xmin>
      <xmax>473</xmax>
      <ymin>70</ymin>
      <ymax>214</ymax>
    </bndbox>
  </object>
  <object>
    <name>megot</name>
    <pose>Unspecified</pose>
    <truncated>0</truncated>
    <difficult>0</difficult>
    <occluded>0</occluded>
    <bndbox>
      <xmin>204</xmin>
      <xmax>505</xmax>
      <ymin>190</ymin>
      <ymax>319</ymax>
    </bndbox>
  </object>
</annotation>
