<annotation>
	<folder></folder>
	<filename>1608647338_3_jpg.rf.cada570047fb876e5812c5c0893ab1f4.jpg</filename>
	<path>1608647338_3_jpg.rf.cada570047fb876e5812c5c0893ab1f4.jpg</path>
	<source>
		<database>roboflow.ai</database>
	</source>
	<size>
		<width>640</width>
		<height>480</height>
		<depth>3</depth>
	</size>
	<segmented>0</segmented>
	<object>
		<name>megot</name>
		<pose>Unspecified</pose>
		<truncated>0</truncated>
		<difficult>0</difficult>
		<occluded>0</occluded>
		<bndbox>
			<xmin>373</xmin>
			<xmax>524</xmax>
			<ymin>1</ymin>
			<ymax>276</ymax>
		</bndbox>
	</object>
</annotation>
