<annotation>
	<folder></folder>
	<filename>1608645544_5_jpg.rf.ef5b689bf28ca7a004efca6c56bdfe1c.jpg</filename>
	<path>1608645544_5_jpg.rf.ef5b689bf28ca7a004efca6c56bdfe1c.jpg</path>
	<source>
		<database>roboflow.ai</database>
	</source>
	<size>
		<width>640</width>
		<height>480</height>
		<depth>3</depth>
	</size>
	<segmented>0</segmented>
	<object>
		<name>megot</name>
		<pose>Unspecified</pose>
		<truncated>0</truncated>
		<difficult>0</difficult>
		<occluded>0</occluded>
		<bndbox>
			<xmin>284</xmin>
			<xmax>394</xmax>
			<ymin>16</ymin>
			<ymax>222</ymax>
		</bndbox>
	</object>
</annotation>
