<annotation>
	<folder></folder>
	<filename>1608645877_2_jpg.rf.93d2ac6d600219d1394739ab54e1ef36.jpg</filename>
	<path>1608645877_2_jpg.rf.93d2ac6d600219d1394739ab54e1ef36.jpg</path>
	<source>
		<database>roboflow.ai</database>
	</source>
	<size>
		<width>640</width>
		<height>480</height>
		<depth>3</depth>
	</size>
	<segmented>0</segmented>
	<object>
		<name>megot</name>
		<pose>Unspecified</pose>
		<truncated>0</truncated>
		<difficult>0</difficult>
		<occluded>0</occluded>
		<bndbox>
			<xmin>164</xmin>
			<xmax>332</xmax>
			<ymin>147</ymin>
			<ymax>291</ymax>
		</bndbox>
	</object>
</annotation>
