<annotation>
	<folder></folder>
	<filename>1608647662_2_jpg.rf.210306032d8b3054f4796c3e722f905e.jpg</filename>
	<path>1608647662_2_jpg.rf.210306032d8b3054f4796c3e722f905e.jpg</path>
	<source>
		<database>roboflow.ai</database>
	</source>
	<size>
		<width>640</width>
		<height>480</height>
		<depth>3</depth>
	</size>
	<segmented>0</segmented>
	<object>
		<name>megot</name>
		<pose>Unspecified</pose>
		<truncated>0</truncated>
		<difficult>0</difficult>
		<occluded>0</occluded>
		<bndbox>
			<xmin>183</xmin>
			<xmax>361</xmax>
			<ymin>116</ymin>
			<ymax>329</ymax>
		</bndbox>
	</object>
</annotation>
