<annotation>
	<folder></folder>
	<filename>1608645633_6_jpg.rf.58be6b292d092b52f258bd48681cdf57.jpg</filename>
	<path>1608645633_6_jpg.rf.58be6b292d092b52f258bd48681cdf57.jpg</path>
	<source>
		<database>roboflow.ai</database>
	</source>
	<size>
		<width>640</width>
		<height>480</height>
		<depth>3</depth>
	</size>
	<segmented>0</segmented>
	<object>
		<name>megot</name>
		<pose>Unspecified</pose>
		<truncated>0</truncated>
		<difficult>0</difficult>
		<occluded>0</occluded>
		<bndbox>
			<xmin>261</xmin>
			<xmax>438</xmax>
			<ymin>138</ymin>
			<ymax>308</ymax>
		</bndbox>
	</object>
</annotation>
