<annotation>
	<folder></folder>
	<filename>1608648090_9_jpg.rf.fb27fe567e5cf5bc71a052df7cefbcbd.jpg</filename>
	<path>1608648090_9_jpg.rf.fb27fe567e5cf5bc71a052df7cefbcbd.jpg</path>
	<source>
		<database>roboflow.ai</database>
	</source>
	<size>
		<width>640</width>
		<height>480</height>
		<depth>3</depth>
	</size>
	<segmented>0</segmented>
	<object>
		<name>megot</name>
		<pose>Unspecified</pose>
		<truncated>0</truncated>
		<difficult>0</difficult>
		<occluded>0</occluded>
		<bndbox>
			<xmin>260</xmin>
			<xmax>476</xmax>
			<ymin>53</ymin>
			<ymax>216</ymax>
		</bndbox>
	</object>
</annotation>
