<annotation>
	<folder></folder>
	<filename>1608647007_4_jpg.rf.b4c709e35645c65e24fa83efabbef8ec.jpg</filename>
	<path>1608647007_4_jpg.rf.b4c709e35645c65e24fa83efabbef8ec.jpg</path>
	<source>
		<database>roboflow.ai</database>
	</source>
	<size>
		<width>640</width>
		<height>480</height>
		<depth>3</depth>
	</size>
	<segmented>0</segmented>
	<object>
		<name>megot</name>
		<pose>Unspecified</pose>
		<truncated>0</truncated>
		<difficult>0</difficult>
		<occluded>0</occluded>
		<bndbox>
			<xmin>194</xmin>
			<xmax>395</xmax>
			<ymin>134</ymin>
			<ymax>287</ymax>
		</bndbox>
	</object>
</annotation>
