<annotation>
	<folder></folder>
	<filename>1608645551_7_jpg.rf.2988b40c59893bfc75da2c5b3f63f4d1.jpg</filename>
	<path>1608645551_7_jpg.rf.2988b40c59893bfc75da2c5b3f63f4d1.jpg</path>
	<source>
		<database>roboflow.ai</database>
	</source>
	<size>
		<width>640</width>
		<height>480</height>
		<depth>3</depth>
	</size>
	<segmented>0</segmented>
	<object>
		<name>megot</name>
		<pose>Unspecified</pose>
		<truncated>0</truncated>
		<difficult>0</difficult>
		<occluded>0</occluded>
		<bndbox>
			<xmin>238</xmin>
			<xmax>357</xmax>
			<ymin>155</ymin>
			<ymax>358</ymax>
		</bndbox>
	</object>
</annotation>
