<annotation>
	<folder></folder>
	<filename>1608648027_5_jpg.rf.48fe1a48ea30f6a218b0ba85db7d6c95.jpg</filename>
	<path>1608648027_5_jpg.rf.48fe1a48ea30f6a218b0ba85db7d6c95.jpg</path>
	<source>
		<database>roboflow.ai</database>
	</source>
	<size>
		<width>640</width>
		<height>480</height>
		<depth>3</depth>
	</size>
	<segmented>0</segmented>
	<object>
		<name>megot</name>
		<pose>Unspecified</pose>
		<truncated>0</truncated>
		<difficult>0</difficult>
		<occluded>0</occluded>
		<bndbox>
			<xmin>217</xmin>
			<xmax>331</xmax>
			<ymin>199</ymin>
			<ymax>406</ymax>
		</bndbox>
	</object>
</annotation>
