<annotation>
	<folder></folder>
	<filename>1608646964_8_jpg.rf.12d364e5c872916fae1dd982c5653ac5.jpg</filename>
	<path>1608646964_8_jpg.rf.12d364e5c872916fae1dd982c5653ac5.jpg</path>
	<source>
		<database>roboflow.ai</database>
	</source>
	<size>
		<width>640</width>
		<height>480</height>
		<depth>3</depth>
	</size>
	<segmented>0</segmented>
	<object>
		<name>megot</name>
		<pose>Unspecified</pose>
		<truncated>0</truncated>
		<difficult>0</difficult>
		<occluded>0</occluded>
		<bndbox>
			<xmin>178</xmin>
			<xmax>301</xmax>
			<ymin>1</ymin>
			<ymax>228</ymax>
		</bndbox>
	</object>
</annotation>
