<annotation>
	<folder></folder>
	<filename>1608647523_jpg.rf.4e5c326ae3548a9cf688abb68330b1a9.jpg</filename>
	<path>1608647523_jpg.rf.4e5c326ae3548a9cf688abb68330b1a9.jpg</path>
	<source>
		<database>roboflow.ai</database>
	</source>
	<size>
		<width>640</width>
		<height>480</height>
		<depth>3</depth>
	</size>
	<segmented>0</segmented>
	<object>
		<name>megot</name>
		<pose>Unspecified</pose>
		<truncated>0</truncated>
		<difficult>0</difficult>
		<occluded>0</occluded>
		<bndbox>
			<xmin>270</xmin>
			<xmax>445</xmax>
			<ymin>251</ymin>
			<ymax>408</ymax>
		</bndbox>
	</object>
</annotation>
