<annotation>
	<folder></folder>
	<filename>1608647099_3_jpg.rf.4f872b7a72f13f9dd145aac27985c915.jpg</filename>
	<path>1608647099_3_jpg.rf.4f872b7a72f13f9dd145aac27985c915.jpg</path>
	<source>
		<database>roboflow.ai</database>
	</source>
	<size>
		<width>640</width>
		<height>480</height>
		<depth>3</depth>
	</size>
	<segmented>0</segmented>
	<object>
		<name>megot</name>
		<pose>Unspecified</pose>
		<truncated>0</truncated>
		<difficult>0</difficult>
		<occluded>0</occluded>
		<bndbox>
			<xmin>132</xmin>
			<xmax>419</xmax>
			<ymin>221</ymin>
			<ymax>376</ymax>
		</bndbox>
	</object>
</annotation>
