<annotation>
	<folder></folder>
	<filename>1608648127_2_jpg.rf.393b01b5613503a70e0d1c46441db08e.jpg</filename>
	<path>1608648127_2_jpg.rf.393b01b5613503a70e0d1c46441db08e.jpg</path>
	<source>
		<database>roboflow.ai</database>
	</source>
	<size>
		<width>640</width>
		<height>480</height>
		<depth>3</depth>
	</size>
	<segmented>0</segmented>
	<object>
		<name>megot</name>
		<pose>Unspecified</pose>
		<truncated>0</truncated>
		<difficult>0</difficult>
		<occluded>0</occluded>
		<bndbox>
			<xmin>266</xmin>
			<xmax>491</xmax>
			<ymin>58</ymin>
			<ymax>231</ymax>
		</bndbox>
	</object>
</annotation>
