<annotation>
	<folder></folder>
	<filename>1608645146_6_jpg.rf.64e301f299b4019ab292b40a96f545bb.jpg</filename>
	<path>1608645146_6_jpg.rf.64e301f299b4019ab292b40a96f545bb.jpg</path>
	<source>
		<database>roboflow.ai</database>
	</source>
	<size>
		<width>640</width>
		<height>480</height>
		<depth>3</depth>
	</size>
	<segmented>0</segmented>
	<object>
		<name>megot</name>
		<pose>Unspecified</pose>
		<truncated>0</truncated>
		<difficult>0</difficult>
		<occluded>0</occluded>
		<bndbox>
			<xmin>147</xmin>
			<xmax>365</xmax>
			<ymin>189</ymin>
			<ymax>265</ymax>
		</bndbox>
	</object>
</annotation>
