<annotation>
	<folder></folder>
	<filename>1608647679_6_jpg.rf.38fdbb002f34063e7fb0f78baca70a07.jpg</filename>
	<path>1608647679_6_jpg.rf.38fdbb002f34063e7fb0f78baca70a07.jpg</path>
	<source>
		<database>roboflow.ai</database>
	</source>
	<size>
		<width>640</width>
		<height>480</height>
		<depth>3</depth>
	</size>
	<segmented>0</segmented>
	<object>
		<name>megot</name>
		<pose>Unspecified</pose>
		<truncated>0</truncated>
		<difficult>0</difficult>
		<occluded>0</occluded>
		<bndbox>
			<xmin>290</xmin>
			<xmax>409</xmax>
			<ymin>155</ymin>
			<ymax>355</ymax>
		</bndbox>
	</object>
</annotation>
