<annotation>
	<folder></folder>
	<filename>1608647552_jpg.rf.b9806e32694b3ddb3d207c260f1197b9.jpg</filename>
	<path>1608647552_jpg.rf.b9806e32694b3ddb3d207c260f1197b9.jpg</path>
	<source>
		<database>roboflow.ai</database>
	</source>
	<size>
		<width>640</width>
		<height>480</height>
		<depth>3</depth>
	</size>
	<segmented>0</segmented>
	<object>
		<name>megot</name>
		<pose>Unspecified</pose>
		<truncated>0</truncated>
		<difficult>0</difficult>
		<occluded>0</occluded>
		<bndbox>
			<xmin>153</xmin>
			<xmax>324</xmax>
			<ymin>188</ymin>
			<ymax>281</ymax>
		</bndbox>
	</object>
</annotation>
