<annotation>
	<folder></folder>
	<filename>1608647453_5_jpg.rf.4195bf9d7948f666d9e5a6be626589b5.jpg</filename>
	<path>1608647453_5_jpg.rf.4195bf9d7948f666d9e5a6be626589b5.jpg</path>
	<source>
		<database>roboflow.ai</database>
	</source>
	<size>
		<width>640</width>
		<height>480</height>
		<depth>3</depth>
	</size>
	<segmented>0</segmented>
	<object>
		<name>megot</name>
		<pose>Unspecified</pose>
		<truncated>0</truncated>
		<difficult>0</difficult>
		<occluded>0</occluded>
		<bndbox>
			<xmin>124</xmin>
			<xmax>324</xmax>
			<ymin>51</ymin>
			<ymax>210</ymax>
		</bndbox>
	</object>
</annotation>
