<annotation>
	<folder></folder>
	<filename>1608647611_7_jpg.rf.3f836f4f66a3559ba44a77f3bf28d0c2.jpg</filename>
	<path>1608647611_7_jpg.rf.3f836f4f66a3559ba44a77f3bf28d0c2.jpg</path>
	<source>
		<database>roboflow.ai</database>
	</source>
	<size>
		<width>640</width>
		<height>480</height>
		<depth>3</depth>
	</size>
	<segmented>0</segmented>
	<object>
		<name>megot</name>
		<pose>Unspecified</pose>
		<truncated>0</truncated>
		<difficult>0</difficult>
		<occluded>0</occluded>
		<bndbox>
			<xmin>303</xmin>
			<xmax>430</xmax>
			<ymin>128</ymin>
			<ymax>306</ymax>
		</bndbox>
	</object>
</annotation>
