<annotation>
	<folder></folder>
	<filename>1608645788_5_jpg.rf.a3e443fb3dea0a589ef3a8ff82cf7bc8.jpg</filename>
	<path>1608645788_5_jpg.rf.a3e443fb3dea0a589ef3a8ff82cf7bc8.jpg</path>
	<source>
		<database>roboflow.ai</database>
	</source>
	<size>
		<width>640</width>
		<height>480</height>
		<depth>3</depth>
	</size>
	<segmented>0</segmented>
	<object>
		<name>megot</name>
		<pose>Unspecified</pose>
		<truncated>0</truncated>
		<difficult>0</difficult>
		<occluded>0</occluded>
		<bndbox>
			<xmin>223</xmin>
			<xmax>352</xmax>
			<ymin>7</ymin>
			<ymax>200</ymax>
		</bndbox>
	</object>
</annotation>
