<annotation>
	<folder></folder>
	<filename>1608647460_0_jpg.rf.18d718b5406cc974b2a861f91d5af0ef.jpg</filename>
	<path>1608647460_0_jpg.rf.18d718b5406cc974b2a861f91d5af0ef.jpg</path>
	<source>
		<database>roboflow.ai</database>
	</source>
	<size>
		<width>640</width>
		<height>480</height>
		<depth>3</depth>
	</size>
	<segmented>0</segmented>
	<object>
		<name>megot</name>
		<pose>Unspecified</pose>
		<truncated>0</truncated>
		<difficult>0</difficult>
		<occluded>0</occluded>
		<bndbox>
			<xmin>181</xmin>
			<xmax>412</xmax>
			<ymin>135</ymin>
			<ymax>263</ymax>
		</bndbox>
	</object>
</annotation>
