<annotation>
	<folder></folder>
	<filename>1608647403_1_jpg.rf.097b042e503eddc8f8ba2a324f1c5f54.jpg</filename>
	<path>1608647403_1_jpg.rf.097b042e503eddc8f8ba2a324f1c5f54.jpg</path>
	<source>
		<database>roboflow.ai</database>
	</source>
	<size>
		<width>640</width>
		<height>480</height>
		<depth>3</depth>
	</size>
	<segmented>0</segmented>
	<object>
		<name>megot</name>
		<pose>Unspecified</pose>
		<truncated>0</truncated>
		<difficult>0</difficult>
		<occluded>0</occluded>
		<bndbox>
			<xmin>223</xmin>
			<xmax>414</xmax>
			<ymin>187</ymin>
			<ymax>342</ymax>
		</bndbox>
	</object>
</annotation>
