<annotation>
	<folder></folder>
	<filename>1608647326_2_jpg.rf.6f8261c2dd57ecdd5e4f90c714767958.jpg</filename>
	<path>1608647326_2_jpg.rf.6f8261c2dd57ecdd5e4f90c714767958.jpg</path>
	<source>
		<database>roboflow.ai</database>
	</source>
	<size>
		<width>640</width>
		<height>480</height>
		<depth>3</depth>
	</size>
	<segmented>0</segmented>
	<object>
		<name>megot</name>
		<pose>Unspecified</pose>
		<truncated>0</truncated>
		<difficult>0</difficult>
		<occluded>0</occluded>
		<bndbox>
			<xmin>294</xmin>
			<xmax>508</xmax>
			<ymin>260</ymin>
			<ymax>479</ymax>
		</bndbox>
	</object>
</annotation>
