<annotation>
	<folder></folder>
	<filename>1608645915_5_jpg.rf.ed7db215f33916d21963784397bdf136.jpg</filename>
	<path>1608645915_5_jpg.rf.ed7db215f33916d21963784397bdf136.jpg</path>
	<source>
		<database>roboflow.ai</database>
	</source>
	<size>
		<width>640</width>
		<height>480</height>
		<depth>3</depth>
	</size>
	<segmented>0</segmented>
	<object>
		<name>megot</name>
		<pose>Unspecified</pose>
		<truncated>0</truncated>
		<difficult>0</difficult>
		<occluded>0</occluded>
		<bndbox>
			<xmin>306</xmin>
			<xmax>396</xmax>
			<ymin>215</ymin>
			<ymax>354</ymax>
		</bndbox>
	</object>
</annotation>
