<annotation>
	<folder></folder>
	<filename>1608647552_1_jpg.rf.6feb8971d2858b23342c13d71990ebd2.jpg</filename>
	<path>1608647552_1_jpg.rf.6feb8971d2858b23342c13d71990ebd2.jpg</path>
	<source>
		<database>roboflow.ai</database>
	</source>
	<size>
		<width>640</width>
		<height>480</height>
		<depth>3</depth>
	</size>
	<segmented>0</segmented>
	<object>
		<name>megot</name>
		<pose>Unspecified</pose>
		<truncated>0</truncated>
		<difficult>0</difficult>
		<occluded>0</occluded>
		<bndbox>
			<xmin>315</xmin>
			<xmax>486</xmax>
			<ymin>198</ymin>
			<ymax>291</ymax>
		</bndbox>
	</object>
</annotation>
