<annotation>
	<folder></folder>
	<filename>1608646972_6_jpg.rf.7431b2198a4b5b4f961b539661252069.jpg</filename>
	<path>1608646972_6_jpg.rf.7431b2198a4b5b4f961b539661252069.jpg</path>
	<source>
		<database>roboflow.ai</database>
	</source>
	<size>
		<width>640</width>
		<height>480</height>
		<depth>3</depth>
	</size>
	<segmented>0</segmented>
	<object>
		<name>megot</name>
		<pose>Unspecified</pose>
		<truncated>0</truncated>
		<difficult>0</difficult>
		<occluded>0</occluded>
		<bndbox>
			<xmin>186</xmin>
			<xmax>385</xmax>
			<ymin>130</ymin>
			<ymax>314</ymax>
		</bndbox>
	</object>
</annotation>
