<annotation>
	<folder></folder>
	<filename>1608647730_6_jpg.rf.1ec5930c623c9ab78935b89ddd85217e.jpg</filename>
	<path>1608647730_6_jpg.rf.1ec5930c623c9ab78935b89ddd85217e.jpg</path>
	<source>
		<database>roboflow.ai</database>
	</source>
	<size>
		<width>640</width>
		<height>480</height>
		<depth>3</depth>
	</size>
	<segmented>0</segmented>
	<object>
		<name>megot</name>
		<pose>Unspecified</pose>
		<truncated>0</truncated>
		<difficult>0</difficult>
		<occluded>0</occluded>
		<bndbox>
			<xmin>229</xmin>
			<xmax>378</xmax>
			<ymin>206</ymin>
			<ymax>343</ymax>
		</bndbox>
	</object>
</annotation>
