<annotation>
	<folder></folder>
	<filename>1608647138_0_jpg.rf.73241a35a041e78cef45676705e9e483.jpg</filename>
	<path>1608647138_0_jpg.rf.73241a35a041e78cef45676705e9e483.jpg</path>
	<source>
		<database>roboflow.ai</database>
	</source>
	<size>
		<width>640</width>
		<height>480</height>
		<depth>3</depth>
	</size>
	<segmented>0</segmented>
	<object>
		<name>megot</name>
		<pose>Unspecified</pose>
		<truncated>0</truncated>
		<difficult>0</difficult>
		<occluded>0</occluded>
		<bndbox>
			<xmin>211</xmin>
			<xmax>428</xmax>
			<ymin>178</ymin>
			<ymax>317</ymax>
		</bndbox>
	</object>
</annotation>
