<annotation>
	<folder></folder>
	<filename>1608647338_5_jpg.rf.78ed61bc07e1906f8218ec5cfad1661b.jpg</filename>
	<path>1608647338_5_jpg.rf.78ed61bc07e1906f8218ec5cfad1661b.jpg</path>
	<source>
		<database>roboflow.ai</database>
	</source>
	<size>
		<width>640</width>
		<height>480</height>
		<depth>3</depth>
	</size>
	<segmented>0</segmented>
	<object>
		<name>megot</name>
		<pose>Unspecified</pose>
		<truncated>0</truncated>
		<difficult>0</difficult>
		<occluded>0</occluded>
		<bndbox>
			<xmin>97</xmin>
			<xmax>252</xmax>
			<ymin>5</ymin>
			<ymax>278</ymax>
		</bndbox>
	</object>
</annotation>
