<annotation>
	<folder></folder>
	<filename>1608647538_6_jpg.rf.b093f32c6d10d65df5eb61e438451bb2.jpg</filename>
	<path>1608647538_6_jpg.rf.b093f32c6d10d65df5eb61e438451bb2.jpg</path>
	<source>
		<database>roboflow.ai</database>
	</source>
	<size>
		<width>640</width>
		<height>480</height>
		<depth>3</depth>
	</size>
	<segmented>0</segmented>
	<object>
		<name>megot</name>
		<pose>Unspecified</pose>
		<truncated>0</truncated>
		<difficult>0</difficult>
		<occluded>0</occluded>
		<bndbox>
			<xmin>284</xmin>
			<xmax>390</xmax>
			<ymin>169</ymin>
			<ymax>352</ymax>
		</bndbox>
	</object>
</annotation>
