<annotation>
	<folder></folder>
	<filename>1608645869_9_jpg.rf.8280799b2a6375783dffd820cfd355a1.jpg</filename>
	<path>1608645869_9_jpg.rf.8280799b2a6375783dffd820cfd355a1.jpg</path>
	<source>
		<database>roboflow.ai</database>
	</source>
	<size>
		<width>640</width>
		<height>480</height>
		<depth>3</depth>
	</size>
	<segmented>0</segmented>
	<object>
		<name>megot</name>
		<pose>Unspecified</pose>
		<truncated>0</truncated>
		<difficult>0</difficult>
		<occluded>0</occluded>
		<bndbox>
			<xmin>275</xmin>
			<xmax>427</xmax>
			<ymin>186</ymin>
			<ymax>364</ymax>
		</bndbox>
	</object>
</annotation>
