<annotation>
	<folder></folder>
	<filename>1608648135_5_jpg.rf.082ee04919fc8764fec615a4c30744e5.jpg</filename>
	<path>1608648135_5_jpg.rf.082ee04919fc8764fec615a4c30744e5.jpg</path>
	<source>
		<database>roboflow.ai</database>
	</source>
	<size>
		<width>640</width>
		<height>480</height>
		<depth>3</depth>
	</size>
	<segmented>0</segmented>
	<object>
		<name>megot</name>
		<pose>Unspecified</pose>
		<truncated>0</truncated>
		<difficult>0</difficult>
		<occluded>0</occluded>
		<bndbox>
			<xmin>208</xmin>
			<xmax>299</xmax>
			<ymin>324</ymin>
			<ymax>479</ymax>
		</bndbox>
	</object>
</annotation>
