<annotation>
	<folder></folder>
	<filename>1608645897_2_jpg.rf.3fc9651d2451dd0f56c52bd96ac5ed0f.jpg</filename>
	<path>1608645897_2_jpg.rf.3fc9651d2451dd0f56c52bd96ac5ed0f.jpg</path>
	<source>
		<database>roboflow.ai</database>
	</source>
	<size>
		<width>640</width>
		<height>480</height>
		<depth>3</depth>
	</size>
	<segmented>0</segmented>
	<object>
		<name>megot</name>
		<pose>Unspecified</pose>
		<truncated>0</truncated>
		<difficult>0</difficult>
		<occluded>0</occluded>
		<bndbox>
			<xmin>282</xmin>
			<xmax>399</xmax>
			<ymin>40</ymin>
			<ymax>218</ymax>
		</bndbox>
	</object>
</annotation>
