<annotation>
	<folder></folder>
	<filename>1608647219_jpg.rf.4e1d115824193ebd3463509ed2da1e78.jpg</filename>
	<path>1608647219_jpg.rf.4e1d115824193ebd3463509ed2da1e78.jpg</path>
	<source>
		<database>roboflow.ai</database>
	</source>
	<size>
		<width>640</width>
		<height>480</height>
		<depth>3</depth>
	</size>
	<segmented>0</segmented>
	<object>
		<name>megot</name>
		<pose>Unspecified</pose>
		<truncated>0</truncated>
		<difficult>0</difficult>
		<occluded>0</occluded>
		<bndbox>
			<xmin>236</xmin>
			<xmax>407</xmax>
			<ymin>214</ymin>
			<ymax>388</ymax>
		</bndbox>
	</object>
</annotation>
