<annotation>
	<folder></folder>
	<filename>1608645577_6_jpg.rf.63caaa9299a45a070ff430f5788d3698.jpg</filename>
	<path>1608645577_6_jpg.rf.63caaa9299a45a070ff430f5788d3698.jpg</path>
	<source>
		<database>roboflow.ai</database>
	</source>
	<size>
		<width>640</width>
		<height>480</height>
		<depth>3</depth>
	</size>
	<segmented>0</segmented>
	<object>
		<name>megot</name>
		<pose>Unspecified</pose>
		<truncated>0</truncated>
		<difficult>0</difficult>
		<occluded>0</occluded>
		<bndbox>
			<xmin>311</xmin>
			<xmax>491</xmax>
			<ymin>184</ymin>
			<ymax>406</ymax>
		</bndbox>
	</object>
</annotation>
