<annotation>
	<folder></folder>
	<filename>1608647629_1_jpg.rf.38df1182279381693ef8d74aa332d480.jpg</filename>
	<path>1608647629_1_jpg.rf.38df1182279381693ef8d74aa332d480.jpg</path>
	<source>
		<database>roboflow.ai</database>
	</source>
	<size>
		<width>640</width>
		<height>480</height>
		<depth>3</depth>
	</size>
	<segmented>0</segmented>
	<object>
		<name>megot</name>
		<pose>Unspecified</pose>
		<truncated>0</truncated>
		<difficult>0</difficult>
		<occluded>0</occluded>
		<bndbox>
			<xmin>228</xmin>
			<xmax>359</xmax>
			<ymin>168</ymin>
			<ymax>389</ymax>
		</bndbox>
	</object>
</annotation>
