<annotation>
	<folder></folder>
	<filename>1608646982_jpg.rf.9757d0a3eae3ec42df69a06442e4ca10.jpg</filename>
	<path>1608646982_jpg.rf.9757d0a3eae3ec42df69a06442e4ca10.jpg</path>
	<source>
		<database>roboflow.ai</database>
	</source>
	<size>
		<width>640</width>
		<height>480</height>
		<depth>3</depth>
	</size>
	<segmented>0</segmented>
	<object>
		<name>megot</name>
		<pose>Unspecified</pose>
		<truncated>0</truncated>
		<difficult>0</difficult>
		<occluded>0</occluded>
		<bndbox>
			<xmin>111</xmin>
			<xmax>332</xmax>
			<ymin>238</ymin>
			<ymax>379</ymax>
		</bndbox>
	</object>
</annotation>
