<annotation>
	<folder></folder>
	<filename>1608647578_jpg.rf.16ac0a7d8f4be30a987033bd353f9a33.jpg</filename>
	<path>1608647578_jpg.rf.16ac0a7d8f4be30a987033bd353f9a33.jpg</path>
	<source>
		<database>roboflow.ai</database>
	</source>
	<size>
		<width>640</width>
		<height>480</height>
		<depth>3</depth>
	</size>
	<segmented>0</segmented>
	<object>
		<name>megot</name>
		<pose>Unspecified</pose>
		<truncated>0</truncated>
		<difficult>0</difficult>
		<occluded>0</occluded>
		<bndbox>
			<xmin>201</xmin>
			<xmax>410</xmax>
			<ymin>261</ymin>
			<ymax>477</ymax>
		</bndbox>
	</object>
</annotation>
