<annotation>
	<folder></folder>
	<filename>1608646908_2_jpg.rf.998ff18864bba61a01345905b701cdba.jpg</filename>
	<path>1608646908_2_jpg.rf.998ff18864bba61a01345905b701cdba.jpg</path>
	<source>
		<database>roboflow.ai</database>
	</source>
	<size>
		<width>640</width>
		<height>480</height>
		<depth>3</depth>
	</size>
	<segmented>0</segmented>
	<object>
		<name>megot</name>
		<pose>Unspecified</pose>
		<truncated>0</truncated>
		<difficult>0</difficult>
		<occluded>0</occluded>
		<bndbox>
			<xmin>242</xmin>
			<xmax>437</xmax>
			<ymin>219</ymin>
			<ymax>430</ymax>
		</bndbox>
	</object>
</annotation>
