<annotation>
	<folder></folder>
	<filename>1608647138_9_jpg.rf.a50aa0140e33cb267a96b75cfd7466bc.jpg</filename>
	<path>1608647138_9_jpg.rf.a50aa0140e33cb267a96b75cfd7466bc.jpg</path>
	<source>
		<database>roboflow.ai</database>
	</source>
	<size>
		<width>640</width>
		<height>480</height>
		<depth>3</depth>
	</size>
	<segmented>0</segmented>
	<object>
		<name>megot</name>
		<pose>Unspecified</pose>
		<truncated>0</truncated>
		<difficult>0</difficult>
		<occluded>0</occluded>
		<bndbox>
			<xmin>252</xmin>
			<xmax>473</xmax>
			<ymin>176</ymin>
			<ymax>326</ymax>
		</bndbox>
	</object>
</annotation>
