<annotation>
	<folder></folder>
	<filename>1608647418_0_jpg.rf.80d6773d766003abcf029272d3c3e1eb.jpg</filename>
	<path>1608647418_0_jpg.rf.80d6773d766003abcf029272d3c3e1eb.jpg</path>
	<source>
		<database>roboflow.ai</database>
	</source>
	<size>
		<width>640</width>
		<height>480</height>
		<depth>3</depth>
	</size>
	<segmented>0</segmented>
	<object>
		<name>megot</name>
		<pose>Unspecified</pose>
		<truncated>0</truncated>
		<difficult>0</difficult>
		<occluded>0</occluded>
		<bndbox>
			<xmin>247</xmin>
			<xmax>449</xmax>
			<ymin>166</ymin>
			<ymax>357</ymax>
		</bndbox>
	</object>
</annotation>
