<annotation>
	<folder></folder>
	<filename>1608647317_jpg.rf.98b43c6983683b5b61c6af26caee3c76.jpg</filename>
	<path>1608647317_jpg.rf.98b43c6983683b5b61c6af26caee3c76.jpg</path>
	<source>
		<database>roboflow.ai</database>
	</source>
	<size>
		<width>640</width>
		<height>480</height>
		<depth>3</depth>
	</size>
	<segmented>0</segmented>
	<object>
		<name>megot</name>
		<pose>Unspecified</pose>
		<truncated>0</truncated>
		<difficult>0</difficult>
		<occluded>0</occluded>
		<bndbox>
			<xmin>109</xmin>
			<xmax>356</xmax>
			<ymin>264</ymin>
			<ymax>479</ymax>
		</bndbox>
	</object>
</annotation>
