<annotation>
	<folder></folder>
	<filename>1608647403_9_jpg.rf.52ba4e86be2d55d44e2c677da55160fd.jpg</filename>
	<path>1608647403_9_jpg.rf.52ba4e86be2d55d44e2c677da55160fd.jpg</path>
	<source>
		<database>roboflow.ai</database>
	</source>
	<size>
		<width>640</width>
		<height>480</height>
		<depth>3</depth>
	</size>
	<segmented>0</segmented>
	<object>
		<name>megot</name>
		<pose>Unspecified</pose>
		<truncated>0</truncated>
		<difficult>0</difficult>
		<occluded>0</occluded>
		<bndbox>
			<xmin>191</xmin>
			<xmax>402</xmax>
			<ymin>202</ymin>
			<ymax>382</ymax>
		</bndbox>
	</object>
</annotation>
