<annotation>
	<folder></folder>
	<filename>1608647763_6_jpg.rf.6eb58f7026b02bd2df033f5cecb53fb1.jpg</filename>
	<path>1608647763_6_jpg.rf.6eb58f7026b02bd2df033f5cecb53fb1.jpg</path>
	<source>
		<database>roboflow.ai</database>
	</source>
	<size>
		<width>640</width>
		<height>480</height>
		<depth>3</depth>
	</size>
	<segmented>0</segmented>
	<object>
		<name>megot</name>
		<pose>Unspecified</pose>
		<truncated>0</truncated>
		<difficult>0</difficult>
		<occluded>0</occluded>
		<bndbox>
			<xmin>236</xmin>
			<xmax>441</xmax>
			<ymin>183</ymin>
			<ymax>307</ymax>
		</bndbox>
	</object>
</annotation>
