<annotation>
	<folder></folder>
	<filename>1608647586_jpg.rf.d7baad924fd21ff911bb6937f8bcdd93.jpg</filename>
	<path>1608647586_jpg.rf.d7baad924fd21ff911bb6937f8bcdd93.jpg</path>
	<source>
		<database>roboflow.ai</database>
	</source>
	<size>
		<width>640</width>
		<height>480</height>
		<depth>3</depth>
	</size>
	<segmented>0</segmented>
	<object>
		<name>megot</name>
		<pose>Unspecified</pose>
		<truncated>0</truncated>
		<difficult>0</difficult>
		<occluded>0</occluded>
		<bndbox>
			<xmin>246</xmin>
			<xmax>446</xmax>
			<ymin>375</ymin>
			<ymax>480</ymax>
		</bndbox>
	</object>
</annotation>
