<annotation>
	<folder></folder>
	<filename>1608647601_3_jpg.rf.2c75cf2463f7441d696823c1196afb99.jpg</filename>
	<path>1608647601_3_jpg.rf.2c75cf2463f7441d696823c1196afb99.jpg</path>
	<source>
		<database>roboflow.ai</database>
	</source>
	<size>
		<width>640</width>
		<height>480</height>
		<depth>3</depth>
	</size>
	<segmented>0</segmented>
	<object>
		<name>megot</name>
		<pose>Unspecified</pose>
		<truncated>0</truncated>
		<difficult>0</difficult>
		<occluded>0</occluded>
		<bndbox>
			<xmin>246</xmin>
			<xmax>423</xmax>
			<ymin>303</ymin>
			<ymax>479</ymax>
		</bndbox>
	</object>
</annotation>
