<annotation>
	<folder></folder>
	<filename>1608645915_8_jpg.rf.e761a094180d187bab79c028f3fc29ce.jpg</filename>
	<path>1608645915_8_jpg.rf.e761a094180d187bab79c028f3fc29ce.jpg</path>
	<source>
		<database>roboflow.ai</database>
	</source>
	<size>
		<width>640</width>
		<height>480</height>
		<depth>3</depth>
	</size>
	<segmented>0</segmented>
	<object>
		<name>megot</name>
		<pose>Unspecified</pose>
		<truncated>0</truncated>
		<difficult>0</difficult>
		<occluded>0</occluded>
		<bndbox>
			<xmin>298</xmin>
			<xmax>402</xmax>
			<ymin>105</ymin>
			<ymax>257</ymax>
		</bndbox>
	</object>
</annotation>
