<annotation>
	<folder></folder>
	<filename>1608647015_1_jpg.rf.2a2fdd5dfb642df997dfdadd4d5e6bf3.jpg</filename>
	<path>1608647015_1_jpg.rf.2a2fdd5dfb642df997dfdadd4d5e6bf3.jpg</path>
	<source>
		<database>roboflow.ai</database>
	</source>
	<size>
		<width>640</width>
		<height>480</height>
		<depth>3</depth>
	</size>
	<segmented>0</segmented>
	<object>
		<name>megot</name>
		<pose>Unspecified</pose>
		<truncated>0</truncated>
		<difficult>0</difficult>
		<occluded>0</occluded>
		<bndbox>
			<xmin>181</xmin>
			<xmax>363</xmax>
			<ymin>169</ymin>
			<ymax>294</ymax>
		</bndbox>
	</object>
</annotation>
