<annotation>
	<folder></folder>
	<filename>1608647662_0_jpg.rf.9979c6ffdbefe8ca0d2afbf772968aa5.jpg</filename>
	<path>1608647662_0_jpg.rf.9979c6ffdbefe8ca0d2afbf772968aa5.jpg</path>
	<source>
		<database>roboflow.ai</database>
	</source>
	<size>
		<width>640</width>
		<height>480</height>
		<depth>3</depth>
	</size>
	<segmented>0</segmented>
	<object>
		<name>megot</name>
		<pose>Unspecified</pose>
		<truncated>0</truncated>
		<difficult>0</difficult>
		<occluded>0</occluded>
		<bndbox>
			<xmin>284</xmin>
			<xmax>449</xmax>
			<ymin>157</ymin>
			<ymax>370</ymax>
		</bndbox>
	</object>
</annotation>
