<annotation>
	<folder></folder>
	<filename>1608645310_jpg.rf.f328dc4b03eeef14b337fc6817172f2f.jpg</filename>
	<path>1608645310_jpg.rf.f328dc4b03eeef14b337fc6817172f2f.jpg</path>
	<source>
		<database>roboflow.ai</database>
	</source>
	<size>
		<width>640</width>
		<height>480</height>
		<depth>3</depth>
	</size>
	<segmented>0</segmented>
	<object>
		<name>megot</name>
		<pose>Unspecified</pose>
		<truncated>0</truncated>
		<difficult>0</difficult>
		<occluded>0</occluded>
		<bndbox>
			<xmin>171</xmin>
			<xmax>394</xmax>
			<ymin>183</ymin>
			<ymax>331</ymax>
		</bndbox>
	</object>
</annotation>
