<annotation>
	<folder></folder>
	<filename>1608647147_2_jpg.rf.620e1a523efaf404d6b77c42ae21929d.jpg</filename>
	<path>1608647147_2_jpg.rf.620e1a523efaf404d6b77c42ae21929d.jpg</path>
	<source>
		<database>roboflow.ai</database>
	</source>
	<size>
		<width>640</width>
		<height>480</height>
		<depth>3</depth>
	</size>
	<segmented>0</segmented>
	<object>
		<name>megot</name>
		<pose>Unspecified</pose>
		<truncated>0</truncated>
		<difficult>0</difficult>
		<occluded>0</occluded>
		<bndbox>
			<xmin>245</xmin>
			<xmax>361</xmax>
			<ymin>224</ymin>
			<ymax>363</ymax>
		</bndbox>
	</object>
</annotation>
