<annotation>
	<folder></folder>
	<filename>1608647147_8_jpg.rf.5330f6742bf31a919c4fa1ec58367af6.jpg</filename>
	<path>1608647147_8_jpg.rf.5330f6742bf31a919c4fa1ec58367af6.jpg</path>
	<source>
		<database>roboflow.ai</database>
	</source>
	<size>
		<width>640</width>
		<height>480</height>
		<depth>3</depth>
	</size>
	<segmented>0</segmented>
	<object>
		<name>megot</name>
		<pose>Unspecified</pose>
		<truncated>0</truncated>
		<difficult>0</difficult>
		<occluded>0</occluded>
		<bndbox>
			<xmin>238</xmin>
			<xmax>355</xmax>
			<ymin>214</ymin>
			<ymax>350</ymax>
		</bndbox>
	</object>
</annotation>
