<annotation>
	<folder></folder>
	<filename>1608644799_5_jpg.rf.589c10cd687f649bc1efe65da4b449a0.jpg</filename>
	<path>1608644799_5_jpg.rf.589c10cd687f649bc1efe65da4b449a0.jpg</path>
	<source>
		<database>roboflow.ai</database>
	</source>
	<size>
		<width>640</width>
		<height>480</height>
		<depth>3</depth>
	</size>
	<segmented>0</segmented>
	<object>
		<name>megot</name>
		<pose>Unspecified</pose>
		<truncated>0</truncated>
		<difficult>0</difficult>
		<occluded>0</occluded>
		<bndbox>
			<xmin>197</xmin>
			<xmax>395</xmax>
			<ymin>125</ymin>
			<ymax>317</ymax>
		</bndbox>
	</object>
</annotation>
