<annotation>
	<folder></folder>
	<filename>1608647763_0_jpg.rf.479d6eaf04cca774401e7951c05f5e25.jpg</filename>
	<path>1608647763_0_jpg.rf.479d6eaf04cca774401e7951c05f5e25.jpg</path>
	<source>
		<database>roboflow.ai</database>
	</source>
	<size>
		<width>640</width>
		<height>480</height>
		<depth>3</depth>
	</size>
	<segmented>0</segmented>
	<object>
		<name>megot</name>
		<pose>Unspecified</pose>
		<truncated>0</truncated>
		<difficult>0</difficult>
		<occluded>0</occluded>
		<bndbox>
			<xmin>202</xmin>
			<xmax>421</xmax>
			<ymin>181</ymin>
			<ymax>320</ymax>
		</bndbox>
	</object>
</annotation>
