<annotation>
	<folder></folder>
	<filename>1608647239_jpg.rf.c8e4cf825fc545f73806d2bc02a75b19.jpg</filename>
	<path>1608647239_jpg.rf.c8e4cf825fc545f73806d2bc02a75b19.jpg</path>
	<source>
		<database>roboflow.ai</database>
	</source>
	<size>
		<width>640</width>
		<height>480</height>
		<depth>3</depth>
	</size>
	<segmented>0</segmented>
	<object>
		<name>megot</name>
		<pose>Unspecified</pose>
		<truncated>0</truncated>
		<difficult>0</difficult>
		<occluded>0</occluded>
		<bndbox>
			<xmin>233</xmin>
			<xmax>406</xmax>
			<ymin>188</ymin>
			<ymax>351</ymax>
		</bndbox>
	</object>
</annotation>
