<annotation>
	<folder></folder>
	<filename>1608647629_8_jpg.rf.cf91e0e39f0ee35ad8dd96d492e2828b.jpg</filename>
	<path>1608647629_8_jpg.rf.cf91e0e39f0ee35ad8dd96d492e2828b.jpg</path>
	<source>
		<database>roboflow.ai</database>
	</source>
	<size>
		<width>640</width>
		<height>480</height>
		<depth>3</depth>
	</size>
	<segmented>0</segmented>
	<object>
		<name>megot</name>
		<pose>Unspecified</pose>
		<truncated>0</truncated>
		<difficult>0</difficult>
		<occluded>0</occluded>
		<bndbox>
			<xmin>329</xmin>
			<xmax>457</xmax>
			<ymin>151</ymin>
			<ymax>380</ymax>
		</bndbox>
	</object>
</annotation>
