<annotation>
	<folder></folder>
	<filename>1608647586_2_jpg.rf.b2e96080dc2a16d3a5e62cfb2fbfaac6.jpg</filename>
	<path>1608647586_2_jpg.rf.b2e96080dc2a16d3a5e62cfb2fbfaac6.jpg</path>
	<source>
		<database>roboflow.ai</database>
	</source>
	<size>
		<width>640</width>
		<height>480</height>
		<depth>3</depth>
	</size>
	<segmented>0</segmented>
	<object>
		<name>megot</name>
		<pose>Unspecified</pose>
		<truncated>0</truncated>
		<difficult>0</difficult>
		<occluded>0</occluded>
		<bndbox>
			<xmin>193</xmin>
			<xmax>393</xmax>
			<ymin>1</ymin>
			<ymax>104</ymax>
		</bndbox>
	</object>
</annotation>
