<annotation>
	<folder></folder>
	<filename>1608647715_9_jpg.rf.4c140344b280647f298ec6890e7dcded.jpg</filename>
	<path>1608647715_9_jpg.rf.4c140344b280647f298ec6890e7dcded.jpg</path>
	<source>
		<database>roboflow.ai</database>
	</source>
	<size>
		<width>640</width>
		<height>480</height>
		<depth>3</depth>
	</size>
	<segmented>0</segmented>
	<object>
		<name>megot</name>
		<pose>Unspecified</pose>
		<truncated>0</truncated>
		<difficult>0</difficult>
		<occluded>0</occluded>
		<bndbox>
			<xmin>212</xmin>
			<xmax>370</xmax>
			<ymin>162</ymin>
			<ymax>337</ymax>
		</bndbox>
	</object>
</annotation>
