<annotation>
	<folder></folder>
	<filename>1608648103_2_jpg.rf.202a8e05fdcc096471904edb496e4e88.jpg</filename>
	<path>1608648103_2_jpg.rf.202a8e05fdcc096471904edb496e4e88.jpg</path>
	<source>
		<database>roboflow.ai</database>
	</source>
	<size>
		<width>640</width>
		<height>480</height>
		<depth>3</depth>
	</size>
	<segmented>0</segmented>
	<object>
		<name>megot</name>
		<pose>Unspecified</pose>
		<truncated>0</truncated>
		<difficult>0</difficult>
		<occluded>0</occluded>
		<bndbox>
			<xmin>268</xmin>
			<xmax>479</xmax>
			<ymin>28</ymin>
			<ymax>219</ymax>
		</bndbox>
	</object>
</annotation>
