<annotation>
	<folder></folder>
	<filename>1608645973_3_jpg.rf.dfa6051f5c3c9abcf501bc2842f8d470.jpg</filename>
	<path>1608645973_3_jpg.rf.dfa6051f5c3c9abcf501bc2842f8d470.jpg</path>
	<source>
		<database>roboflow.ai</database>
	</source>
	<size>
		<width>640</width>
		<height>480</height>
		<depth>3</depth>
	</size>
	<segmented>0</segmented>
	<object>
		<name>megot</name>
		<pose>Unspecified</pose>
		<truncated>0</truncated>
		<difficult>0</difficult>
		<occluded>0</occluded>
		<bndbox>
			<xmin>241</xmin>
			<xmax>430</xmax>
			<ymin>158</ymin>
			<ymax>363</ymax>
		</bndbox>
	</object>
</annotation>
