<annotation>
	<folder></folder>
	<filename>1608645513_5_jpg.rf.1aae63a7930664266db8ac08f7e82b93.jpg</filename>
	<path>1608645513_5_jpg.rf.1aae63a7930664266db8ac08f7e82b93.jpg</path>
	<source>
		<database>roboflow.ai</database>
	</source>
	<size>
		<width>640</width>
		<height>480</height>
		<depth>3</depth>
	</size>
	<segmented>0</segmented>
	<object>
		<name>megot</name>
		<pose>Unspecified</pose>
		<truncated>0</truncated>
		<difficult>0</difficult>
		<occluded>0</occluded>
		<bndbox>
			<xmin>262</xmin>
			<xmax>348</xmax>
			<ymin>94</ymin>
			<ymax>298</ymax>
		</bndbox>
	</object>
</annotation>
