<annotation>
	<folder></folder>
	<filename>1608645624_9_jpg.rf.caf5f475e14e6f7d9d81e3119b14f7a1.jpg</filename>
	<path>1608645624_9_jpg.rf.caf5f475e14e6f7d9d81e3119b14f7a1.jpg</path>
	<source>
		<database>roboflow.ai</database>
	</source>
	<size>
		<width>640</width>
		<height>480</height>
		<depth>3</depth>
	</size>
	<segmented>0</segmented>
	<object>
		<name>megot</name>
		<pose>Unspecified</pose>
		<truncated>0</truncated>
		<difficult>0</difficult>
		<occluded>0</occluded>
		<bndbox>
			<xmin>214</xmin>
			<xmax>381</xmax>
			<ymin>179</ymin>
			<ymax>331</ymax>
		</bndbox>
	</object>
</annotation>
