<annotation>
	<folder></folder>
	<filename>1608647397_1_jpg.rf.dbc212e57fd23d5f16cace2d931b99fd.jpg</filename>
	<path>1608647397_1_jpg.rf.dbc212e57fd23d5f16cace2d931b99fd.jpg</path>
	<source>
		<database>roboflow.ai</database>
	</source>
	<size>
		<width>640</width>
		<height>480</height>
		<depth>3</depth>
	</size>
	<segmented>0</segmented>
	<object>
		<name>megot</name>
		<pose>Unspecified</pose>
		<truncated>0</truncated>
		<difficult>0</difficult>
		<occluded>0</occluded>
		<bndbox>
			<xmin>168</xmin>
			<xmax>396</xmax>
			<ymin>140</ymin>
			<ymax>286</ymax>
		</bndbox>
	</object>
</annotation>
