<annotation>
	<folder></folder>
	<filename>1608645800_8_jpg.rf.9e27c8eb2562fb1b56aad0403829d23b.jpg</filename>
	<path>1608645800_8_jpg.rf.9e27c8eb2562fb1b56aad0403829d23b.jpg</path>
	<source>
		<database>roboflow.ai</database>
	</source>
	<size>
		<width>640</width>
		<height>480</height>
		<depth>3</depth>
	</size>
	<segmented>0</segmented>
	<object>
		<name>megot</name>
		<pose>Unspecified</pose>
		<truncated>0</truncated>
		<difficult>0</difficult>
		<occluded>0</occluded>
		<bndbox>
			<xmin>205</xmin>
			<xmax>339</xmax>
			<ymin>5</ymin>
			<ymax>320</ymax>
		</bndbox>
	</object>
</annotation>
