<annotation>
	<folder></folder>
	<filename>1608645855_5_jpg.rf.936a92475d8716dfcb7d47f0a8c8f85e.jpg</filename>
	<path>1608645855_5_jpg.rf.936a92475d8716dfcb7d47f0a8c8f85e.jpg</path>
	<source>
		<database>roboflow.ai</database>
	</source>
	<size>
		<width>640</width>
		<height>480</height>
		<depth>3</depth>
	</size>
	<segmented>0</segmented>
	<object>
		<name>megot</name>
		<pose>Unspecified</pose>
		<truncated>0</truncated>
		<difficult>0</difficult>
		<occluded>0</occluded>
		<bndbox>
			<xmin>105</xmin>
			<xmax>277</xmax>
			<ymin>259</ymin>
			<ymax>407</ymax>
		</bndbox>
	</object>
</annotation>
