<annotation>
	<folder></folder>
	<filename>1608645577_0_jpg.rf.c7a4e165271024d0d5423cbe024df62f.jpg</filename>
	<path>1608645577_0_jpg.rf.c7a4e165271024d0d5423cbe024df62f.jpg</path>
	<source>
		<database>roboflow.ai</database>
	</source>
	<size>
		<width>640</width>
		<height>480</height>
		<depth>3</depth>
	</size>
	<segmented>0</segmented>
	<object>
		<name>megot</name>
		<pose>Unspecified</pose>
		<truncated>0</truncated>
		<difficult>0</difficult>
		<occluded>0</occluded>
		<bndbox>
			<xmin>300</xmin>
			<xmax>474</xmax>
			<ymin>183</ymin>
			<ymax>402</ymax>
		</bndbox>
	</object>
</annotation>
