<annotation>
	<folder></folder>
	<filename>1608645649_1_jpg.rf.79f48ef0eb370188e918c313ca2a63f1.jpg</filename>
	<path>1608645649_1_jpg.rf.79f48ef0eb370188e918c313ca2a63f1.jpg</path>
	<source>
		<database>roboflow.ai</database>
	</source>
	<size>
		<width>640</width>
		<height>480</height>
		<depth>3</depth>
	</size>
	<segmented>0</segmented>
	<object>
		<name>megot</name>
		<pose>Unspecified</pose>
		<truncated>0</truncated>
		<difficult>0</difficult>
		<occluded>0</occluded>
		<bndbox>
			<xmin>191</xmin>
			<xmax>346</xmax>
			<ymin>148</ymin>
			<ymax>313</ymax>
		</bndbox>
	</object>
</annotation>
