<annotation>
	<folder></folder>
	<filename>1608645962_4_jpg.rf.73337aa2007b669e257b7d19578fa00e.jpg</filename>
	<path>1608645962_4_jpg.rf.73337aa2007b669e257b7d19578fa00e.jpg</path>
	<source>
		<database>roboflow.ai</database>
	</source>
	<size>
		<width>640</width>
		<height>480</height>
		<depth>3</depth>
	</size>
	<segmented>0</segmented>
	<object>
		<name>megot</name>
		<pose>Unspecified</pose>
		<truncated>0</truncated>
		<difficult>0</difficult>
		<occluded>0</occluded>
		<bndbox>
			<xmin>230</xmin>
			<xmax>441</xmax>
			<ymin>154</ymin>
			<ymax>318</ymax>
		</bndbox>
	</object>
</annotation>
