<annotation>
	<folder></folder>
	<filename>1608648135_1_jpg.rf.2a0abe20be20e1742eac0c6027ad9bac.jpg</filename>
	<path>1608648135_1_jpg.rf.2a0abe20be20e1742eac0c6027ad9bac.jpg</path>
	<source>
		<database>roboflow.ai</database>
	</source>
	<size>
		<width>640</width>
		<height>480</height>
		<depth>3</depth>
	</size>
	<segmented>0</segmented>
	<object>
		<name>megot</name>
		<pose>Unspecified</pose>
		<truncated>0</truncated>
		<difficult>0</difficult>
		<occluded>0</occluded>
		<bndbox>
			<xmin>333</xmin>
			<xmax>426</xmax>
			<ymin>1</ymin>
			<ymax>151</ymax>
		</bndbox>
	</object>
</annotation>
