<annotation>
	<folder></folder>
	<filename>1608647918_3_jpg.rf.e4fe3a58db48aebb4e26cba47c747122.jpg</filename>
	<path>1608647918_3_jpg.rf.e4fe3a58db48aebb4e26cba47c747122.jpg</path>
	<source>
		<database>roboflow.ai</database>
	</source>
	<size>
		<width>640</width>
		<height>480</height>
		<depth>3</depth>
	</size>
	<segmented>0</segmented>
	<object>
		<name>megot</name>
		<pose>Unspecified</pose>
		<truncated>0</truncated>
		<difficult>0</difficult>
		<occluded>0</occluded>
		<bndbox>
			<xmin>236</xmin>
			<xmax>360</xmax>
			<ymin>156</ymin>
			<ymax>324</ymax>
		</bndbox>
	</object>
</annotation>
