<annotation>
	<folder></folder>
	<filename>1608645564_4_jpg.rf.7af1c56d39c1c8ea2ed8580db2b8865a.jpg</filename>
	<path>1608645564_4_jpg.rf.7af1c56d39c1c8ea2ed8580db2b8865a.jpg</path>
	<source>
		<database>roboflow.ai</database>
	</source>
	<size>
		<width>640</width>
		<height>480</height>
		<depth>3</depth>
	</size>
	<segmented>0</segmented>
	<object>
		<name>megot</name>
		<pose>Unspecified</pose>
		<truncated>0</truncated>
		<difficult>0</difficult>
		<occluded>0</occluded>
		<bndbox>
			<xmin>235</xmin>
			<xmax>466</xmax>
			<ymin>142</ymin>
			<ymax>270</ymax>
		</bndbox>
	</object>
</annotation>
