<annotation>
	<folder></folder>
	<filename>1608647802_2_jpg.rf.85b3283d90d49f2126457d7f20ca698b.jpg</filename>
	<path>1608647802_2_jpg.rf.85b3283d90d49f2126457d7f20ca698b.jpg</path>
	<source>
		<database>roboflow.ai</database>
	</source>
	<size>
		<width>640</width>
		<height>480</height>
		<depth>3</depth>
	</size>
	<segmented>0</segmented>
	<object>
		<name>megot</name>
		<pose>Unspecified</pose>
		<truncated>0</truncated>
		<difficult>0</difficult>
		<occluded>0</occluded>
		<bndbox>
			<xmin>214</xmin>
			<xmax>423</xmax>
			<ymin>250</ymin>
			<ymax>353</ymax>
		</bndbox>
	</object>
</annotation>
