<annotation>
	<folder></folder>
	<filename>1608647593_4_jpg.rf.3111a2c08b64b6e8ec72737cc0f56fcc.jpg</filename>
	<path>1608647593_4_jpg.rf.3111a2c08b64b6e8ec72737cc0f56fcc.jpg</path>
	<source>
		<database>roboflow.ai</database>
	</source>
	<size>
		<width>640</width>
		<height>480</height>
		<depth>3</depth>
	</size>
	<segmented>0</segmented>
	<object>
		<name>megot</name>
		<pose>Unspecified</pose>
		<truncated>0</truncated>
		<difficult>0</difficult>
		<occluded>0</occluded>
		<bndbox>
			<xmin>279</xmin>
			<xmax>480</xmax>
			<ymin>139</ymin>
			<ymax>244</ymax>
		</bndbox>
	</object>
</annotation>
