<annotation>
	<folder></folder>
	<filename>1608647288_1_jpg.rf.036863b8fa1c27a68de0e0cb5b22ec90.jpg</filename>
	<path>1608647288_1_jpg.rf.036863b8fa1c27a68de0e0cb5b22ec90.jpg</path>
	<source>
		<database>roboflow.ai</database>
	</source>
	<size>
		<width>640</width>
		<height>480</height>
		<depth>3</depth>
	</size>
	<segmented>0</segmented>
	<object>
		<name>megot</name>
		<pose>Unspecified</pose>
		<truncated>0</truncated>
		<difficult>0</difficult>
		<occluded>0</occluded>
		<bndbox>
			<xmin>206</xmin>
			<xmax>398</xmax>
			<ymin>187</ymin>
			<ymax>311</ymax>
		</bndbox>
	</object>
</annotation>
