<annotation>
	<folder></folder>
	<filename>1608645973_7_jpg.rf.fa1d218352e453e192da4d0439840cdb.jpg</filename>
	<path>1608645973_7_jpg.rf.fa1d218352e453e192da4d0439840cdb.jpg</path>
	<source>
		<database>roboflow.ai</database>
	</source>
	<size>
		<width>640</width>
		<height>480</height>
		<depth>3</depth>
	</size>
	<segmented>0</segmented>
	<object>
		<name>megot</name>
		<pose>Unspecified</pose>
		<truncated>0</truncated>
		<difficult>0</difficult>
		<occluded>0</occluded>
		<bndbox>
			<xmin>252</xmin>
			<xmax>438</xmax>
			<ymin>155</ymin>
			<ymax>363</ymax>
		</bndbox>
	</object>
</annotation>
