<annotation>
	<folder></folder>
	<filename>1608647099_1_jpg.rf.28f69f00a8e773be63fea1fd12b4f51f.jpg</filename>
	<path>1608647099_1_jpg.rf.28f69f00a8e773be63fea1fd12b4f51f.jpg</path>
	<source>
		<database>roboflow.ai</database>
	</source>
	<size>
		<width>640</width>
		<height>480</height>
		<depth>3</depth>
	</size>
	<segmented>0</segmented>
	<object>
		<name>megot</name>
		<pose>Unspecified</pose>
		<truncated>0</truncated>
		<difficult>0</difficult>
		<occluded>0</occluded>
		<bndbox>
			<xmin>217</xmin>
			<xmax>500</xmax>
			<ymin>85</ymin>
			<ymax>236</ymax>
		</bndbox>
	</object>
</annotation>
