<annotation>
	<folder></folder>
	<filename>1608645310_4_jpg.rf.26ea3173da473be2444fbe2359c66d84.jpg</filename>
	<path>1608645310_4_jpg.rf.26ea3173da473be2444fbe2359c66d84.jpg</path>
	<source>
		<database>roboflow.ai</database>
	</source>
	<size>
		<width>640</width>
		<height>480</height>
		<depth>3</depth>
	</size>
	<segmented>0</segmented>
	<object>
		<name>megot</name>
		<pose>Unspecified</pose>
		<truncated>0</truncated>
		<difficult>0</difficult>
		<occluded>0</occluded>
		<bndbox>
			<xmin>178</xmin>
			<xmax>411</xmax>
			<ymin>158</ymin>
			<ymax>315</ymax>
		</bndbox>
	</object>
</annotation>
