<annotation>
	<folder></folder>
	<filename>1608645897_4_jpg.rf.8aced527f74cd318f3b70c13167b42f1.jpg</filename>
	<path>1608645897_4_jpg.rf.8aced527f74cd318f3b70c13167b42f1.jpg</path>
	<source>
		<database>roboflow.ai</database>
	</source>
	<size>
		<width>640</width>
		<height>480</height>
		<depth>3</depth>
	</size>
	<segmented>0</segmented>
	<object>
		<name>megot</name>
		<pose>Unspecified</pose>
		<truncated>0</truncated>
		<difficult>0</difficult>
		<occluded>0</occluded>
		<bndbox>
			<xmin>240</xmin>
			<xmax>357</xmax>
			<ymin>261</ymin>
			<ymax>439</ymax>
		</bndbox>
	</object>
</annotation>
