<annotation>
	<folder></folder>
	<filename>1608647586_8_jpg.rf.38d36748c665dbe672f1cb291be8e6a7.jpg</filename>
	<path>1608647586_8_jpg.rf.38d36748c665dbe672f1cb291be8e6a7.jpg</path>
	<source>
		<database>roboflow.ai</database>
	</source>
	<size>
		<width>640</width>
		<height>480</height>
		<depth>3</depth>
	</size>
	<segmented>0</segmented>
	<object>
		<name>megot</name>
		<pose>Unspecified</pose>
		<truncated>0</truncated>
		<difficult>0</difficult>
		<occluded>0</occluded>
		<bndbox>
			<xmin>255</xmin>
			<xmax>442</xmax>
			<ymin>379</ymin>
			<ymax>479</ymax>
		</bndbox>
	</object>
</annotation>
