<annotation>
	<folder></folder>
	<filename>1608647397_3_jpg.rf.79ce21f7097651535eeb0a3338d3fef0.jpg</filename>
	<path>1608647397_3_jpg.rf.79ce21f7097651535eeb0a3338d3fef0.jpg</path>
	<source>
		<database>roboflow.ai</database>
	</source>
	<size>
		<width>640</width>
		<height>480</height>
		<depth>3</depth>
	</size>
	<segmented>0</segmented>
	<object>
		<name>megot</name>
		<pose>Unspecified</pose>
		<truncated>0</truncated>
		<difficult>0</difficult>
		<occluded>0</occluded>
		<bndbox>
			<xmin>224</xmin>
			<xmax>453</xmax>
			<ymin>188</ymin>
			<ymax>353</ymax>
		</bndbox>
	</object>
</annotation>
