<annotation>
	<folder></folder>
	<filename>1608646996_jpg.rf.3c0e0b2935a4996837615cdcc559b823.jpg</filename>
	<path>1608646996_jpg.rf.3c0e0b2935a4996837615cdcc559b823.jpg</path>
	<source>
		<database>roboflow.ai</database>
	</source>
	<size>
		<width>640</width>
		<height>480</height>
		<depth>3</depth>
	</size>
	<segmented>0</segmented>
	<object>
		<name>megot</name>
		<pose>Unspecified</pose>
		<truncated>0</truncated>
		<difficult>0</difficult>
		<occluded>0</occluded>
		<bndbox>
			<xmin>227</xmin>
			<xmax>346</xmax>
			<ymin>137</ymin>
			<ymax>339</ymax>
		</bndbox>
	</object>
</annotation>
