<annotation>
	<folder></folder>
	<filename>1608647113_0_jpg.rf.205f5ff02678a97fe6d2ee08cb2ea0d3.jpg</filename>
	<path>1608647113_0_jpg.rf.205f5ff02678a97fe6d2ee08cb2ea0d3.jpg</path>
	<source>
		<database>roboflow.ai</database>
	</source>
	<size>
		<width>640</width>
		<height>480</height>
		<depth>3</depth>
	</size>
	<segmented>0</segmented>
	<object>
		<name>megot</name>
		<pose>Unspecified</pose>
		<truncated>0</truncated>
		<difficult>0</difficult>
		<occluded>0</occluded>
		<bndbox>
			<xmin>150</xmin>
			<xmax>409</xmax>
			<ymin>92</ymin>
			<ymax>353</ymax>
		</bndbox>
	</object>
</annotation>
