<annotation>
	<folder></folder>
	<filename>1608645924_7_jpg.rf.acfebbbd072ecda0fe791376e775237d.jpg</filename>
	<path>1608645924_7_jpg.rf.acfebbbd072ecda0fe791376e775237d.jpg</path>
	<source>
		<database>roboflow.ai</database>
	</source>
	<size>
		<width>640</width>
		<height>480</height>
		<depth>3</depth>
	</size>
	<segmented>0</segmented>
	<object>
		<name>megot</name>
		<pose>Unspecified</pose>
		<truncated>0</truncated>
		<difficult>0</difficult>
		<occluded>0</occluded>
		<bndbox>
			<xmin>248</xmin>
			<xmax>358</xmax>
			<ymin>238</ymin>
			<ymax>355</ymax>
		</bndbox>
	</object>
</annotation>
