<annotation>
	<folder></folder>
	<filename>1608646890_jpg.rf.6b8da6783ca6bf51cfd899299292907b.jpg</filename>
	<path>1608646890_jpg.rf.6b8da6783ca6bf51cfd899299292907b.jpg</path>
	<source>
		<database>roboflow.ai</database>
	</source>
	<size>
		<width>640</width>
		<height>480</height>
		<depth>3</depth>
	</size>
	<segmented>0</segmented>
	<object>
		<name>megot</name>
		<pose>Unspecified</pose>
		<truncated>0</truncated>
		<difficult>0</difficult>
		<occluded>0</occluded>
		<bndbox>
			<xmin>141</xmin>
			<xmax>354</xmax>
			<ymin>174</ymin>
			<ymax>328</ymax>
		</bndbox>
	</object>
</annotation>
