<annotation>
	<folder></folder>
	<filename>1608647639_6_jpg.rf.d5f2b40ee0fba2d195b00213d7f3315b.jpg</filename>
	<path>1608647639_6_jpg.rf.d5f2b40ee0fba2d195b00213d7f3315b.jpg</path>
	<source>
		<database>roboflow.ai</database>
	</source>
	<size>
		<width>640</width>
		<height>480</height>
		<depth>3</depth>
	</size>
	<segmented>0</segmented>
	<object>
		<name>megot</name>
		<pose>Unspecified</pose>
		<truncated>0</truncated>
		<difficult>0</difficult>
		<occluded>0</occluded>
		<bndbox>
			<xmin>168</xmin>
			<xmax>387</xmax>
			<ymin>144</ymin>
			<ymax>265</ymax>
		</bndbox>
	</object>
</annotation>
