<annotation>
	<folder></folder>
	<filename>1608644746_7_jpg.rf.503f431921c12efe8eb9492761363b2c.jpg</filename>
	<path>1608644746_7_jpg.rf.503f431921c12efe8eb9492761363b2c.jpg</path>
	<source>
		<database>roboflow.ai</database>
	</source>
	<size>
		<width>640</width>
		<height>480</height>
		<depth>3</depth>
	</size>
	<segmented>0</segmented>
	<object>
		<name>megot</name>
		<pose>Unspecified</pose>
		<truncated>0</truncated>
		<difficult>0</difficult>
		<occluded>0</occluded>
		<bndbox>
			<xmin>253</xmin>
			<xmax>387</xmax>
			<ymin>192</ymin>
			<ymax>370</ymax>
		</bndbox>
	</object>
</annotation>
