<annotation>
	<folder></folder>
	<filename>1608645179_1_jpg.rf.7a5329a9edcd8e80e7ad5cdc57a68b2f.jpg</filename>
	<path>1608645179_1_jpg.rf.7a5329a9edcd8e80e7ad5cdc57a68b2f.jpg</path>
	<source>
		<database>roboflow.ai</database>
	</source>
	<size>
		<width>640</width>
		<height>480</height>
		<depth>3</depth>
	</size>
	<segmented>0</segmented>
	<object>
		<name>megot</name>
		<pose>Unspecified</pose>
		<truncated>0</truncated>
		<difficult>0</difficult>
		<occluded>0</occluded>
		<bndbox>
			<xmin>147</xmin>
			<xmax>390</xmax>
			<ymin>311</ymin>
			<ymax>446</ymax>
		</bndbox>
	</object>
</annotation>
