<annotation>
	<folder></folder>
	<filename>1608647473_0_jpg.rf.ae0f1e183bb08a9cd9d75c7d55ef4ee2.jpg</filename>
	<path>1608647473_0_jpg.rf.ae0f1e183bb08a9cd9d75c7d55ef4ee2.jpg</path>
	<source>
		<database>roboflow.ai</database>
	</source>
	<size>
		<width>640</width>
		<height>480</height>
		<depth>3</depth>
	</size>
	<segmented>0</segmented>
	<object>
		<name>megot</name>
		<pose>Unspecified</pose>
		<truncated>0</truncated>
		<difficult>0</difficult>
		<occluded>0</occluded>
		<bndbox>
			<xmin>254</xmin>
			<xmax>377</xmax>
			<ymin>233</ymin>
			<ymax>479</ymax>
		</bndbox>
	</object>
</annotation>
