<annotation>
	<folder></folder>
	<filename>1608648016_4_jpg.rf.1ec043c260042ad4193b0098748529f7.jpg</filename>
	<path>1608648016_4_jpg.rf.1ec043c260042ad4193b0098748529f7.jpg</path>
	<source>
		<database>roboflow.ai</database>
	</source>
	<size>
		<width>640</width>
		<height>480</height>
		<depth>3</depth>
	</size>
	<segmented>0</segmented>
	<object>
		<name>megot</name>
		<pose>Unspecified</pose>
		<truncated>0</truncated>
		<difficult>0</difficult>
		<occluded>0</occluded>
		<bndbox>
			<xmin>298</xmin>
			<xmax>427</xmax>
			<ymin>63</ymin>
			<ymax>272</ymax>
		</bndbox>
	</object>
</annotation>
