<annotation>
	<folder></folder>
	<filename>1608645877_0_jpg.rf.a09741f65d065b8e86c19a5b95269aae.jpg</filename>
	<path>1608645877_0_jpg.rf.a09741f65d065b8e86c19a5b95269aae.jpg</path>
	<source>
		<database>roboflow.ai</database>
	</source>
	<size>
		<width>640</width>
		<height>480</height>
		<depth>3</depth>
	</size>
	<segmented>0</segmented>
	<object>
		<name>megot</name>
		<pose>Unspecified</pose>
		<truncated>0</truncated>
		<difficult>0</difficult>
		<occluded>0</occluded>
		<bndbox>
			<xmin>269</xmin>
			<xmax>457</xmax>
			<ymin>169</ymin>
			<ymax>329</ymax>
		</bndbox>
	</object>
</annotation>
