<annotation>
	<folder></folder>
	<filename>1608647944_3_jpg.rf.b70168f1d0a8b3cc254f259e1d31ca62.jpg</filename>
	<path>1608647944_3_jpg.rf.b70168f1d0a8b3cc254f259e1d31ca62.jpg</path>
	<source>
		<database>roboflow.ai</database>
	</source>
	<size>
		<width>640</width>
		<height>480</height>
		<depth>3</depth>
	</size>
	<segmented>0</segmented>
	<object>
		<name>megot</name>
		<pose>Unspecified</pose>
		<truncated>0</truncated>
		<difficult>0</difficult>
		<occluded>0</occluded>
		<bndbox>
			<xmin>256</xmin>
			<xmax>418</xmax>
			<ymin>211</ymin>
			<ymax>348</ymax>
		</bndbox>
	</object>
</annotation>
