<annotation>
	<folder></folder>
	<filename>1608647226_1_jpg.rf.e14155e62a8123f2200a6e3312e47b77.jpg</filename>
	<path>1608647226_1_jpg.rf.e14155e62a8123f2200a6e3312e47b77.jpg</path>
	<source>
		<database>roboflow.ai</database>
	</source>
	<size>
		<width>640</width>
		<height>480</height>
		<depth>3</depth>
	</size>
	<segmented>0</segmented>
	<object>
		<name>megot</name>
		<pose>Unspecified</pose>
		<truncated>0</truncated>
		<difficult>0</difficult>
		<occluded>0</occluded>
		<bndbox>
			<xmin>198</xmin>
			<xmax>359</xmax>
			<ymin>24</ymin>
			<ymax>191</ymax>
		</bndbox>
	</object>
</annotation>
