<annotation>
	<folder></folder>
	<filename>1608645800_9_jpg.rf.da634f3abc1f590ed8d6c0d6aa9137ce.jpg</filename>
	<path>1608645800_9_jpg.rf.da634f3abc1f590ed8d6c0d6aa9137ce.jpg</path>
	<source>
		<database>roboflow.ai</database>
	</source>
	<size>
		<width>640</width>
		<height>480</height>
		<depth>3</depth>
	</size>
	<segmented>0</segmented>
	<object>
		<name>megot</name>
		<pose>Unspecified</pose>
		<truncated>0</truncated>
		<difficult>0</difficult>
		<occluded>0</occluded>
		<bndbox>
			<xmin>306</xmin>
			<xmax>456</xmax>
			<ymin>30</ymin>
			<ymax>342</ymax>
		</bndbox>
	</object>
</annotation>
