<annotation>
	<folder></folder>
	<filename>1608647903_6_jpg.rf.896b3fd9e5e97b4b4abd3de11681dc78.jpg</filename>
	<path>1608647903_6_jpg.rf.896b3fd9e5e97b4b4abd3de11681dc78.jpg</path>
	<source>
		<database>roboflow.ai</database>
	</source>
	<size>
		<width>640</width>
		<height>480</height>
		<depth>3</depth>
	</size>
	<segmented>0</segmented>
	<object>
		<name>megot</name>
		<pose>Unspecified</pose>
		<truncated>0</truncated>
		<difficult>0</difficult>
		<occluded>0</occluded>
		<bndbox>
			<xmin>266</xmin>
			<xmax>346</xmax>
			<ymin>155</ymin>
			<ymax>307</ymax>
		</bndbox>
	</object>
</annotation>
