<annotation>
	<folder></folder>
	<filename>1608645760_2_jpg.rf.f3e7a6f82410de1621c63e578b616bff.jpg</filename>
	<path>1608645760_2_jpg.rf.f3e7a6f82410de1621c63e578b616bff.jpg</path>
	<source>
		<database>roboflow.ai</database>
	</source>
	<size>
		<width>640</width>
		<height>480</height>
		<depth>3</depth>
	</size>
	<segmented>0</segmented>
	<object>
		<name>megot</name>
		<pose>Unspecified</pose>
		<truncated>0</truncated>
		<difficult>0</difficult>
		<occluded>0</occluded>
		<bndbox>
			<xmin>351</xmin>
			<xmax>453</xmax>
			<ymin>176</ymin>
			<ymax>405</ymax>
		</bndbox>
	</object>
</annotation>
