<annotation>
	<folder></folder>
	<filename>1608647715_2_jpg.rf.24cd72fc09040a6488a5dd9c3dffbbee.jpg</filename>
	<path>1608647715_2_jpg.rf.24cd72fc09040a6488a5dd9c3dffbbee.jpg</path>
	<source>
		<database>roboflow.ai</database>
	</source>
	<size>
		<width>640</width>
		<height>480</height>
		<depth>3</depth>
	</size>
	<segmented>0</segmented>
	<object>
		<name>megot</name>
		<pose>Unspecified</pose>
		<truncated>0</truncated>
		<difficult>0</difficult>
		<occluded>0</occluded>
		<bndbox>
			<xmin>291</xmin>
			<xmax>457</xmax>
			<ymin>165</ymin>
			<ymax>332</ymax>
		</bndbox>
	</object>
</annotation>
