<annotation>
	<folder></folder>
	<filename>1608647426_1_jpg.rf.17a1a7add4e34f7e45b168f20e77946f.jpg</filename>
	<path>1608647426_1_jpg.rf.17a1a7add4e34f7e45b168f20e77946f.jpg</path>
	<source>
		<database>roboflow.ai</database>
	</source>
	<size>
		<width>640</width>
		<height>480</height>
		<depth>3</depth>
	</size>
	<segmented>0</segmented>
	<object>
		<name>megot</name>
		<pose>Unspecified</pose>
		<truncated>0</truncated>
		<difficult>0</difficult>
		<occluded>0</occluded>
		<bndbox>
			<xmin>177</xmin>
			<xmax>374</xmax>
			<ymin>116</ymin>
			<ymax>290</ymax>
		</bndbox>
	</object>
</annotation>
