<annotation>
	<folder></folder>
	<filename>1608647544_0_jpg.rf.dedc3138486297c5ddd943d940591861.jpg</filename>
	<path>1608647544_0_jpg.rf.dedc3138486297c5ddd943d940591861.jpg</path>
	<source>
		<database>roboflow.ai</database>
	</source>
	<size>
		<width>640</width>
		<height>480</height>
		<depth>3</depth>
	</size>
	<segmented>0</segmented>
	<object>
		<name>megot</name>
		<pose>Unspecified</pose>
		<truncated>0</truncated>
		<difficult>0</difficult>
		<occluded>0</occluded>
		<bndbox>
			<xmin>190</xmin>
			<xmax>351</xmax>
			<ymin>279</ymin>
			<ymax>450</ymax>
		</bndbox>
	</object>
</annotation>
