<annotation>
	<folder></folder>
	<filename>1608647984_jpg.rf.b0877059b17b4395506e4fc3c14bf217.jpg</filename>
	<path>1608647984_jpg.rf.b0877059b17b4395506e4fc3c14bf217.jpg</path>
	<source>
		<database>roboflow.ai</database>
	</source>
	<size>
		<width>640</width>
		<height>480</height>
		<depth>3</depth>
	</size>
	<segmented>0</segmented>
	<object>
		<name>megot</name>
		<pose>Unspecified</pose>
		<truncated>0</truncated>
		<difficult>0</difficult>
		<occluded>0</occluded>
		<bndbox>
			<xmin>262</xmin>
			<xmax>433</xmax>
			<ymin>155</ymin>
			<ymax>320</ymax>
		</bndbox>
	</object>
</annotation>
