<annotation>
	<folder></folder>
	<filename>1608647662_6_jpg.rf.b25c2fa3ce38686255c8c0022a243140.jpg</filename>
	<path>1608647662_6_jpg.rf.b25c2fa3ce38686255c8c0022a243140.jpg</path>
	<source>
		<database>roboflow.ai</database>
	</source>
	<size>
		<width>640</width>
		<height>480</height>
		<depth>3</depth>
	</size>
	<segmented>0</segmented>
	<object>
		<name>megot</name>
		<pose>Unspecified</pose>
		<truncated>0</truncated>
		<difficult>0</difficult>
		<occluded>0</occluded>
		<bndbox>
			<xmin>278</xmin>
			<xmax>463</xmax>
			<ymin>171</ymin>
			<ymax>392</ymax>
		</bndbox>
	</object>
</annotation>
