<annotation>
	<folder></folder>
	<filename>1608645788_6_jpg.rf.24293613577be9f1ad6848084096ecc1.jpg</filename>
	<path>1608645788_6_jpg.rf.24293613577be9f1ad6848084096ecc1.jpg</path>
	<source>
		<database>roboflow.ai</database>
	</source>
	<size>
		<width>640</width>
		<height>480</height>
		<depth>3</depth>
	</size>
	<segmented>0</segmented>
	<object>
		<name>megot</name>
		<pose>Unspecified</pose>
		<truncated>0</truncated>
		<difficult>0</difficult>
		<occluded>0</occluded>
		<bndbox>
			<xmin>204</xmin>
			<xmax>331</xmax>
			<ymin>20</ymin>
			<ymax>202</ymax>
		</bndbox>
	</object>
</annotation>
