<annotation>
	<folder></folder>
	<filename>1608644703_2_jpg.rf.2cdedcffc999cbdd4f768f6dfde71764.jpg</filename>
	<path>1608644703_2_jpg.rf.2cdedcffc999cbdd4f768f6dfde71764.jpg</path>
	<source>
		<database>roboflow.ai</database>
	</source>
	<size>
		<width>640</width>
		<height>480</height>
		<depth>3</depth>
	</size>
	<segmented>0</segmented>
	<object>
		<name>megot</name>
		<pose>Unspecified</pose>
		<truncated>0</truncated>
		<difficult>0</difficult>
		<occluded>0</occluded>
		<bndbox>
			<xmin>240</xmin>
			<xmax>377</xmax>
			<ymin>201</ymin>
			<ymax>391</ymax>
		</bndbox>
	</object>
</annotation>
