<annotation>
	<folder></folder>
	<filename>1608647045_jpg.rf.c83f208f3a073f58e489ea57fe00ffdd.jpg</filename>
	<path>1608647045_jpg.rf.c83f208f3a073f58e489ea57fe00ffdd.jpg</path>
	<source>
		<database>roboflow.ai</database>
	</source>
	<size>
		<width>640</width>
		<height>480</height>
		<depth>3</depth>
	</size>
	<segmented>0</segmented>
	<object>
		<name>megot</name>
		<pose>Unspecified</pose>
		<truncated>0</truncated>
		<difficult>0</difficult>
		<occluded>0</occluded>
		<bndbox>
			<xmin>198</xmin>
			<xmax>326</xmax>
			<ymin>117</ymin>
			<ymax>233</ymax>
		</bndbox>
	</object>
</annotation>
