<annotation>
	<folder></folder>
	<filename>1608645788_jpg.rf.6ce947af470a51038287a6a07a3b95fe.jpg</filename>
	<path>1608645788_jpg.rf.6ce947af470a51038287a6a07a3b95fe.jpg</path>
	<source>
		<database>roboflow.ai</database>
	</source>
	<size>
		<width>640</width>
		<height>480</height>
		<depth>3</depth>
	</size>
	<segmented>0</segmented>
	<object>
		<name>megot</name>
		<pose>Unspecified</pose>
		<truncated>0</truncated>
		<difficult>0</difficult>
		<occluded>0</occluded>
		<bndbox>
			<xmin>198</xmin>
			<xmax>327</xmax>
			<ymin>298</ymin>
			<ymax>480</ymax>
		</bndbox>
	</object>
</annotation>
