<annotation>
	<folder></folder>
	<filename>1608647918_6_jpg.rf.497dfbba58ec063fcca551b9502cca92.jpg</filename>
	<path>1608647918_6_jpg.rf.497dfbba58ec063fcca551b9502cca92.jpg</path>
	<source>
		<database>roboflow.ai</database>
	</source>
	<size>
		<width>640</width>
		<height>480</height>
		<depth>3</depth>
	</size>
	<segmented>0</segmented>
	<object>
		<name>megot</name>
		<pose>Unspecified</pose>
		<truncated>0</truncated>
		<difficult>0</difficult>
		<occluded>0</occluded>
		<bndbox>
			<xmin>297</xmin>
			<xmax>421</xmax>
			<ymin>163</ymin>
			<ymax>328</ymax>
		</bndbox>
	</object>
</annotation>
