<annotation>
	<folder></folder>
	<filename>1608647709_1_jpg.rf.cd20a46969cf845ba4d560f44c21b38f.jpg</filename>
	<path>1608647709_1_jpg.rf.cd20a46969cf845ba4d560f44c21b38f.jpg</path>
	<source>
		<database>roboflow.ai</database>
	</source>
	<size>
		<width>640</width>
		<height>480</height>
		<depth>3</depth>
	</size>
	<segmented>0</segmented>
	<object>
		<name>megot</name>
		<pose>Unspecified</pose>
		<truncated>0</truncated>
		<difficult>0</difficult>
		<occluded>0</occluded>
		<bndbox>
			<xmin>131</xmin>
			<xmax>298</xmax>
			<ymin>170</ymin>
			<ymax>348</ymax>
		</bndbox>
	</object>
</annotation>
