<annotation>
	<folder></folder>
	<filename>1608645649_8_jpg.rf.9ed3a9d533ca0a07c204ffa7de198f83.jpg</filename>
	<path>1608645649_8_jpg.rf.9ed3a9d533ca0a07c204ffa7de198f83.jpg</path>
	<source>
		<database>roboflow.ai</database>
	</source>
	<size>
		<width>640</width>
		<height>480</height>
		<depth>3</depth>
	</size>
	<segmented>0</segmented>
	<object>
		<name>megot</name>
		<pose>Unspecified</pose>
		<truncated>0</truncated>
		<difficult>0</difficult>
		<occluded>0</occluded>
		<bndbox>
			<xmin>289</xmin>
			<xmax>446</xmax>
			<ymin>147</ymin>
			<ymax>314</ymax>
		</bndbox>
	</object>
</annotation>
