<annotation>
	<folder></folder>
	<filename>1608647418_6_jpg.rf.3fb685e37ea485c9f5ea8e1e4dc69a8f.jpg</filename>
	<path>1608647418_6_jpg.rf.3fb685e37ea485c9f5ea8e1e4dc69a8f.jpg</path>
	<source>
		<database>roboflow.ai</database>
	</source>
	<size>
		<width>640</width>
		<height>480</height>
		<depth>3</depth>
	</size>
	<segmented>0</segmented>
	<object>
		<name>megot</name>
		<pose>Unspecified</pose>
		<truncated>0</truncated>
		<difficult>0</difficult>
		<occluded>0</occluded>
		<bndbox>
			<xmin>179</xmin>
			<xmax>380</xmax>
			<ymin>169</ymin>
			<ymax>367</ymax>
		</bndbox>
	</object>
</annotation>
