<annotation>
	<folder></folder>
	<filename>1608645577_9_jpg.rf.24d58fca9f942a4921b139cd67b998fc.jpg</filename>
	<path>1608645577_9_jpg.rf.24d58fca9f942a4921b139cd67b998fc.jpg</path>
	<source>
		<database>roboflow.ai</database>
	</source>
	<size>
		<width>640</width>
		<height>480</height>
		<depth>3</depth>
	</size>
	<segmented>0</segmented>
	<object>
		<name>megot</name>
		<pose>Unspecified</pose>
		<truncated>0</truncated>
		<difficult>0</difficult>
		<occluded>0</occluded>
		<bndbox>
			<xmin>308</xmin>
			<xmax>466</xmax>
			<ymin>107</ymin>
			<ymax>305</ymax>
		</bndbox>
	</object>
</annotation>
