<annotation>
	<folder></folder>
	<filename>1608647186_0_jpg.rf.3b0a21cbee08543772448d297284c7a8.jpg</filename>
	<path>1608647186_0_jpg.rf.3b0a21cbee08543772448d297284c7a8.jpg</path>
	<source>
		<database>roboflow.ai</database>
	</source>
	<size>
		<width>640</width>
		<height>480</height>
		<depth>3</depth>
	</size>
	<segmented>0</segmented>
	<object>
		<name>megot</name>
		<pose>Unspecified</pose>
		<truncated>0</truncated>
		<difficult>0</difficult>
		<occluded>0</occluded>
		<bndbox>
			<xmin>336</xmin>
			<xmax>530</xmax>
			<ymin>280</ymin>
			<ymax>401</ymax>
		</bndbox>
	</object>
</annotation>
