<annotation>
	<folder></folder>
	<filename>1608645544_4_jpg.rf.38f4e1248d2a28823902512fed83ade8.jpg</filename>
	<path>1608645544_4_jpg.rf.38f4e1248d2a28823902512fed83ade8.jpg</path>
	<source>
		<database>roboflow.ai</database>
	</source>
	<size>
		<width>640</width>
		<height>480</height>
		<depth>3</depth>
	</size>
	<segmented>0</segmented>
	<object>
		<name>megot</name>
		<pose>Unspecified</pose>
		<truncated>0</truncated>
		<difficult>0</difficult>
		<occluded>0</occluded>
		<bndbox>
			<xmin>283</xmin>
			<xmax>395</xmax>
			<ymin>6</ymin>
			<ymax>226</ymax>
		</bndbox>
	</object>
</annotation>
