<annotation>
	<folder></folder>
	<filename>1608647274_1_jpg.rf.465950b9314f01cf50de4b8e82dfe777.jpg</filename>
	<path>1608647274_1_jpg.rf.465950b9314f01cf50de4b8e82dfe777.jpg</path>
	<source>
		<database>roboflow.ai</database>
	</source>
	<size>
		<width>640</width>
		<height>480</height>
		<depth>3</depth>
	</size>
	<segmented>0</segmented>
	<object>
		<name>megot</name>
		<pose>Unspecified</pose>
		<truncated>0</truncated>
		<difficult>0</difficult>
		<occluded>0</occluded>
		<bndbox>
			<xmin>244</xmin>
			<xmax>335</xmax>
			<ymin>135</ymin>
			<ymax>335</ymax>
		</bndbox>
	</object>
</annotation>
