<annotation>
	<folder></folder>
	<filename>1608645886_8_jpg.rf.cc8921420c32bbedc7737fc3862788dd.jpg</filename>
	<path>1608645886_8_jpg.rf.cc8921420c32bbedc7737fc3862788dd.jpg</path>
	<source>
		<database>roboflow.ai</database>
	</source>
	<size>
		<width>640</width>
		<height>480</height>
		<depth>3</depth>
	</size>
	<segmented>0</segmented>
	<object>
		<name>megot</name>
		<pose>Unspecified</pose>
		<truncated>0</truncated>
		<difficult>0</difficult>
		<occluded>0</occluded>
		<bndbox>
			<xmin>266</xmin>
			<xmax>395</xmax>
			<ymin>109</ymin>
			<ymax>282</ymax>
		</bndbox>
	</object>
</annotation>
