<annotation>
	<folder></folder>
	<filename>1608647744_9_jpg.rf.1527bf5f509d041aa17cdeee7ae8b15f.jpg</filename>
	<path>1608647744_9_jpg.rf.1527bf5f509d041aa17cdeee7ae8b15f.jpg</path>
	<source>
		<database>roboflow.ai</database>
	</source>
	<size>
		<width>640</width>
		<height>480</height>
		<depth>3</depth>
	</size>
	<segmented>0</segmented>
	<object>
		<name>megot</name>
		<pose>Unspecified</pose>
		<truncated>0</truncated>
		<difficult>0</difficult>
		<occluded>0</occluded>
		<bndbox>
			<xmin>201</xmin>
			<xmax>363</xmax>
			<ymin>157</ymin>
			<ymax>331</ymax>
		</bndbox>
	</object>
</annotation>
