<annotation>
	<folder></folder>
	<filename>1608644746_jpg.rf.144ea58c2c6b9e0b9bb190450d909c82.jpg</filename>
	<path>1608644746_jpg.rf.144ea58c2c6b9e0b9bb190450d909c82.jpg</path>
	<source>
		<database>roboflow.ai</database>
	</source>
	<size>
		<width>640</width>
		<height>480</height>
		<depth>3</depth>
	</size>
	<segmented>0</segmented>
	<object>
		<name>megot</name>
		<pose>Unspecified</pose>
		<truncated>0</truncated>
		<difficult>0</difficult>
		<occluded>0</occluded>
		<bndbox>
			<xmin>253</xmin>
			<xmax>387</xmax>
			<ymin>109</ymin>
			<ymax>287</ymax>
		</bndbox>
	</object>
</annotation>
