<annotation>
	<folder></folder>
	<filename>1608647397_9_jpg.rf.a4904783708853db5799e4cfaafe0c0d.jpg</filename>
	<path>1608647397_9_jpg.rf.a4904783708853db5799e4cfaafe0c0d.jpg</path>
	<source>
		<database>roboflow.ai</database>
	</source>
	<size>
		<width>640</width>
		<height>480</height>
		<depth>3</depth>
	</size>
	<segmented>0</segmented>
	<object>
		<name>megot</name>
		<pose>Unspecified</pose>
		<truncated>0</truncated>
		<difficult>0</difficult>
		<occluded>0</occluded>
		<bndbox>
			<xmin>237</xmin>
			<xmax>453</xmax>
			<ymin>170</ymin>
			<ymax>320</ymax>
		</bndbox>
	</object>
</annotation>
