<annotation>
	<folder></folder>
	<filename>1608647007_jpg.rf.032b044539c50c5e40abaa344d0abda6.jpg</filename>
	<path>1608647007_jpg.rf.032b044539c50c5e40abaa344d0abda6.jpg</path>
	<source>
		<database>roboflow.ai</database>
	</source>
	<size>
		<width>640</width>
		<height>480</height>
		<depth>3</depth>
	</size>
	<segmented>0</segmented>
	<object>
		<name>megot</name>
		<pose>Unspecified</pose>
		<truncated>0</truncated>
		<difficult>0</difficult>
		<occluded>0</occluded>
		<bndbox>
			<xmin>231</xmin>
			<xmax>433</xmax>
			<ymin>189</ymin>
			<ymax>339</ymax>
		</bndbox>
	</object>
</annotation>
