<annotation>
	<folder></folder>
	<filename>1608645760_4_jpg.rf.45f7ea67ac299f87730ad012af281984.jpg</filename>
	<path>1608645760_4_jpg.rf.45f7ea67ac299f87730ad012af281984.jpg</path>
	<source>
		<database>roboflow.ai</database>
	</source>
	<size>
		<width>640</width>
		<height>480</height>
		<depth>3</depth>
	</size>
	<segmented>0</segmented>
	<object>
		<name>megot</name>
		<pose>Unspecified</pose>
		<truncated>0</truncated>
		<difficult>0</difficult>
		<occluded>0</occluded>
		<bndbox>
			<xmin>201</xmin>
			<xmax>301</xmax>
			<ymin>163</ymin>
			<ymax>401</ymax>
		</bndbox>
	</object>
</annotation>
