<annotation>
	<folder></folder>
	<filename>1608645760_6_jpg.rf.deffd3826363c8e9a3e41d49c8e9a2e1.jpg</filename>
	<path>1608645760_6_jpg.rf.deffd3826363c8e9a3e41d49c8e9a2e1.jpg</path>
	<source>
		<database>roboflow.ai</database>
	</source>
	<size>
		<width>640</width>
		<height>480</height>
		<depth>3</depth>
	</size>
	<segmented>0</segmented>
	<object>
		<name>megot</name>
		<pose>Unspecified</pose>
		<truncated>0</truncated>
		<difficult>0</difficult>
		<occluded>0</occluded>
		<bndbox>
			<xmin>356</xmin>
			<xmax>458</xmax>
			<ymin>172</ymin>
			<ymax>411</ymax>
		</bndbox>
	</object>
</annotation>
