<annotation>
	<folder></folder>
	<filename>1608647282_2_jpg.rf.012fb545be414b8099e2c59f1ebd559f.jpg</filename>
	<path>1608647282_2_jpg.rf.012fb545be414b8099e2c59f1ebd559f.jpg</path>
	<source>
		<database>roboflow.ai</database>
	</source>
	<size>
		<width>640</width>
		<height>480</height>
		<depth>3</depth>
	</size>
	<segmented>0</segmented>
	<object>
		<name>megot</name>
		<pose>Unspecified</pose>
		<truncated>0</truncated>
		<difficult>0</difficult>
		<occluded>0</occluded>
		<bndbox>
			<xmin>345</xmin>
			<xmax>421</xmax>
			<ymin>181</ymin>
			<ymax>378</ymax>
		</bndbox>
	</object>
</annotation>
