<annotation>
	<folder></folder>
	<filename>1608647802_7_jpg.rf.72f8129f6f4f2a519784a9eebcf23a3e.jpg</filename>
	<path>1608647802_7_jpg.rf.72f8129f6f4f2a519784a9eebcf23a3e.jpg</path>
	<source>
		<database>roboflow.ai</database>
	</source>
	<size>
		<width>640</width>
		<height>480</height>
		<depth>3</depth>
	</size>
	<segmented>0</segmented>
	<object>
		<name>megot</name>
		<pose>Unspecified</pose>
		<truncated>0</truncated>
		<difficult>0</difficult>
		<occluded>0</occluded>
		<bndbox>
			<xmin>191</xmin>
			<xmax>395</xmax>
			<ymin>114</ymin>
			<ymax>227</ymax>
		</bndbox>
	</object>
</annotation>
