<annotation>
	<folder></folder>
	<filename>1608647326_0_jpg.rf.d085e37777cbe7ce6214e1d3c5c4529b.jpg</filename>
	<path>1608647326_0_jpg.rf.d085e37777cbe7ce6214e1d3c5c4529b.jpg</path>
	<source>
		<database>roboflow.ai</database>
	</source>
	<size>
		<width>640</width>
		<height>480</height>
		<depth>3</depth>
	</size>
	<segmented>0</segmented>
	<object>
		<name>megot</name>
		<pose>Unspecified</pose>
		<truncated>0</truncated>
		<difficult>0</difficult>
		<occluded>0</occluded>
		<bndbox>
			<xmin>277</xmin>
			<xmax>484</xmax>
			<ymin>1</ymin>
			<ymax>215</ymax>
		</bndbox>
	</object>
</annotation>
