<annotation>
	<folder></folder>
	<filename>1608647563_9_jpg.rf.e45a047c713ba1e4612f2b0c1df07231.jpg</filename>
	<path>1608647563_9_jpg.rf.e45a047c713ba1e4612f2b0c1df07231.jpg</path>
	<source>
		<database>roboflow.ai</database>
	</source>
	<size>
		<width>640</width>
		<height>480</height>
		<depth>3</depth>
	</size>
	<segmented>0</segmented>
	<object>
		<name>megot</name>
		<pose>Unspecified</pose>
		<truncated>0</truncated>
		<difficult>0</difficult>
		<occluded>0</occluded>
		<bndbox>
			<xmin>292</xmin>
			<xmax>428</xmax>
			<ymin>180</ymin>
			<ymax>360</ymax>
		</bndbox>
	</object>
</annotation>
