<annotation>
	<folder></folder>
	<filename>1608646749_2_jpg.rf.9960af5903a9c15b6ea346847f6377af.jpg</filename>
	<path>1608646749_2_jpg.rf.9960af5903a9c15b6ea346847f6377af.jpg</path>
	<source>
		<database>roboflow.ai</database>
	</source>
	<size>
		<width>640</width>
		<height>480</height>
		<depth>3</depth>
	</size>
	<segmented>0</segmented>
	<object>
		<name>megot</name>
		<pose>Unspecified</pose>
		<truncated>0</truncated>
		<difficult>0</difficult>
		<occluded>0</occluded>
		<bndbox>
			<xmin>269</xmin>
			<xmax>511</xmax>
			<ymin>126</ymin>
			<ymax>222</ymax>
		</bndbox>
	</object>
</annotation>
