<annotation>
	<folder></folder>
	<filename>1608647709_8_jpg.rf.0d8fb7b6338b3ca9b0bfaa1f908b0260.jpg</filename>
	<path>1608647709_8_jpg.rf.0d8fb7b6338b3ca9b0bfaa1f908b0260.jpg</path>
	<source>
		<database>roboflow.ai</database>
	</source>
	<size>
		<width>640</width>
		<height>480</height>
		<depth>3</depth>
	</size>
	<segmented>0</segmented>
	<object>
		<name>megot</name>
		<pose>Unspecified</pose>
		<truncated>0</truncated>
		<difficult>0</difficult>
		<occluded>0</occluded>
		<bndbox>
			<xmin>301</xmin>
			<xmax>447</xmax>
			<ymin>156</ymin>
			<ymax>333</ymax>
		</bndbox>
	</object>
</annotation>
