<annotation>
	<folder></folder>
	<filename>1608647403_4_jpg.rf.b6fa19c6813a17250077c23274d318a5.jpg</filename>
	<path>1608647403_4_jpg.rf.b6fa19c6813a17250077c23274d318a5.jpg</path>
	<source>
		<database>roboflow.ai</database>
	</source>
	<size>
		<width>640</width>
		<height>480</height>
		<depth>3</depth>
	</size>
	<segmented>0</segmented>
	<object>
		<name>megot</name>
		<pose>Unspecified</pose>
		<truncated>0</truncated>
		<difficult>0</difficult>
		<occluded>0</occluded>
		<bndbox>
			<xmin>213</xmin>
			<xmax>421</xmax>
			<ymin>190</ymin>
			<ymax>351</ymax>
		</bndbox>
	</object>
</annotation>
