<annotation>
	<folder></folder>
	<filename>1608647274_3_jpg.rf.0edde0fbb00fbc6b1e34f23d2b9ddde8.jpg</filename>
	<path>1608647274_3_jpg.rf.0edde0fbb00fbc6b1e34f23d2b9ddde8.jpg</path>
	<source>
		<database>roboflow.ai</database>
	</source>
	<size>
		<width>640</width>
		<height>480</height>
		<depth>3</depth>
	</size>
	<segmented>0</segmented>
	<object>
		<name>megot</name>
		<pose>Unspecified</pose>
		<truncated>0</truncated>
		<difficult>0</difficult>
		<occluded>0</occluded>
		<bndbox>
			<xmin>219</xmin>
			<xmax>316</xmax>
			<ymin>132</ymin>
			<ymax>344</ymax>
		</bndbox>
	</object>
</annotation>
