<annotation>
	<folder></folder>
	<filename>1608647715_0_jpg.rf.b75d1eb8105b9c0f3fd448ae62e51971.jpg</filename>
	<path>1608647715_0_jpg.rf.b75d1eb8105b9c0f3fd448ae62e51971.jpg</path>
	<source>
		<database>roboflow.ai</database>
	</source>
	<size>
		<width>640</width>
		<height>480</height>
		<depth>3</depth>
	</size>
	<segmented>0</segmented>
	<object>
		<name>megot</name>
		<pose>Unspecified</pose>
		<truncated>0</truncated>
		<difficult>0</difficult>
		<occluded>0</occluded>
		<bndbox>
			<xmin>272</xmin>
			<xmax>434</xmax>
			<ymin>151</ymin>
			<ymax>332</ymax>
		</bndbox>
	</object>
</annotation>
