<annotation>
	<folder></folder>
	<filename>1608645179_5_jpg.rf.8edd3d33d30cc0a3e53f59329dbbfe95.jpg</filename>
	<path>1608645179_5_jpg.rf.8edd3d33d30cc0a3e53f59329dbbfe95.jpg</path>
	<source>
		<database>roboflow.ai</database>
	</source>
	<size>
		<width>640</width>
		<height>480</height>
		<depth>3</depth>
	</size>
	<segmented>0</segmented>
	<object>
		<name>megot</name>
		<pose>Unspecified</pose>
		<truncated>0</truncated>
		<difficult>0</difficult>
		<occluded>0</occluded>
		<bndbox>
			<xmin>223</xmin>
			<xmax>447</xmax>
			<ymin>324</ymin>
			<ymax>459</ymax>
		</bndbox>
	</object>
</annotation>
