<annotation>
	<folder></folder>
	<filename>1608645953_7_jpg.rf.86f30a02f6b394f3cee46b85e0a9cd95.jpg</filename>
	<path>1608645953_7_jpg.rf.86f30a02f6b394f3cee46b85e0a9cd95.jpg</path>
	<source>
		<database>roboflow.ai</database>
	</source>
	<size>
		<width>640</width>
		<height>480</height>
		<depth>3</depth>
	</size>
	<segmented>0</segmented>
	<object>
		<name>megot</name>
		<pose>Unspecified</pose>
		<truncated>0</truncated>
		<difficult>0</difficult>
		<occluded>0</occluded>
		<bndbox>
			<xmin>300</xmin>
			<xmax>519</xmax>
			<ymin>107</ymin>
			<ymax>304</ymax>
		</bndbox>
	</object>
</annotation>
