<annotation>
	<folder></folder>
	<filename>1608646908_0_jpg.rf.63bc361e786bfe339bb29858038b73fa.jpg</filename>
	<path>1608646908_0_jpg.rf.63bc361e786bfe339bb29858038b73fa.jpg</path>
	<source>
		<database>roboflow.ai</database>
	</source>
	<size>
		<width>640</width>
		<height>480</height>
		<depth>3</depth>
	</size>
	<segmented>0</segmented>
	<object>
		<name>megot</name>
		<pose>Unspecified</pose>
		<truncated>0</truncated>
		<difficult>0</difficult>
		<occluded>0</occluded>
		<bndbox>
			<xmin>213</xmin>
			<xmax>403</xmax>
			<ymin>222</ymin>
			<ymax>409</ymax>
		</bndbox>
	</object>
</annotation>
