<annotation>
	<folder></folder>
	<filename>1608647544_jpg.rf.f565fb1c401a6be5ca5d6d7d4160888b.jpg</filename>
	<path>1608647544_jpg.rf.f565fb1c401a6be5ca5d6d7d4160888b.jpg</path>
	<source>
		<database>roboflow.ai</database>
	</source>
	<size>
		<width>640</width>
		<height>480</height>
		<depth>3</depth>
	</size>
	<segmented>0</segmented>
	<object>
		<name>megot</name>
		<pose>Unspecified</pose>
		<truncated>0</truncated>
		<difficult>0</difficult>
		<occluded>0</occluded>
		<bndbox>
			<xmin>280</xmin>
			<xmax>440</xmax>
			<ymin>273</ymin>
			<ymax>447</ymax>
		</bndbox>
	</object>
</annotation>
