<annotation>
	<folder></folder>
	<filename>1608647254_6_jpg.rf.7af055a8ea47425c13a6306a332b1f82.jpg</filename>
	<path>1608647254_6_jpg.rf.7af055a8ea47425c13a6306a332b1f82.jpg</path>
	<source>
		<database>roboflow.ai</database>
	</source>
	<size>
		<width>640</width>
		<height>480</height>
		<depth>3</depth>
	</size>
	<segmented>0</segmented>
	<object>
		<name>megot</name>
		<pose>Unspecified</pose>
		<truncated>0</truncated>
		<difficult>0</difficult>
		<occluded>0</occluded>
		<bndbox>
			<xmin>210</xmin>
			<xmax>397</xmax>
			<ymin>141</ymin>
			<ymax>242</ymax>
		</bndbox>
	</object>
</annotation>
