<annotation>
	<folder></folder>
	<filename>1608647629_6_jpg.rf.af25fb984ce43c78fe0dc9fb3a0f7f4b.jpg</filename>
	<path>1608647629_6_jpg.rf.af25fb984ce43c78fe0dc9fb3a0f7f4b.jpg</path>
	<source>
		<database>roboflow.ai</database>
	</source>
	<size>
		<width>640</width>
		<height>480</height>
		<depth>3</depth>
	</size>
	<segmented>0</segmented>
	<object>
		<name>megot</name>
		<pose>Unspecified</pose>
		<truncated>0</truncated>
		<difficult>0</difficult>
		<occluded>0</occluded>
		<bndbox>
			<xmin>318</xmin>
			<xmax>440</xmax>
			<ymin>87</ymin>
			<ymax>299</ymax>
		</bndbox>
	</object>
</annotation>
