<annotation>
	<folder></folder>
	<filename>1608645984_0_jpg.rf.dddfd81680420a9ef3186ed90a764e7a.jpg</filename>
	<path>1608645984_0_jpg.rf.dddfd81680420a9ef3186ed90a764e7a.jpg</path>
	<source>
		<database>roboflow.ai</database>
	</source>
	<size>
		<width>640</width>
		<height>480</height>
		<depth>3</depth>
	</size>
	<segmented>0</segmented>
	<object>
		<name>megot</name>
		<pose>Unspecified</pose>
		<truncated>0</truncated>
		<difficult>0</difficult>
		<occluded>0</occluded>
		<bndbox>
			<xmin>130</xmin>
			<xmax>385</xmax>
			<ymin>226</ymin>
			<ymax>317</ymax>
		</bndbox>
	</object>
</annotation>
