<annotation>
	<folder></folder>
	<filename>1608645529_7_jpg.rf.85e03706dcbd4eed40bf7e14021dafdb.jpg</filename>
	<path>1608645529_7_jpg.rf.85e03706dcbd4eed40bf7e14021dafdb.jpg</path>
	<source>
		<database>roboflow.ai</database>
	</source>
	<size>
		<width>640</width>
		<height>480</height>
		<depth>3</depth>
	</size>
	<segmented>0</segmented>
	<object>
		<name>megot</name>
		<pose>Unspecified</pose>
		<truncated>0</truncated>
		<difficult>0</difficult>
		<occluded>0</occluded>
		<bndbox>
			<xmin>267</xmin>
			<xmax>478</xmax>
			<ymin>162</ymin>
			<ymax>286</ymax>
		</bndbox>
	</object>
</annotation>
