<annotation>
	<folder></folder>
	<filename>1608647418_8_jpg.rf.45f0b0e4c77901983f3f69c412873d28.jpg</filename>
	<path>1608647418_8_jpg.rf.45f0b0e4c77901983f3f69c412873d28.jpg</path>
	<source>
		<database>roboflow.ai</database>
	</source>
	<size>
		<width>640</width>
		<height>480</height>
		<depth>3</depth>
	</size>
	<segmented>0</segmented>
	<object>
		<name>megot</name>
		<pose>Unspecified</pose>
		<truncated>0</truncated>
		<difficult>0</difficult>
		<occluded>0</occluded>
		<bndbox>
			<xmin>190</xmin>
			<xmax>392</xmax>
			<ymin>166</ymin>
			<ymax>357</ymax>
		</bndbox>
	</object>
</annotation>
