<annotation>
	<folder></folder>
	<filename>1608648016_0_jpg.rf.628af9fad948dc382e1b569d9f792d92.jpg</filename>
	<path>1608648016_0_jpg.rf.628af9fad948dc382e1b569d9f792d92.jpg</path>
	<source>
		<database>roboflow.ai</database>
	</source>
	<size>
		<width>640</width>
		<height>480</height>
		<depth>3</depth>
	</size>
	<segmented>0</segmented>
	<object>
		<name>megot</name>
		<pose>Unspecified</pose>
		<truncated>0</truncated>
		<difficult>0</difficult>
		<occluded>0</occluded>
		<bndbox>
			<xmin>305</xmin>
			<xmax>425</xmax>
			<ymin>201</ymin>
			<ymax>407</ymax>
		</bndbox>
	</object>
</annotation>
