<annotation>
	<folder></folder>
	<filename>1608647138_2_jpg.rf.9ec18c032c0431ed1fc0c678d96d6e44.jpg</filename>
	<path>1608647138_2_jpg.rf.9ec18c032c0431ed1fc0c678d96d6e44.jpg</path>
	<source>
		<database>roboflow.ai</database>
	</source>
	<size>
		<width>640</width>
		<height>480</height>
		<depth>3</depth>
	</size>
	<segmented>0</segmented>
	<object>
		<name>megot</name>
		<pose>Unspecified</pose>
		<truncated>0</truncated>
		<difficult>0</difficult>
		<occluded>0</occluded>
		<bndbox>
			<xmin>195</xmin>
			<xmax>443</xmax>
			<ymin>192</ymin>
			<ymax>357</ymax>
		</bndbox>
	</object>
</annotation>
