<annotation>
	<folder></folder>
	<filename>1608647538_0_jpg.rf.83e16deb4d0d3abac4fe91e3ab47ec6f.jpg</filename>
	<path>1608647538_0_jpg.rf.83e16deb4d0d3abac4fe91e3ab47ec6f.jpg</path>
	<source>
		<database>roboflow.ai</database>
	</source>
	<size>
		<width>640</width>
		<height>480</height>
		<depth>3</depth>
	</size>
	<segmented>0</segmented>
	<object>
		<name>megot</name>
		<pose>Unspecified</pose>
		<truncated>0</truncated>
		<difficult>0</difficult>
		<occluded>0</occluded>
		<bndbox>
			<xmin>232</xmin>
			<xmax>351</xmax>
			<ymin>165</ymin>
			<ymax>340</ymax>
		</bndbox>
	</object>
</annotation>
