<annotation>
	<folder></folder>
	<filename>1608647178_7_jpg.rf.0dbf38a9e4a40ee81b25d756a0a15423.jpg</filename>
	<path>1608647178_7_jpg.rf.0dbf38a9e4a40ee81b25d756a0a15423.jpg</path>
	<source>
		<database>roboflow.ai</database>
	</source>
	<size>
		<width>640</width>
		<height>480</height>
		<depth>3</depth>
	</size>
	<segmented>0</segmented>
	<object>
		<name>megot</name>
		<pose>Unspecified</pose>
		<truncated>0</truncated>
		<difficult>0</difficult>
		<occluded>0</occluded>
		<bndbox>
			<xmin>278</xmin>
			<xmax>470</xmax>
			<ymin>168</ymin>
			<ymax>297</ymax>
		</bndbox>
	</object>
</annotation>
