<annotation>
	<folder></folder>
	<filename>1608647193_jpg.rf.a1ba415ce19b7728b52ec49f63a07551.jpg</filename>
	<path>1608647193_jpg.rf.a1ba415ce19b7728b52ec49f63a07551.jpg</path>
	<source>
		<database>roboflow.ai</database>
	</source>
	<size>
		<width>640</width>
		<height>480</height>
		<depth>3</depth>
	</size>
	<segmented>0</segmented>
	<object>
		<name>megot</name>
		<pose>Unspecified</pose>
		<truncated>0</truncated>
		<difficult>0</difficult>
		<occluded>0</occluded>
		<bndbox>
			<xmin>178</xmin>
			<xmax>370</xmax>
			<ymin>206</ymin>
			<ymax>393</ymax>
		</bndbox>
	</object>
</annotation>
