<annotation>
	<folder></folder>
	<filename>1608646972_0_jpg.rf.f55de67e8c0c4589fa1b5178aaa084c5.jpg</filename>
	<path>1608646972_0_jpg.rf.f55de67e8c0c4589fa1b5178aaa084c5.jpg</path>
	<source>
		<database>roboflow.ai</database>
	</source>
	<size>
		<width>640</width>
		<height>480</height>
		<depth>3</depth>
	</size>
	<segmented>0</segmented>
	<object>
		<name>megot</name>
		<pose>Unspecified</pose>
		<truncated>0</truncated>
		<difficult>0</difficult>
		<occluded>0</occluded>
		<bndbox>
			<xmin>263</xmin>
			<xmax>476</xmax>
			<ymin>140</ymin>
			<ymax>345</ymax>
		</bndbox>
	</object>
</annotation>
