<annotation>
	<folder></folder>
	<filename>1608645800_3_jpg.rf.966a112bc72319303f30f45f53541c70.jpg</filename>
	<path>1608645800_3_jpg.rf.966a112bc72319303f30f45f53541c70.jpg</path>
	<source>
		<database>roboflow.ai</database>
	</source>
	<size>
		<width>640</width>
		<height>480</height>
		<depth>3</depth>
	</size>
	<segmented>0</segmented>
	<object>
		<name>megot</name>
		<pose>Unspecified</pose>
		<truncated>0</truncated>
		<difficult>0</difficult>
		<occluded>0</occluded>
		<bndbox>
			<xmin>199</xmin>
			<xmax>360</xmax>
			<ymin>155</ymin>
			<ymax>474</ymax>
		</bndbox>
	</object>
</annotation>
