<annotation>
	<folder></folder>
	<filename>1608647702_3_jpg.rf.4ca21b2e2f8c50a6357b8e87d63c0e80.jpg</filename>
	<path>1608647702_3_jpg.rf.4ca21b2e2f8c50a6357b8e87d63c0e80.jpg</path>
	<source>
		<database>roboflow.ai</database>
	</source>
	<size>
		<width>640</width>
		<height>480</height>
		<depth>3</depth>
	</size>
	<segmented>0</segmented>
	<object>
		<name>megot</name>
		<pose>Unspecified</pose>
		<truncated>0</truncated>
		<difficult>0</difficult>
		<occluded>0</occluded>
		<bndbox>
			<xmin>226</xmin>
			<xmax>439</xmax>
			<ymin>19</ymin>
			<ymax>178</ymax>
		</bndbox>
	</object>
</annotation>
