<annotation>
	<folder></folder>
	<filename>1608647763_5_jpg.rf.288e9237ebd26fcbf84f77a1b490625d.jpg</filename>
	<path>1608647763_5_jpg.rf.288e9237ebd26fcbf84f77a1b490625d.jpg</path>
	<source>
		<database>roboflow.ai</database>
	</source>
	<size>
		<width>640</width>
		<height>480</height>
		<depth>3</depth>
	</size>
	<segmented>0</segmented>
	<object>
		<name>megot</name>
		<pose>Unspecified</pose>
		<truncated>0</truncated>
		<difficult>0</difficult>
		<occluded>0</occluded>
		<bndbox>
			<xmin>253</xmin>
			<xmax>451</xmax>
			<ymin>187</ymin>
			<ymax>305</ymax>
		</bndbox>
	</object>
</annotation>
