<annotation>
	<folder></folder>
	<filename>1608647794_3_jpg.rf.78e782c27b5c769ea3e5d414de4c527a.jpg</filename>
	<path>1608647794_3_jpg.rf.78e782c27b5c769ea3e5d414de4c527a.jpg</path>
	<source>
		<database>roboflow.ai</database>
	</source>
	<size>
		<width>640</width>
		<height>480</height>
		<depth>3</depth>
	</size>
	<segmented>0</segmented>
	<object>
		<name>megot</name>
		<pose>Unspecified</pose>
		<truncated>0</truncated>
		<difficult>0</difficult>
		<occluded>0</occluded>
		<bndbox>
			<xmin>226</xmin>
			<xmax>371</xmax>
			<ymin>174</ymin>
			<ymax>373</ymax>
		</bndbox>
	</object>
</annotation>
