<annotation>
	<folder></folder>
	<filename>1608645760_1_jpg.rf.d3ef80c17195fc5f476764463ae4ff68.jpg</filename>
	<path>1608645760_1_jpg.rf.d3ef80c17195fc5f476764463ae4ff68.jpg</path>
	<source>
		<database>roboflow.ai</database>
	</source>
	<size>
		<width>640</width>
		<height>480</height>
		<depth>3</depth>
	</size>
	<segmented>0</segmented>
	<object>
		<name>megot</name>
		<pose>Unspecified</pose>
		<truncated>0</truncated>
		<difficult>0</difficult>
		<occluded>0</occluded>
		<bndbox>
			<xmin>188</xmin>
			<xmax>290</xmax>
			<ymin>170</ymin>
			<ymax>414</ymax>
		</bndbox>
	</object>
</annotation>
