<annotation>
	<folder></folder>
	<filename>1608644746_5_jpg.rf.c190a531924975491ecf027f380d6738.jpg</filename>
	<path>1608644746_5_jpg.rf.c190a531924975491ecf027f380d6738.jpg</path>
	<source>
		<database>roboflow.ai</database>
	</source>
	<size>
		<width>640</width>
		<height>480</height>
		<depth>3</depth>
	</size>
	<segmented>0</segmented>
	<object>
		<name>megot</name>
		<pose>Unspecified</pose>
		<truncated>0</truncated>
		<difficult>0</difficult>
		<occluded>0</occluded>
		<bndbox>
			<xmin>242</xmin>
			<xmax>375</xmax>
			<ymin>99</ymin>
			<ymax>272</ymax>
		</bndbox>
	</object>
</annotation>
