<annotation>
	<folder></folder>
	<filename>1608645897_6_jpg.rf.b90d86e8a08331b6935767f19802aa4f.jpg</filename>
	<path>1608645897_6_jpg.rf.b90d86e8a08331b6935767f19802aa4f.jpg</path>
	<source>
		<database>roboflow.ai</database>
	</source>
	<size>
		<width>640</width>
		<height>480</height>
		<depth>3</depth>
	</size>
	<segmented>0</segmented>
	<object>
		<name>megot</name>
		<pose>Unspecified</pose>
		<truncated>0</truncated>
		<difficult>0</difficult>
		<occluded>0</occluded>
		<bndbox>
			<xmin>282</xmin>
			<xmax>399</xmax>
			<ymin>261</ymin>
			<ymax>439</ymax>
		</bndbox>
	</object>
</annotation>
