<annotation>
	<folder></folder>
	<filename>1608647410_8_jpg.rf.b6d01f25e1b783c7125569b689442c47.jpg</filename>
	<path>1608647410_8_jpg.rf.b6d01f25e1b783c7125569b689442c47.jpg</path>
	<source>
		<database>roboflow.ai</database>
	</source>
	<size>
		<width>640</width>
		<height>480</height>
		<depth>3</depth>
	</size>
	<segmented>0</segmented>
	<object>
		<name>megot</name>
		<pose>Unspecified</pose>
		<truncated>0</truncated>
		<difficult>0</difficult>
		<occluded>0</occluded>
		<bndbox>
			<xmin>290</xmin>
			<xmax>498</xmax>
			<ymin>145</ymin>
			<ymax>265</ymax>
		</bndbox>
	</object>
</annotation>
