<annotation>
	<folder></folder>
	<filename>1608645624_6_jpg.rf.a09def9034e11ec770119c657a32d2ae.jpg</filename>
	<path>1608645624_6_jpg.rf.a09def9034e11ec770119c657a32d2ae.jpg</path>
	<source>
		<database>roboflow.ai</database>
	</source>
	<size>
		<width>640</width>
		<height>480</height>
		<depth>3</depth>
	</size>
	<segmented>0</segmented>
	<object>
		<name>megot</name>
		<pose>Unspecified</pose>
		<truncated>0</truncated>
		<difficult>0</difficult>
		<occluded>0</occluded>
		<bndbox>
			<xmin>258</xmin>
			<xmax>425</xmax>
			<ymin>179</ymin>
			<ymax>331</ymax>
		</bndbox>
	</object>
</annotation>
