<annotation>
	<folder></folder>
	<filename>1608647147_5_jpg.rf.5a445de2919d7215c7ef7ee79e54b837.jpg</filename>
	<path>1608647147_5_jpg.rf.5a445de2919d7215c7ef7ee79e54b837.jpg</path>
	<source>
		<database>roboflow.ai</database>
	</source>
	<size>
		<width>640</width>
		<height>480</height>
		<depth>3</depth>
	</size>
	<segmented>0</segmented>
	<object>
		<name>megot</name>
		<pose>Unspecified</pose>
		<truncated>0</truncated>
		<difficult>0</difficult>
		<occluded>0</occluded>
		<bndbox>
			<xmin>232</xmin>
			<xmax>346</xmax>
			<ymin>117</ymin>
			<ymax>253</ymax>
		</bndbox>
	</object>
</annotation>
