<annotation>
	<folder></folder>
	<filename>1608647544_3_jpg.rf.11e3be34ca5d2d8e5109f9bdbaa35b4d.jpg</filename>
	<path>1608647544_3_jpg.rf.11e3be34ca5d2d8e5109f9bdbaa35b4d.jpg</path>
	<source>
		<database>roboflow.ai</database>
	</source>
	<size>
		<width>640</width>
		<height>480</height>
		<depth>3</depth>
	</size>
	<segmented>0</segmented>
	<object>
		<name>megot</name>
		<pose>Unspecified</pose>
		<truncated>0</truncated>
		<difficult>0</difficult>
		<occluded>0</occluded>
		<bndbox>
			<xmin>251</xmin>
			<xmax>414</xmax>
			<ymin>259</ymin>
			<ymax>440</ymax>
		</bndbox>
	</object>
</annotation>
