<annotation>
	<folder></folder>
	<filename>1608647113_7_jpg.rf.3b906f5f2ca35e4c4d7e02337e932b2c.jpg</filename>
	<path>1608647113_7_jpg.rf.3b906f5f2ca35e4c4d7e02337e932b2c.jpg</path>
	<source>
		<database>roboflow.ai</database>
	</source>
	<size>
		<width>640</width>
		<height>480</height>
		<depth>3</depth>
	</size>
	<segmented>0</segmented>
	<object>
		<name>megot</name>
		<pose>Unspecified</pose>
		<truncated>0</truncated>
		<difficult>0</difficult>
		<occluded>0</occluded>
		<bndbox>
			<xmin>243</xmin>
			<xmax>483</xmax>
			<ymin>50</ymin>
			<ymax>307</ymax>
		</bndbox>
	</object>
</annotation>
