<annotation>
	<folder></folder>
	<filename>1608647377_4_jpg.rf.eff55d14ac0158025d5679891712caae.jpg</filename>
	<path>1608647377_4_jpg.rf.eff55d14ac0158025d5679891712caae.jpg</path>
	<source>
		<database>roboflow.ai</database>
	</source>
	<size>
		<width>640</width>
		<height>480</height>
		<depth>3</depth>
	</size>
	<segmented>0</segmented>
	<object>
		<name>megot</name>
		<pose>Unspecified</pose>
		<truncated>0</truncated>
		<difficult>0</difficult>
		<occluded>0</occluded>
		<bndbox>
			<xmin>228</xmin>
			<xmax>481</xmax>
			<ymin>160</ymin>
			<ymax>283</ymax>
		</bndbox>
	</object>
</annotation>
