<annotation>
	<folder></folder>
	<filename>1608647467_6_jpg.rf.4c0a5713ab0128b1a74ec4961bc01258.jpg</filename>
	<path>1608647467_6_jpg.rf.4c0a5713ab0128b1a74ec4961bc01258.jpg</path>
	<source>
		<database>roboflow.ai</database>
	</source>
	<size>
		<width>640</width>
		<height>480</height>
		<depth>3</depth>
	</size>
	<segmented>0</segmented>
	<object>
		<name>megot</name>
		<pose>Unspecified</pose>
		<truncated>0</truncated>
		<difficult>0</difficult>
		<occluded>0</occluded>
		<bndbox>
			<xmin>157</xmin>
			<xmax>339</xmax>
			<ymin>95</ymin>
			<ymax>275</ymax>
		</bndbox>
	</object>
</annotation>
