<annotation>
	<folder></folder>
	<filename>1608647410_1_jpg.rf.807ec14cf9cf29b54fa982d53e0fe232.jpg</filename>
	<path>1608647410_1_jpg.rf.807ec14cf9cf29b54fa982d53e0fe232.jpg</path>
	<source>
		<database>roboflow.ai</database>
	</source>
	<size>
		<width>640</width>
		<height>480</height>
		<depth>3</depth>
	</size>
	<segmented>0</segmented>
	<object>
		<name>megot</name>
		<pose>Unspecified</pose>
		<truncated>0</truncated>
		<difficult>0</difficult>
		<occluded>0</occluded>
		<bndbox>
			<xmin>125</xmin>
			<xmax>349</xmax>
			<ymin>219</ymin>
			<ymax>341</ymax>
		</bndbox>
	</object>
</annotation>
