<annotation>
	<folder></folder>
	<filename>1608647274_5_jpg.rf.7914b739d9b20fab14e39babb86ff8a9.jpg</filename>
	<path>1608647274_5_jpg.rf.7914b739d9b20fab14e39babb86ff8a9.jpg</path>
	<source>
		<database>roboflow.ai</database>
	</source>
	<size>
		<width>640</width>
		<height>480</height>
		<depth>3</depth>
	</size>
	<segmented>0</segmented>
	<object>
		<name>megot</name>
		<pose>Unspecified</pose>
		<truncated>0</truncated>
		<difficult>0</difficult>
		<occluded>0</occluded>
		<bndbox>
			<xmin>296</xmin>
			<xmax>395</xmax>
			<ymin>146</ymin>
			<ymax>343</ymax>
		</bndbox>
	</object>
</annotation>
