<annotation>
	<folder></folder>
	<filename>1608647178_1_jpg.rf.baf67999f00fcef13cb45af42694c705.jpg</filename>
	<path>1608647178_1_jpg.rf.baf67999f00fcef13cb45af42694c705.jpg</path>
	<source>
		<database>roboflow.ai</database>
	</source>
	<size>
		<width>640</width>
		<height>480</height>
		<depth>3</depth>
	</size>
	<segmented>0</segmented>
	<object>
		<name>megot</name>
		<pose>Unspecified</pose>
		<truncated>0</truncated>
		<difficult>0</difficult>
		<occluded>0</occluded>
		<bndbox>
			<xmin>291</xmin>
			<xmax>496</xmax>
			<ymin>163</ymin>
			<ymax>290</ymax>
		</bndbox>
	</object>
</annotation>
