<annotation>
	<folder></folder>
	<filename>1608645760_5_jpg.rf.35a3518b87409db0c8b088dfcf263fa2.jpg</filename>
	<path>1608645760_5_jpg.rf.35a3518b87409db0c8b088dfcf263fa2.jpg</path>
	<source>
		<database>roboflow.ai</database>
	</source>
	<size>
		<width>640</width>
		<height>480</height>
		<depth>3</depth>
	</size>
	<segmented>0</segmented>
	<object>
		<name>megot</name>
		<pose>Unspecified</pose>
		<truncated>0</truncated>
		<difficult>0</difficult>
		<occluded>0</occluded>
		<bndbox>
			<xmin>349</xmin>
			<xmax>451</xmax>
			<ymin>65</ymin>
			<ymax>309</ymax>
		</bndbox>
	</object>
</annotation>
