<annotation>
	<folder></folder>
	<filename>1608648016_7_jpg.rf.97d60bbdfb0a1b633f71002c1362dc21.jpg</filename>
	<path>1608648016_7_jpg.rf.97d60bbdfb0a1b633f71002c1362dc21.jpg</path>
	<source>
		<database>roboflow.ai</database>
	</source>
	<size>
		<width>640</width>
		<height>480</height>
		<depth>3</depth>
	</size>
	<segmented>0</segmented>
	<object>
		<name>megot</name>
		<pose>Unspecified</pose>
		<truncated>0</truncated>
		<difficult>0</difficult>
		<occluded>0</occluded>
		<bndbox>
			<xmin>277</xmin>
			<xmax>401</xmax>
			<ymin>55</ymin>
			<ymax>267</ymax>
		</bndbox>
	</object>
</annotation>
