<annotation>
	<folder></folder>
	<filename>1608645984_5_jpg.rf.55b770f8435209aa80cb2c7cb9c336b7.jpg</filename>
	<path>1608645984_5_jpg.rf.55b770f8435209aa80cb2c7cb9c336b7.jpg</path>
	<source>
		<database>roboflow.ai</database>
	</source>
	<size>
		<width>640</width>
		<height>480</height>
		<depth>3</depth>
	</size>
	<segmented>0</segmented>
	<object>
		<name>megot</name>
		<pose>Unspecified</pose>
		<truncated>0</truncated>
		<difficult>0</difficult>
		<occluded>0</occluded>
		<bndbox>
			<xmin>260</xmin>
			<xmax>515</xmax>
			<ymin>211</ymin>
			<ymax>302</ymax>
		</bndbox>
	</object>
</annotation>
