<annotation>
	<folder></folder>
	<filename>1608647611_4_jpg.rf.e06d7c665aed3779782524a135b505ff.jpg</filename>
	<path>1608647611_4_jpg.rf.e06d7c665aed3779782524a135b505ff.jpg</path>
	<source>
		<database>roboflow.ai</database>
	</source>
	<size>
		<width>640</width>
		<height>480</height>
		<depth>3</depth>
	</size>
	<segmented>0</segmented>
	<object>
		<name>megot</name>
		<pose>Unspecified</pose>
		<truncated>0</truncated>
		<difficult>0</difficult>
		<occluded>0</occluded>
		<bndbox>
			<xmin>307</xmin>
			<xmax>443</xmax>
			<ymin>124</ymin>
			<ymax>310</ymax>
		</bndbox>
	</object>
</annotation>
