<annotation>
	<folder></folder>
	<filename>1608647702_6_jpg.rf.00ea9cc9ecccfd416f0090283e09189b.jpg</filename>
	<path>1608647702_6_jpg.rf.00ea9cc9ecccfd416f0090283e09189b.jpg</path>
	<source>
		<database>roboflow.ai</database>
	</source>
	<size>
		<width>640</width>
		<height>480</height>
		<depth>3</depth>
	</size>
	<segmented>0</segmented>
	<object>
		<name>megot</name>
		<pose>Unspecified</pose>
		<truncated>0</truncated>
		<difficult>0</difficult>
		<occluded>0</occluded>
		<bndbox>
			<xmin>211</xmin>
			<xmax>406</xmax>
			<ymin>287</ymin>
			<ymax>431</ymax>
		</bndbox>
	</object>
</annotation>
