<annotation>
	<folder></folder>
	<filename>1608647178_2_jpg.rf.39d815ddb3c2ae2fc449ac57c02a2199.jpg</filename>
	<path>1608647178_2_jpg.rf.39d815ddb3c2ae2fc449ac57c02a2199.jpg</path>
	<source>
		<database>roboflow.ai</database>
	</source>
	<size>
		<width>640</width>
		<height>480</height>
		<depth>3</depth>
	</size>
	<segmented>0</segmented>
	<object>
		<name>megot</name>
		<pose>Unspecified</pose>
		<truncated>0</truncated>
		<difficult>0</difficult>
		<occluded>0</occluded>
		<bndbox>
			<xmin>277</xmin>
			<xmax>478</xmax>
			<ymin>198</ymin>
			<ymax>317</ymax>
		</bndbox>
	</object>
</annotation>
