<annotation>
	<folder></folder>
	<filename>1608647709_0_jpg.rf.fe0d5eabf5709d69f40b1730c590d4ae.jpg</filename>
	<path>1608647709_0_jpg.rf.fe0d5eabf5709d69f40b1730c590d4ae.jpg</path>
	<source>
		<database>roboflow.ai</database>
	</source>
	<size>
		<width>640</width>
		<height>480</height>
		<depth>3</depth>
	</size>
	<segmented>0</segmented>
	<object>
		<name>megot</name>
		<pose>Unspecified</pose>
		<truncated>0</truncated>
		<difficult>0</difficult>
		<occluded>0</occluded>
		<bndbox>
			<xmin>328</xmin>
			<xmax>482</xmax>
			<ymin>159</ymin>
			<ymax>333</ymax>
		</bndbox>
	</object>
</annotation>
