<annotation>
	<folder></folder>
	<filename>1608647544_9_jpg.rf.9d816237a5ecd0679c096d1b53f63095.jpg</filename>
	<path>1608647544_9_jpg.rf.9d816237a5ecd0679c096d1b53f63095.jpg</path>
	<source>
		<database>roboflow.ai</database>
	</source>
	<size>
		<width>640</width>
		<height>480</height>
		<depth>3</depth>
	</size>
	<segmented>0</segmented>
	<object>
		<name>megot</name>
		<pose>Unspecified</pose>
		<truncated>0</truncated>
		<difficult>0</difficult>
		<occluded>0</occluded>
		<bndbox>
			<xmin>284</xmin>
			<xmax>458</xmax>
			<ymin>278</ymin>
			<ymax>455</ymax>
		</bndbox>
	</object>
</annotation>
