<annotation>
	<folder></folder>
	<filename>1608645936_2_jpg.rf.f0be17ff19532b4cc47d299a427fb48b.jpg</filename>
	<path>1608645936_2_jpg.rf.f0be17ff19532b4cc47d299a427fb48b.jpg</path>
	<source>
		<database>roboflow.ai</database>
	</source>
	<size>
		<width>640</width>
		<height>480</height>
		<depth>3</depth>
	</size>
	<segmented>0</segmented>
	<object>
		<name>megot</name>
		<pose>Unspecified</pose>
		<truncated>0</truncated>
		<difficult>0</difficult>
		<occluded>0</occluded>
		<bndbox>
			<xmin>181</xmin>
			<xmax>269</xmax>
			<ymin>178</ymin>
			<ymax>320</ymax>
		</bndbox>
	</object>
</annotation>
