<annotation>
	<folder></folder>
	<filename>1608647802_0_jpg.rf.275fcf766b92831cc822c412d9423c07.jpg</filename>
	<path>1608647802_0_jpg.rf.275fcf766b92831cc822c412d9423c07.jpg</path>
	<source>
		<database>roboflow.ai</database>
	</source>
	<size>
		<width>640</width>
		<height>480</height>
		<depth>3</depth>
	</size>
	<segmented>0</segmented>
	<object>
		<name>megot</name>
		<pose>Unspecified</pose>
		<truncated>0</truncated>
		<difficult>0</difficult>
		<occluded>0</occluded>
		<bndbox>
			<xmin>187</xmin>
			<xmax>395</xmax>
			<ymin>249</ymin>
			<ymax>343</ymax>
		</bndbox>
	</object>
</annotation>
