<annotation>
	<folder></folder>
	<filename>1608645146_0_jpg.rf.76855f3d03efb9c87bb26a3eaa44e76f.jpg</filename>
	<path>1608645146_0_jpg.rf.76855f3d03efb9c87bb26a3eaa44e76f.jpg</path>
	<source>
		<database>roboflow.ai</database>
	</source>
	<size>
		<width>640</width>
		<height>480</height>
		<depth>3</depth>
	</size>
	<segmented>0</segmented>
	<object>
		<name>megot</name>
		<pose>Unspecified</pose>
		<truncated>0</truncated>
		<difficult>0</difficult>
		<occluded>0</occluded>
		<bndbox>
			<xmin>132</xmin>
			<xmax>371</xmax>
			<ymin>229</ymin>
			<ymax>307</ymax>
		</bndbox>
	</object>
</annotation>
