<annotation>
	<folder></folder>
	<filename>1608647303_1_jpg.rf.15e611d96e69448c42d6b52955305548.jpg</filename>
	<path>1608647303_1_jpg.rf.15e611d96e69448c42d6b52955305548.jpg</path>
	<source>
		<database>roboflow.ai</database>
	</source>
	<size>
		<width>640</width>
		<height>480</height>
		<depth>3</depth>
	</size>
	<segmented>0</segmented>
	<object>
		<name>megot</name>
		<pose>Unspecified</pose>
		<truncated>0</truncated>
		<difficult>0</difficult>
		<occluded>0</occluded>
		<bndbox>
			<xmin>276</xmin>
			<xmax>359</xmax>
			<ymin>141</ymin>
			<ymax>339</ymax>
		</bndbox>
	</object>
</annotation>
