<annotation>
	<folder></folder>
	<filename>1608647212_7_jpg.rf.25bee4af186b1a105432557b77009385.jpg</filename>
	<path>1608647212_7_jpg.rf.25bee4af186b1a105432557b77009385.jpg</path>
	<source>
		<database>roboflow.ai</database>
	</source>
	<size>
		<width>640</width>
		<height>480</height>
		<depth>3</depth>
	</size>
	<segmented>0</segmented>
	<object>
		<name>megot</name>
		<pose>Unspecified</pose>
		<truncated>0</truncated>
		<difficult>0</difficult>
		<occluded>0</occluded>
		<bndbox>
			<xmin>198</xmin>
			<xmax>365</xmax>
			<ymin>208</ymin>
			<ymax>335</ymax>
		</bndbox>
	</object>
</annotation>
