<annotation>
	<folder></folder>
	<filename>1608647639_7_jpg.rf.a638721ad7a417a7deac221b4156a3b6.jpg</filename>
	<path>1608647639_7_jpg.rf.a638721ad7a417a7deac221b4156a3b6.jpg</path>
	<source>
		<database>roboflow.ai</database>
	</source>
	<size>
		<width>640</width>
		<height>480</height>
		<depth>3</depth>
	</size>
	<segmented>0</segmented>
	<object>
		<name>megot</name>
		<pose>Unspecified</pose>
		<truncated>0</truncated>
		<difficult>0</difficult>
		<occluded>0</occluded>
		<bndbox>
			<xmin>159</xmin>
			<xmax>373</xmax>
			<ymin>205</ymin>
			<ymax>323</ymax>
		</bndbox>
	</object>
</annotation>
