<annotation>
	<folder></folder>
	<filename>1608647403_2_jpg.rf.99b96c4d3807ff4f0ae86f1bb82e935e.jpg</filename>
	<path>1608647403_2_jpg.rf.99b96c4d3807ff4f0ae86f1bb82e935e.jpg</path>
	<source>
		<database>roboflow.ai</database>
	</source>
	<size>
		<width>640</width>
		<height>480</height>
		<depth>3</depth>
	</size>
	<segmented>0</segmented>
	<object>
		<name>megot</name>
		<pose>Unspecified</pose>
		<truncated>0</truncated>
		<difficult>0</difficult>
		<occluded>0</occluded>
		<bndbox>
			<xmin>207</xmin>
			<xmax>417</xmax>
			<ymin>125</ymin>
			<ymax>282</ymax>
		</bndbox>
	</object>
</annotation>
