<annotation>
	<folder></folder>
	<filename>1608645760_8_jpg.rf.1508293b917b86d6ef4e92b8d0235696.jpg</filename>
	<path>1608645760_8_jpg.rf.1508293b917b86d6ef4e92b8d0235696.jpg</path>
	<source>
		<database>roboflow.ai</database>
	</source>
	<size>
		<width>640</width>
		<height>480</height>
		<depth>3</depth>
	</size>
	<segmented>0</segmented>
	<object>
		<name>megot</name>
		<pose>Unspecified</pose>
		<truncated>0</truncated>
		<difficult>0</difficult>
		<occluded>0</occluded>
		<bndbox>
			<xmin>193</xmin>
			<xmax>296</xmax>
			<ymin>70</ymin>
			<ymax>308</ymax>
		</bndbox>
	</object>
</annotation>
