<annotation>
	<folder></folder>
	<filename>1608648034_9_jpg.rf.b539d7f048abac0a9c62303be61d0ad2.jpg</filename>
	<path>1608648034_9_jpg.rf.b539d7f048abac0a9c62303be61d0ad2.jpg</path>
	<source>
		<database>roboflow.ai</database>
	</source>
	<size>
		<width>640</width>
		<height>480</height>
		<depth>3</depth>
	</size>
	<segmented>0</segmented>
	<object>
		<name>megot</name>
		<pose>Unspecified</pose>
		<truncated>0</truncated>
		<difficult>0</difficult>
		<occluded>0</occluded>
		<bndbox>
			<xmin>277</xmin>
			<xmax>375</xmax>
			<ymin>211</ymin>
			<ymax>423</ymax>
		</bndbox>
	</object>
</annotation>
