<annotation>
	<folder></folder>
	<filename>1608645577_4_jpg.rf.2e69ac0099c8d7cc6d0c1793e6c6f0be.jpg</filename>
	<path>1608645577_4_jpg.rf.2e69ac0099c8d7cc6d0c1793e6c6f0be.jpg</path>
	<source>
		<database>roboflow.ai</database>
	</source>
	<size>
		<width>640</width>
		<height>480</height>
		<depth>3</depth>
	</size>
	<segmented>0</segmented>
	<object>
		<name>megot</name>
		<pose>Unspecified</pose>
		<truncated>0</truncated>
		<difficult>0</difficult>
		<occluded>0</occluded>
		<bndbox>
			<xmin>298</xmin>
			<xmax>454</xmax>
			<ymin>87</ymin>
			<ymax>294</ymax>
		</bndbox>
	</object>
</annotation>
