<annotation>
	<folder></folder>
	<filename>1608645633_5_jpg.rf.1095107d4bf61aae0e50f6252a18b9ff.jpg</filename>
	<path>1608645633_5_jpg.rf.1095107d4bf61aae0e50f6252a18b9ff.jpg</path>
	<source>
		<database>roboflow.ai</database>
	</source>
	<size>
		<width>640</width>
		<height>480</height>
		<depth>3</depth>
	</size>
	<segmented>0</segmented>
	<object>
		<name>megot</name>
		<pose>Unspecified</pose>
		<truncated>0</truncated>
		<difficult>0</difficult>
		<occluded>0</occluded>
		<bndbox>
			<xmin>272</xmin>
			<xmax>438</xmax>
			<ymin>183</ymin>
			<ymax>342</ymax>
		</bndbox>
	</object>
</annotation>
