<annotation>
	<folder></folder>
	<filename>1608647212_6_jpg.rf.a4a834c2c8614b2df81e8597e618e49d.jpg</filename>
	<path>1608647212_6_jpg.rf.a4a834c2c8614b2df81e8597e618e49d.jpg</path>
	<source>
		<database>roboflow.ai</database>
	</source>
	<size>
		<width>640</width>
		<height>480</height>
		<depth>3</depth>
	</size>
	<segmented>0</segmented>
	<object>
		<name>megot</name>
		<pose>Unspecified</pose>
		<truncated>0</truncated>
		<difficult>0</difficult>
		<occluded>0</occluded>
		<bndbox>
			<xmin>192</xmin>
			<xmax>375</xmax>
			<ymin>206</ymin>
			<ymax>337</ymax>
		</bndbox>
	</object>
</annotation>
