<annotation>
	<folder></folder>
	<filename>1608646931_2_jpg.rf.52e57a1d9e508c1426cf4c3bf3548e30.jpg</filename>
	<path>1608646931_2_jpg.rf.52e57a1d9e508c1426cf4c3bf3548e30.jpg</path>
	<source>
		<database>roboflow.ai</database>
	</source>
	<size>
		<width>640</width>
		<height>480</height>
		<depth>3</depth>
	</size>
	<segmented>0</segmented>
	<object>
		<name>megot</name>
		<pose>Unspecified</pose>
		<truncated>0</truncated>
		<difficult>0</difficult>
		<occluded>0</occluded>
		<bndbox>
			<xmin>337</xmin>
			<xmax>492</xmax>
			<ymin>293</ymin>
			<ymax>479</ymax>
		</bndbox>
	</object>
</annotation>
