<annotation>
	<folder></folder>
	<filename>1608647601_5_jpg.rf.2b8d236c03d9e83847d9ddc0651a402d.jpg</filename>
	<path>1608647601_5_jpg.rf.2b8d236c03d9e83847d9ddc0651a402d.jpg</path>
	<source>
		<database>roboflow.ai</database>
	</source>
	<size>
		<width>640</width>
		<height>480</height>
		<depth>3</depth>
	</size>
	<segmented>0</segmented>
	<object>
		<name>megot</name>
		<pose>Unspecified</pose>
		<truncated>0</truncated>
		<difficult>0</difficult>
		<occluded>0</occluded>
		<bndbox>
			<xmin>247</xmin>
			<xmax>423</xmax>
			<ymin>314</ymin>
			<ymax>479</ymax>
		</bndbox>
	</object>
</annotation>
