<annotation>
	<folder></folder>
	<filename>1608647147_1_jpg.rf.f463d2b40a8b9cc1b5aab96445fb121b.jpg</filename>
	<path>1608647147_1_jpg.rf.f463d2b40a8b9cc1b5aab96445fb121b.jpg</path>
	<source>
		<database>roboflow.ai</database>
	</source>
	<size>
		<width>640</width>
		<height>480</height>
		<depth>3</depth>
	</size>
	<segmented>0</segmented>
	<object>
		<name>megot</name>
		<pose>Unspecified</pose>
		<truncated>0</truncated>
		<difficult>0</difficult>
		<occluded>0</occluded>
		<bndbox>
			<xmin>322</xmin>
			<xmax>436</xmax>
			<ymin>219</ymin>
			<ymax>356</ymax>
		</bndbox>
	</object>
</annotation>
