<annotation>
	<folder></folder>
	<filename>1608645529_9_jpg.rf.8461d77f3b9fa0e7825750a4f871907b.jpg</filename>
	<path>1608645529_9_jpg.rf.8461d77f3b9fa0e7825750a4f871907b.jpg</path>
	<source>
		<database>roboflow.ai</database>
	</source>
	<size>
		<width>640</width>
		<height>480</height>
		<depth>3</depth>
	</size>
	<segmented>0</segmented>
	<object>
		<name>megot</name>
		<pose>Unspecified</pose>
		<truncated>0</truncated>
		<difficult>0</difficult>
		<occluded>0</occluded>
		<bndbox>
			<xmin>267</xmin>
			<xmax>478</xmax>
			<ymin>193</ymin>
			<ymax>317</ymax>
		</bndbox>
	</object>
</annotation>
