<annotation>
	<folder></folder>
	<filename>1608647730_4_jpg.rf.fdd2d45a7517832817cac306bae4d409.jpg</filename>
	<path>1608647730_4_jpg.rf.fdd2d45a7517832817cac306bae4d409.jpg</path>
	<source>
		<database>roboflow.ai</database>
	</source>
	<size>
		<width>640</width>
		<height>480</height>
		<depth>3</depth>
	</size>
	<segmented>0</segmented>
	<object>
		<name>megot</name>
		<pose>Unspecified</pose>
		<truncated>0</truncated>
		<difficult>0</difficult>
		<occluded>0</occluded>
		<bndbox>
			<xmin>180</xmin>
			<xmax>353</xmax>
			<ymin>105</ymin>
			<ymax>244</ymax>
		</bndbox>
	</object>
</annotation>
