<annotation>
	<folder></folder>
	<filename>1608647552_5_jpg.rf.7c4973b2af2b5993fd682682262de935.jpg</filename>
	<path>1608647552_5_jpg.rf.7c4973b2af2b5993fd682682262de935.jpg</path>
	<source>
		<database>roboflow.ai</database>
	</source>
	<size>
		<width>640</width>
		<height>480</height>
		<depth>3</depth>
	</size>
	<segmented>0</segmented>
	<object>
		<name>megot</name>
		<pose>Unspecified</pose>
		<truncated>0</truncated>
		<difficult>0</difficult>
		<occluded>0</occluded>
		<bndbox>
			<xmin>161</xmin>
			<xmax>338</xmax>
			<ymin>193</ymin>
			<ymax>296</ymax>
		</bndbox>
	</object>
</annotation>
