<annotation>
	<folder></folder>
	<filename>1608647377_jpg.rf.dbfc6c082c984970babc3e904f33b8d7.jpg</filename>
	<path>1608647377_jpg.rf.dbfc6c082c984970babc3e904f33b8d7.jpg</path>
	<source>
		<database>roboflow.ai</database>
	</source>
	<size>
		<width>640</width>
		<height>480</height>
		<depth>3</depth>
	</size>
	<segmented>0</segmented>
	<object>
		<name>megot</name>
		<pose>Unspecified</pose>
		<truncated>0</truncated>
		<difficult>0</difficult>
		<occluded>0</occluded>
		<bndbox>
			<xmin>138</xmin>
			<xmax>397</xmax>
			<ymin>155</ymin>
			<ymax>277</ymax>
		</bndbox>
	</object>
</annotation>
