<annotation>
	<folder></folder>
	<filename>1608645886_4_jpg.rf.e22aad048f4b4533a9aa06a07a7f9cde.jpg</filename>
	<path>1608645886_4_jpg.rf.e22aad048f4b4533a9aa06a07a7f9cde.jpg</path>
	<source>
		<database>roboflow.ai</database>
	</source>
	<size>
		<width>640</width>
		<height>480</height>
		<depth>3</depth>
	</size>
	<segmented>0</segmented>
	<object>
		<name>megot</name>
		<pose>Unspecified</pose>
		<truncated>0</truncated>
		<difficult>0</difficult>
		<occluded>0</occluded>
		<bndbox>
			<xmin>244</xmin>
			<xmax>373</xmax>
			<ymin>197</ymin>
			<ymax>370</ymax>
		</bndbox>
	</object>
</annotation>
