<annotation>
	<folder></folder>
	<filename>1608647984_6_jpg.rf.ad4a1f380903e0309bad627c47b0b3d2.jpg</filename>
	<path>1608647984_6_jpg.rf.ad4a1f380903e0309bad627c47b0b3d2.jpg</path>
	<source>
		<database>roboflow.ai</database>
	</source>
	<size>
		<width>640</width>
		<height>480</height>
		<depth>3</depth>
	</size>
	<segmented>0</segmented>
	<object>
		<name>megot</name>
		<pose>Unspecified</pose>
		<truncated>0</truncated>
		<difficult>0</difficult>
		<occluded>0</occluded>
		<bndbox>
			<xmin>206</xmin>
			<xmax>377</xmax>
			<ymin>159</ymin>
			<ymax>324</ymax>
		</bndbox>
	</object>
</annotation>
