<annotation>
	<folder></folder>
	<filename>1608645936_4_jpg.rf.b23e2a6289f6ad754f6e52158d8473ba.jpg</filename>
	<path>1608645936_4_jpg.rf.b23e2a6289f6ad754f6e52158d8473ba.jpg</path>
	<source>
		<database>roboflow.ai</database>
	</source>
	<size>
		<width>640</width>
		<height>480</height>
		<depth>3</depth>
	</size>
	<segmented>0</segmented>
	<object>
		<name>megot</name>
		<pose>Unspecified</pose>
		<truncated>0</truncated>
		<difficult>0</difficult>
		<occluded>0</occluded>
		<bndbox>
			<xmin>213</xmin>
			<xmax>297</xmax>
			<ymin>174</ymin>
			<ymax>310</ymax>
		</bndbox>
	</object>
</annotation>
