<annotation>
	<folder></folder>
	<filename>1608645973_8_jpg.rf.7d5088b066c39249f503c40fa27b670e.jpg</filename>
	<path>1608645973_8_jpg.rf.7d5088b066c39249f503c40fa27b670e.jpg</path>
	<source>
		<database>roboflow.ai</database>
	</source>
	<size>
		<width>640</width>
		<height>480</height>
		<depth>3</depth>
	</size>
	<segmented>0</segmented>
	<object>
		<name>megot</name>
		<pose>Unspecified</pose>
		<truncated>0</truncated>
		<difficult>0</difficult>
		<occluded>0</occluded>
		<bndbox>
			<xmin>202</xmin>
			<xmax>396</xmax>
			<ymin>156</ymin>
			<ymax>368</ymax>
		</bndbox>
	</object>
</annotation>
