<annotation>
	<folder></folder>
	<filename>1608647563_5_jpg.rf.ff780f253071ecc2f71c3e251b384848.jpg</filename>
	<path>1608647563_5_jpg.rf.ff780f253071ecc2f71c3e251b384848.jpg</path>
	<source>
		<database>roboflow.ai</database>
	</source>
	<size>
		<width>640</width>
		<height>480</height>
		<depth>3</depth>
	</size>
	<segmented>0</segmented>
	<object>
		<name>megot</name>
		<pose>Unspecified</pose>
		<truncated>0</truncated>
		<difficult>0</difficult>
		<occluded>0</occluded>
		<bndbox>
			<xmin>290</xmin>
			<xmax>433</xmax>
			<ymin>198</ymin>
			<ymax>376</ymax>
		</bndbox>
	</object>
</annotation>
