<annotation>
	<folder></folder>
	<filename>1608646917_4_jpg.rf.8e4a62a8f602a552883a8599f57ad2cf.jpg</filename>
	<path>1608646917_4_jpg.rf.8e4a62a8f602a552883a8599f57ad2cf.jpg</path>
	<source>
		<database>roboflow.ai</database>
	</source>
	<size>
		<width>640</width>
		<height>480</height>
		<depth>3</depth>
	</size>
	<segmented>0</segmented>
	<object>
		<name>megot</name>
		<pose>Unspecified</pose>
		<truncated>0</truncated>
		<difficult>0</difficult>
		<occluded>0</occluded>
		<bndbox>
			<xmin>263</xmin>
			<xmax>412</xmax>
			<ymin>171</ymin>
			<ymax>392</ymax>
		</bndbox>
	</object>
</annotation>
