<annotation>
	<folder></folder>
	<filename>1608644703_7_jpg.rf.4e284175d229b4c5ec491db5e345e6e7.jpg</filename>
	<path>1608644703_7_jpg.rf.4e284175d229b4c5ec491db5e345e6e7.jpg</path>
	<source>
		<database>roboflow.ai</database>
	</source>
	<size>
		<width>640</width>
		<height>480</height>
		<depth>3</depth>
	</size>
	<segmented>0</segmented>
	<object>
		<name>megot</name>
		<pose>Unspecified</pose>
		<truncated>0</truncated>
		<difficult>0</difficult>
		<occluded>0</occluded>
		<bndbox>
			<xmin>279</xmin>
			<xmax>424</xmax>
			<ymin>88</ymin>
			<ymax>278</ymax>
		</bndbox>
	</object>
</annotation>
