<annotation>
	<folder></folder>
	<filename>1608647326_7_jpg.rf.8c7d46f29daf0d8e2cfb117f9fd06848.jpg</filename>
	<path>1608647326_7_jpg.rf.8c7d46f29daf0d8e2cfb117f9fd06848.jpg</path>
	<source>
		<database>roboflow.ai</database>
	</source>
	<size>
		<width>640</width>
		<height>480</height>
		<depth>3</depth>
	</size>
	<segmented>0</segmented>
	<object>
		<name>megot</name>
		<pose>Unspecified</pose>
		<truncated>0</truncated>
		<difficult>0</difficult>
		<occluded>0</occluded>
		<bndbox>
			<xmin>123</xmin>
			<xmax>325</xmax>
			<ymin>24</ymin>
			<ymax>244</ymax>
		</bndbox>
	</object>
</annotation>
