<annotation>
	<folder></folder>
	<filename>1608648090_8_jpg.rf.8eef71bf6c71cecb495e422324a2a34b.jpg</filename>
	<path>1608648090_8_jpg.rf.8eef71bf6c71cecb495e422324a2a34b.jpg</path>
	<source>
		<database>roboflow.ai</database>
	</source>
	<size>
		<width>640</width>
		<height>480</height>
		<depth>3</depth>
	</size>
	<segmented>0</segmented>
	<object>
		<name>megot</name>
		<pose>Unspecified</pose>
		<truncated>0</truncated>
		<difficult>0</difficult>
		<occluded>0</occluded>
		<bndbox>
			<xmin>163</xmin>
			<xmax>379</xmax>
			<ymin>263</ymin>
			<ymax>426</ymax>
		</bndbox>
	</object>
</annotation>
