<annotation>
	<folder></folder>
	<filename>1608645936_0_jpg.rf.9c21b388b1564edf065e911a7110c39e.jpg</filename>
	<path>1608645936_0_jpg.rf.9c21b388b1564edf065e911a7110c39e.jpg</path>
	<source>
		<database>roboflow.ai</database>
	</source>
	<size>
		<width>640</width>
		<height>480</height>
		<depth>3</depth>
	</size>
	<segmented>0</segmented>
	<object>
		<name>megot</name>
		<pose>Unspecified</pose>
		<truncated>0</truncated>
		<difficult>0</difficult>
		<occluded>0</occluded>
		<bndbox>
			<xmin>339</xmin>
			<xmax>423</xmax>
			<ymin>162</ymin>
			<ymax>295</ymax>
		</bndbox>
	</object>
</annotation>
