<annotation>
	<folder></folder>
	<filename>1608648127_1_jpg.rf.9f46b1685d98900624b343716363890c.jpg</filename>
	<path>1608648127_1_jpg.rf.9f46b1685d98900624b343716363890c.jpg</path>
	<source>
		<database>roboflow.ai</database>
	</source>
	<size>
		<width>640</width>
		<height>480</height>
		<depth>3</depth>
	</size>
	<segmented>0</segmented>
	<object>
		<name>megot</name>
		<pose>Unspecified</pose>
		<truncated>0</truncated>
		<difficult>0</difficult>
		<occluded>0</occluded>
		<bndbox>
			<xmin>238</xmin>
			<xmax>475</xmax>
			<ymin>100</ymin>
			<ymax>263</ymax>
		</bndbox>
	</object>
</annotation>
