<annotation>
	<folder></folder>
	<filename>1608647338_1_jpg.rf.28c71029950b158467bdfe0db50a0815.jpg</filename>
	<path>1608647338_1_jpg.rf.28c71029950b158467bdfe0db50a0815.jpg</path>
	<source>
		<database>roboflow.ai</database>
	</source>
	<size>
		<width>640</width>
		<height>480</height>
		<depth>3</depth>
	</size>
	<segmented>0</segmented>
	<object>
		<name>megot</name>
		<pose>Unspecified</pose>
		<truncated>0</truncated>
		<difficult>0</difficult>
		<occluded>0</occluded>
		<bndbox>
			<xmin>131</xmin>
			<xmax>296</xmax>
			<ymin>215</ymin>
			<ymax>479</ymax>
		</bndbox>
	</object>
</annotation>
