<annotation>
	<folder></folder>
	<filename>1608645973_2_jpg.rf.464ca85b1db001050bd869c948a879d3.jpg</filename>
	<path>1608645973_2_jpg.rf.464ca85b1db001050bd869c948a879d3.jpg</path>
	<source>
		<database>roboflow.ai</database>
	</source>
	<size>
		<width>640</width>
		<height>480</height>
		<depth>3</depth>
	</size>
	<segmented>0</segmented>
	<object>
		<name>megot</name>
		<pose>Unspecified</pose>
		<truncated>0</truncated>
		<difficult>0</difficult>
		<occluded>0</occluded>
		<bndbox>
			<xmin>247</xmin>
			<xmax>453</xmax>
			<ymin>128</ymin>
			<ymax>335</ymax>
		</bndbox>
	</object>
</annotation>
