<annotation>
	<folder></folder>
	<filename>1608647563_3_jpg.rf.c389f4374a402359fa6a426eff703d10.jpg</filename>
	<path>1608647563_3_jpg.rf.c389f4374a402359fa6a426eff703d10.jpg</path>
	<source>
		<database>roboflow.ai</database>
	</source>
	<size>
		<width>640</width>
		<height>480</height>
		<depth>3</depth>
	</size>
	<segmented>0</segmented>
	<object>
		<name>megot</name>
		<pose>Unspecified</pose>
		<truncated>0</truncated>
		<difficult>0</difficult>
		<occluded>0</occluded>
		<bndbox>
			<xmin>293</xmin>
			<xmax>458</xmax>
			<ymin>111</ymin>
			<ymax>315</ymax>
		</bndbox>
	</object>
</annotation>
