<annotation>
	<folder></folder>
	<filename>1608648027_9_jpg.rf.059ab307809074aaefd5d0b7c62de5e7.jpg</filename>
	<path>1608648027_9_jpg.rf.059ab307809074aaefd5d0b7c62de5e7.jpg</path>
	<source>
		<database>roboflow.ai</database>
	</source>
	<size>
		<width>640</width>
		<height>480</height>
		<depth>3</depth>
	</size>
	<segmented>0</segmented>
	<object>
		<name>megot</name>
		<pose>Unspecified</pose>
		<truncated>0</truncated>
		<difficult>0</difficult>
		<occluded>0</occluded>
		<bndbox>
			<xmin>213</xmin>
			<xmax>322</xmax>
			<ymin>98</ymin>
			<ymax>296</ymax>
		</bndbox>
	</object>
</annotation>
