<annotation>
	<folder></folder>
	<filename>1608648135_4_jpg.rf.2556e1a8740a93cb6b9739b0ff09f1bb.jpg</filename>
	<path>1608648135_4_jpg.rf.2556e1a8740a93cb6b9739b0ff09f1bb.jpg</path>
	<source>
		<database>roboflow.ai</database>
	</source>
	<size>
		<width>640</width>
		<height>480</height>
		<depth>3</depth>
	</size>
	<segmented>0</segmented>
	<object>
		<name>megot</name>
		<pose>Unspecified</pose>
		<truncated>0</truncated>
		<difficult>0</difficult>
		<occluded>0</occluded>
		<bndbox>
			<xmin>308</xmin>
			<xmax>405</xmax>
			<ymin>14</ymin>
			<ymax>167</ymax>
		</bndbox>
	</object>
</annotation>
