<annotation>
	<folder></folder>
	<filename>1608647802_1_jpg.rf.5a1432c1c3a0ff86a75a8ad4d610b546.jpg</filename>
	<path>1608647802_1_jpg.rf.5a1432c1c3a0ff86a75a8ad4d610b546.jpg</path>
	<source>
		<database>roboflow.ai</database>
	</source>
	<size>
		<width>640</width>
		<height>480</height>
		<depth>3</depth>
	</size>
	<segmented>0</segmented>
	<object>
		<name>megot</name>
		<pose>Unspecified</pose>
		<truncated>0</truncated>
		<difficult>0</difficult>
		<occluded>0</occluded>
		<bndbox>
			<xmin>182</xmin>
			<xmax>384</xmax>
			<ymin>237</ymin>
			<ymax>327</ymax>
		</bndbox>
	</object>
</annotation>
