<annotation>
	<folder></folder>
	<filename>1608647650_1_jpg.rf.83219d30badb48cd9d5254402aa7ac7c.jpg</filename>
	<path>1608647650_1_jpg.rf.83219d30badb48cd9d5254402aa7ac7c.jpg</path>
	<source>
		<database>roboflow.ai</database>
	</source>
	<size>
		<width>640</width>
		<height>480</height>
		<depth>3</depth>
	</size>
	<segmented>0</segmented>
	<object>
		<name>megot</name>
		<pose>Unspecified</pose>
		<truncated>0</truncated>
		<difficult>0</difficult>
		<occluded>0</occluded>
		<bndbox>
			<xmin>356</xmin>
			<xmax>517</xmax>
			<ymin>5</ymin>
			<ymax>145</ymax>
		</bndbox>
	</object>
</annotation>
