<annotation>
	<folder></folder>
	<filename>1608645544_2_jpg.rf.5a0978a32cf768305bfa99b659e19195.jpg</filename>
	<path>1608645544_2_jpg.rf.5a0978a32cf768305bfa99b659e19195.jpg</path>
	<source>
		<database>roboflow.ai</database>
	</source>
	<size>
		<width>640</width>
		<height>480</height>
		<depth>3</depth>
	</size>
	<segmented>0</segmented>
	<object>
		<name>megot</name>
		<pose>Unspecified</pose>
		<truncated>0</truncated>
		<difficult>0</difficult>
		<occluded>0</occluded>
		<bndbox>
			<xmin>242</xmin>
			<xmax>361</xmax>
			<ymin>247</ymin>
			<ymax>461</ymax>
		</bndbox>
	</object>
</annotation>
