<annotation>
	<folder></folder>
	<filename>1608647936_7_jpg.rf.49afc242902d95a5692207fadeef8cfa.jpg</filename>
	<path>1608647936_7_jpg.rf.49afc242902d95a5692207fadeef8cfa.jpg</path>
	<source>
		<database>roboflow.ai</database>
	</source>
	<size>
		<width>640</width>
		<height>480</height>
		<depth>3</depth>
	</size>
	<segmented>0</segmented>
	<object>
		<name>megot</name>
		<pose>Unspecified</pose>
		<truncated>0</truncated>
		<difficult>0</difficult>
		<occluded>0</occluded>
		<bndbox>
			<xmin>356</xmin>
			<xmax>466</xmax>
			<ymin>153</ymin>
			<ymax>284</ymax>
		</bndbox>
	</object>
</annotation>
