<annotation>
	<folder></folder>
	<filename>1608645877_6_jpg.rf.e9d8c874b727f2a87b1b0db3a4b3231c.jpg</filename>
	<path>1608645877_6_jpg.rf.e9d8c874b727f2a87b1b0db3a4b3231c.jpg</path>
	<source>
		<database>roboflow.ai</database>
	</source>
	<size>
		<width>640</width>
		<height>480</height>
		<depth>3</depth>
	</size>
	<segmented>0</segmented>
	<object>
		<name>megot</name>
		<pose>Unspecified</pose>
		<truncated>0</truncated>
		<difficult>0</difficult>
		<occluded>0</occluded>
		<bndbox>
			<xmin>173</xmin>
			<xmax>365</xmax>
			<ymin>202</ymin>
			<ymax>362</ymax>
		</bndbox>
	</object>
</annotation>
