<annotation>
	<folder></folder>
	<filename>1608647053_4_jpg.rf.ff3e5b0813993d3858277cab18ff0397.jpg</filename>
	<path>1608647053_4_jpg.rf.ff3e5b0813993d3858277cab18ff0397.jpg</path>
	<source>
		<database>roboflow.ai</database>
	</source>
	<size>
		<width>640</width>
		<height>480</height>
		<depth>3</depth>
	</size>
	<segmented>0</segmented>
	<object>
		<name>megot</name>
		<pose>Unspecified</pose>
		<truncated>0</truncated>
		<difficult>0</difficult>
		<occluded>0</occluded>
		<bndbox>
			<xmin>173</xmin>
			<xmax>384</xmax>
			<ymin>243</ymin>
			<ymax>448</ymax>
		</bndbox>
	</object>
</annotation>
