<annotation>
	<folder></folder>
	<filename>1608647410_6_jpg.rf.a5d30f84f18d680b078608fb7e431f0c.jpg</filename>
	<path>1608647410_6_jpg.rf.a5d30f84f18d680b078608fb7e431f0c.jpg</path>
	<source>
		<database>roboflow.ai</database>
	</source>
	<size>
		<width>640</width>
		<height>480</height>
		<depth>3</depth>
	</size>
	<segmented>0</segmented>
	<object>
		<name>megot</name>
		<pose>Unspecified</pose>
		<truncated>0</truncated>
		<difficult>0</difficult>
		<occluded>0</occluded>
		<bndbox>
			<xmin>271</xmin>
			<xmax>494</xmax>
			<ymin>216</ymin>
			<ymax>340</ymax>
		</bndbox>
	</object>
</annotation>
