<annotation>
	<folder></folder>
	<filename>1608647453_8_jpg.rf.3eb160933407a19884ad4728ca1f8b4c.jpg</filename>
	<path>1608647453_8_jpg.rf.3eb160933407a19884ad4728ca1f8b4c.jpg</path>
	<source>
		<database>roboflow.ai</database>
	</source>
	<size>
		<width>640</width>
		<height>480</height>
		<depth>3</depth>
	</size>
	<segmented>0</segmented>
	<object>
		<name>megot</name>
		<pose>Unspecified</pose>
		<truncated>0</truncated>
		<difficult>0</difficult>
		<occluded>0</occluded>
		<bndbox>
			<xmin>324</xmin>
			<xmax>545</xmax>
			<ymin>236</ymin>
			<ymax>390</ymax>
		</bndbox>
	</object>
</annotation>
