<annotation>
	<folder></folder>
	<filename>1608648090_5_jpg.rf.c51db1367651ae53b282e798d2f6fd93.jpg</filename>
	<path>1608648090_5_jpg.rf.c51db1367651ae53b282e798d2f6fd93.jpg</path>
	<source>
		<database>roboflow.ai</database>
	</source>
	<size>
		<width>640</width>
		<height>480</height>
		<depth>3</depth>
	</size>
	<segmented>0</segmented>
	<object>
		<name>megot</name>
		<pose>Unspecified</pose>
		<truncated>0</truncated>
		<difficult>0</difficult>
		<occluded>0</occluded>
		<bndbox>
			<xmin>129</xmin>
			<xmax>363</xmax>
			<ymin>234</ymin>
			<ymax>410</ymax>
		</bndbox>
	</object>
</annotation>
