<annotation>
	<folder></folder>
	<filename>1608647338_2_jpg.rf.9f03898b9c2b6fb4ea507b628a55f8f2.jpg</filename>
	<path>1608647338_2_jpg.rf.9f03898b9c2b6fb4ea507b628a55f8f2.jpg</path>
	<source>
		<database>roboflow.ai</database>
	</source>
	<size>
		<width>640</width>
		<height>480</height>
		<depth>3</depth>
	</size>
	<segmented>0</segmented>
	<object>
		<name>megot</name>
		<pose>Unspecified</pose>
		<truncated>0</truncated>
		<difficult>0</difficult>
		<occluded>0</occluded>
		<bndbox>
			<xmin>107</xmin>
			<xmax>257</xmax>
			<ymin>9</ymin>
			<ymax>276</ymax>
		</bndbox>
	</object>
</annotation>
