<annotation>
	<folder></folder>
	<filename>1608645984_2_jpg.rf.367cc00e9412abe0244225810702c19a.jpg</filename>
	<path>1608645984_2_jpg.rf.367cc00e9412abe0244225810702c19a.jpg</path>
	<source>
		<database>roboflow.ai</database>
	</source>
	<size>
		<width>640</width>
		<height>480</height>
		<depth>3</depth>
	</size>
	<segmented>0</segmented>
	<object>
		<name>megot</name>
		<pose>Unspecified</pose>
		<truncated>0</truncated>
		<difficult>0</difficult>
		<occluded>0</occluded>
		<bndbox>
			<xmin>249</xmin>
			<xmax>489</xmax>
			<ymin>174</ymin>
			<ymax>249</ymax>
		</bndbox>
	</object>
</annotation>
