<annotation>
	<folder></folder>
	<filename>1608647186_7_jpg.rf.2b80169f5ad0dd811c003024329ab1dc.jpg</filename>
	<path>1608647186_7_jpg.rf.2b80169f5ad0dd811c003024329ab1dc.jpg</path>
	<source>
		<database>roboflow.ai</database>
	</source>
	<size>
		<width>640</width>
		<height>480</height>
		<depth>3</depth>
	</size>
	<segmented>0</segmented>
	<object>
		<name>megot</name>
		<pose>Unspecified</pose>
		<truncated>0</truncated>
		<difficult>0</difficult>
		<occluded>0</occluded>
		<bndbox>
			<xmin>134</xmin>
			<xmax>330</xmax>
			<ymin>55</ymin>
			<ymax>192</ymax>
		</bndbox>
	</object>
</annotation>
