<annotation>
	<folder></folder>
	<filename>1608647936_jpg.rf.95858e408a18bd24f4be7496d1a1a363.jpg</filename>
	<path>1608647936_jpg.rf.95858e408a18bd24f4be7496d1a1a363.jpg</path>
	<source>
		<database>roboflow.ai</database>
	</source>
	<size>
		<width>640</width>
		<height>480</height>
		<depth>3</depth>
	</size>
	<segmented>0</segmented>
	<object>
		<name>megot</name>
		<pose>Unspecified</pose>
		<truncated>0</truncated>
		<difficult>0</difficult>
		<occluded>0</occluded>
		<bndbox>
			<xmin>187</xmin>
			<xmax>298</xmax>
			<ymin>145</ymin>
			<ymax>278</ymax>
		</bndbox>
	</object>
</annotation>
