<annotation>
	<folder></folder>
	<filename>1608645513_1_jpg.rf.1c22d3e2f7f1326ecdaf44c2e7c5d819.jpg</filename>
	<path>1608645513_1_jpg.rf.1c22d3e2f7f1326ecdaf44c2e7c5d819.jpg</path>
	<source>
		<database>roboflow.ai</database>
	</source>
	<size>
		<width>640</width>
		<height>480</height>
		<depth>3</depth>
	</size>
	<segmented>0</segmented>
	<object>
		<name>megot</name>
		<pose>Unspecified</pose>
		<truncated>0</truncated>
		<difficult>0</difficult>
		<occluded>0</occluded>
		<bndbox>
			<xmin>260</xmin>
			<xmax>363</xmax>
			<ymin>56</ymin>
			<ymax>283</ymax>
		</bndbox>
	</object>
</annotation>
