<annotation>
	<folder></folder>
	<filename>1608647936_9_jpg.rf.1b7e6cb02846fcd97850e8bc8c0ac1f6.jpg</filename>
	<path>1608647936_9_jpg.rf.1b7e6cb02846fcd97850e8bc8c0ac1f6.jpg</path>
	<source>
		<database>roboflow.ai</database>
	</source>
	<size>
		<width>640</width>
		<height>480</height>
		<depth>3</depth>
	</size>
	<segmented>0</segmented>
	<object>
		<name>megot</name>
		<pose>Unspecified</pose>
		<truncated>0</truncated>
		<difficult>0</difficult>
		<occluded>0</occluded>
		<bndbox>
			<xmin>334</xmin>
			<xmax>437</xmax>
			<ymin>204</ymin>
			<ymax>329</ymax>
		</bndbox>
	</object>
</annotation>
