<annotation>
	<folder></folder>
	<filename>1608647274_2_jpg.rf.12503915b91ae0e572728467b13bd469.jpg</filename>
	<path>1608647274_2_jpg.rf.12503915b91ae0e572728467b13bd469.jpg</path>
	<source>
		<database>roboflow.ai</database>
	</source>
	<size>
		<width>640</width>
		<height>480</height>
		<depth>3</depth>
	</size>
	<segmented>0</segmented>
	<object>
		<name>megot</name>
		<pose>Unspecified</pose>
		<truncated>0</truncated>
		<difficult>0</difficult>
		<occluded>0</occluded>
		<bndbox>
			<xmin>293</xmin>
			<xmax>389</xmax>
			<ymin>141</ymin>
			<ymax>345</ymax>
		</bndbox>
	</object>
</annotation>
