<annotation>
	<folder></folder>
	<filename>1608647918_5_jpg.rf.c886b1708c1fbd3f9b89aff17e10d969.jpg</filename>
	<path>1608647918_5_jpg.rf.c886b1708c1fbd3f9b89aff17e10d969.jpg</path>
	<source>
		<database>roboflow.ai</database>
	</source>
	<size>
		<width>640</width>
		<height>480</height>
		<depth>3</depth>
	</size>
	<segmented>0</segmented>
	<object>
		<name>megot</name>
		<pose>Unspecified</pose>
		<truncated>0</truncated>
		<difficult>0</difficult>
		<occluded>0</occluded>
		<bndbox>
			<xmin>294</xmin>
			<xmax>432</xmax>
			<ymin>156</ymin>
			<ymax>321</ymax>
		</bndbox>
	</object>
</annotation>
