<annotation>
	<folder></folder>
	<filename>1608647695_8_jpg.rf.ecd5d4738707808d8dfbeb0f12a9dbfd.jpg</filename>
	<path>1608647695_8_jpg.rf.ecd5d4738707808d8dfbeb0f12a9dbfd.jpg</path>
	<source>
		<database>roboflow.ai</database>
	</source>
	<size>
		<width>640</width>
		<height>480</height>
		<depth>3</depth>
	</size>
	<segmented>0</segmented>
	<object>
		<name>megot</name>
		<pose>Unspecified</pose>
		<truncated>0</truncated>
		<difficult>0</difficult>
		<occluded>0</occluded>
		<bndbox>
			<xmin>273</xmin>
			<xmax>491</xmax>
			<ymin>146</ymin>
			<ymax>302</ymax>
		</bndbox>
	</object>
</annotation>
