<annotation>
	<folder></folder>
	<filename>1608645788_1_jpg.rf.acd613501af7abcc6b188c5ca5a56829.jpg</filename>
	<path>1608645788_1_jpg.rf.acd613501af7abcc6b188c5ca5a56829.jpg</path>
	<source>
		<database>roboflow.ai</database>
	</source>
	<size>
		<width>640</width>
		<height>480</height>
		<depth>3</depth>
	</size>
	<segmented>0</segmented>
	<object>
		<name>megot</name>
		<pose>Unspecified</pose>
		<truncated>0</truncated>
		<difficult>0</difficult>
		<occluded>0</occluded>
		<bndbox>
			<xmin>357</xmin>
			<xmax>491</xmax>
			<ymin>21</ymin>
			<ymax>207</ymax>
		</bndbox>
	</object>
</annotation>
