<annotation>
	<folder></folder>
	<filename>1608647753_jpg.rf.2aa24f5c32a6deb520b0596de4841355.jpg</filename>
	<path>1608647753_jpg.rf.2aa24f5c32a6deb520b0596de4841355.jpg</path>
	<source>
		<database>roboflow.ai</database>
	</source>
	<size>
		<width>640</width>
		<height>480</height>
		<depth>3</depth>
	</size>
	<segmented>0</segmented>
	<object>
		<name>megot</name>
		<pose>Unspecified</pose>
		<truncated>0</truncated>
		<difficult>0</difficult>
		<occluded>0</occluded>
		<bndbox>
			<xmin>221</xmin>
			<xmax>429</xmax>
			<ymin>216</ymin>
			<ymax>343</ymax>
		</bndbox>
	</object>
</annotation>
