<annotation>
	<folder></folder>
	<filename>1608647787_jpg.rf.879154f84e7dd34050f7335efb5818f4.jpg</filename>
	<path>1608647787_jpg.rf.879154f84e7dd34050f7335efb5818f4.jpg</path>
	<source>
		<database>roboflow.ai</database>
	</source>
	<size>
		<width>640</width>
		<height>480</height>
		<depth>3</depth>
	</size>
	<segmented>0</segmented>
	<object>
		<name>megot</name>
		<pose>Unspecified</pose>
		<truncated>0</truncated>
		<difficult>0</difficult>
		<occluded>0</occluded>
		<bndbox>
			<xmin>265</xmin>
			<xmax>443</xmax>
			<ymin>151</ymin>
			<ymax>314</ymax>
		</bndbox>
	</object>
</annotation>
