<annotation>
	<folder></folder>
	<filename>1608647530_jpg.rf.ffc79c9262db6fe3befe287aed9e3bfa.jpg</filename>
	<path>1608647530_jpg.rf.ffc79c9262db6fe3befe287aed9e3bfa.jpg</path>
	<source>
		<database>roboflow.ai</database>
	</source>
	<size>
		<width>640</width>
		<height>480</height>
		<depth>3</depth>
	</size>
	<segmented>0</segmented>
	<object>
		<name>megot</name>
		<pose>Unspecified</pose>
		<truncated>0</truncated>
		<difficult>0</difficult>
		<occluded>0</occluded>
		<bndbox>
			<xmin>188</xmin>
			<xmax>385</xmax>
			<ymin>159</ymin>
			<ymax>242</ymax>
		</bndbox>
	</object>
</annotation>
