<annotation>
	<folder></folder>
	<filename>1608647403_6_jpg.rf.1824ca17382a2648f6154e328455db5f.jpg</filename>
	<path>1608647403_6_jpg.rf.1824ca17382a2648f6154e328455db5f.jpg</path>
	<source>
		<database>roboflow.ai</database>
	</source>
	<size>
		<width>640</width>
		<height>480</height>
		<depth>3</depth>
	</size>
	<segmented>0</segmented>
	<object>
		<name>megot</name>
		<pose>Unspecified</pose>
		<truncated>0</truncated>
		<difficult>0</difficult>
		<occluded>0</occluded>
		<bndbox>
			<xmin>212</xmin>
			<xmax>420</xmax>
			<ymin>194</ymin>
			<ymax>356</ymax>
		</bndbox>
	</object>
</annotation>
