<annotation>
	<folder></folder>
	<filename>1608648083_jpg.rf.71ddf63f848a686022c269db6139055a.jpg</filename>
	<path>1608648083_jpg.rf.71ddf63f848a686022c269db6139055a.jpg</path>
	<source>
		<database>roboflow.ai</database>
	</source>
	<size>
		<width>640</width>
		<height>480</height>
		<depth>3</depth>
	</size>
	<segmented>0</segmented>
	<object>
		<name>megot</name>
		<pose>Unspecified</pose>
		<truncated>0</truncated>
		<difficult>0</difficult>
		<occluded>0</occluded>
		<bndbox>
			<xmin>226</xmin>
			<xmax>449</xmax>
			<ymin>213</ymin>
			<ymax>349</ymax>
		</bndbox>
	</object>
</annotation>
