<annotation>
	<folder></folder>
	<filename>1608645843_6_jpg.rf.42112f373e39e05281ab7900c1295f22.jpg</filename>
	<path>1608645843_6_jpg.rf.42112f373e39e05281ab7900c1295f22.jpg</path>
	<source>
		<database>roboflow.ai</database>
	</source>
	<size>
		<width>640</width>
		<height>480</height>
		<depth>3</depth>
	</size>
	<segmented>0</segmented>
	<object>
		<name>megot</name>
		<pose>Unspecified</pose>
		<truncated>0</truncated>
		<difficult>0</difficult>
		<occluded>0</occluded>
		<bndbox>
			<xmin>257</xmin>
			<xmax>355</xmax>
			<ymin>237</ymin>
			<ymax>407</ymax>
		</bndbox>
	</object>
</annotation>
