<annotation>
	<folder></folder>
	<filename>1608647113_6_jpg.rf.c9b19adcc35066c89fd484eb2721428d.jpg</filename>
	<path>1608647113_6_jpg.rf.c9b19adcc35066c89fd484eb2721428d.jpg</path>
	<source>
		<database>roboflow.ai</database>
	</source>
	<size>
		<width>640</width>
		<height>480</height>
		<depth>3</depth>
	</size>
	<segmented>0</segmented>
	<object>
		<name>megot</name>
		<pose>Unspecified</pose>
		<truncated>0</truncated>
		<difficult>0</difficult>
		<occluded>0</occluded>
		<bndbox>
			<xmin>143</xmin>
			<xmax>370</xmax>
			<ymin>159</ymin>
			<ymax>417</ymax>
		</bndbox>
	</object>
</annotation>
