<annotation>
	<folder></folder>
	<filename>1608644703_jpg.rf.acd73f9391bfa3c6f191630f2d21986f.jpg</filename>
	<path>1608644703_jpg.rf.acd73f9391bfa3c6f191630f2d21986f.jpg</path>
	<source>
		<database>roboflow.ai</database>
	</source>
	<size>
		<width>640</width>
		<height>480</height>
		<depth>3</depth>
	</size>
	<segmented>0</segmented>
	<object>
		<name>megot</name>
		<pose>Unspecified</pose>
		<truncated>0</truncated>
		<difficult>0</difficult>
		<occluded>0</occluded>
		<bndbox>
			<xmin>244</xmin>
			<xmax>379</xmax>
			<ymin>111</ymin>
			<ymax>297</ymax>
		</bndbox>
	</object>
</annotation>
