<annotation>
	<folder></folder>
	<filename>1608647794_4_jpg.rf.b1b8467899b03c6f2d668e83bfadd780.jpg</filename>
	<path>1608647794_4_jpg.rf.b1b8467899b03c6f2d668e83bfadd780.jpg</path>
	<source>
		<database>roboflow.ai</database>
	</source>
	<size>
		<width>640</width>
		<height>480</height>
		<depth>3</depth>
	</size>
	<segmented>0</segmented>
	<object>
		<name>megot</name>
		<pose>Unspecified</pose>
		<truncated>0</truncated>
		<difficult>0</difficult>
		<occluded>0</occluded>
		<bndbox>
			<xmin>268</xmin>
			<xmax>413</xmax>
			<ymin>106</ymin>
			<ymax>305</ymax>
		</bndbox>
	</object>
</annotation>
