<annotation>
	<folder></folder>
	<filename>1608647212_2_jpg.rf.7ffe087084bfeb49ff99d7e0b2dbf7e2.jpg</filename>
	<path>1608647212_2_jpg.rf.7ffe087084bfeb49ff99d7e0b2dbf7e2.jpg</path>
	<source>
		<database>roboflow.ai</database>
	</source>
	<size>
		<width>640</width>
		<height>480</height>
		<depth>3</depth>
	</size>
	<segmented>0</segmented>
	<object>
		<name>megot</name>
		<pose>Unspecified</pose>
		<truncated>0</truncated>
		<difficult>0</difficult>
		<occluded>0</occluded>
		<bndbox>
			<xmin>275</xmin>
			<xmax>445</xmax>
			<ymin>209</ymin>
			<ymax>343</ymax>
		</bndbox>
	</object>
</annotation>
