<annotation>
	<folder></folder>
	<filename>1608647538_4_jpg.rf.c0b46ed1055d0c08c399f79a93099217.jpg</filename>
	<path>1608647538_4_jpg.rf.c0b46ed1055d0c08c399f79a93099217.jpg</path>
	<source>
		<database>roboflow.ai</database>
	</source>
	<size>
		<width>640</width>
		<height>480</height>
		<depth>3</depth>
	</size>
	<segmented>0</segmented>
	<object>
		<name>megot</name>
		<pose>Unspecified</pose>
		<truncated>0</truncated>
		<difficult>0</difficult>
		<occluded>0</occluded>
		<bndbox>
			<xmin>273</xmin>
			<xmax>382</xmax>
			<ymin>179</ymin>
			<ymax>357</ymax>
		</bndbox>
	</object>
</annotation>
