<annotation>
	<folder></folder>
	<filename>1608647078_8_jpg.rf.8acb1881c18a099693ab206234f7d384.jpg</filename>
	<path>1608647078_8_jpg.rf.8acb1881c18a099693ab206234f7d384.jpg</path>
	<source>
		<database>roboflow.ai</database>
	</source>
	<size>
		<width>640</width>
		<height>480</height>
		<depth>3</depth>
	</size>
	<segmented>0</segmented>
	<object>
		<name>megot</name>
		<pose>Unspecified</pose>
		<truncated>0</truncated>
		<difficult>0</difficult>
		<occluded>0</occluded>
		<bndbox>
			<xmin>297</xmin>
			<xmax>487</xmax>
			<ymin>32</ymin>
			<ymax>232</ymax>
		</bndbox>
	</object>
</annotation>
