<annotation>
	<folder></folder>
	<filename>1608647274_jpg.rf.3a3286645fcb80b4fec7e664baa3a2f7.jpg</filename>
	<path>1608647274_jpg.rf.3a3286645fcb80b4fec7e664baa3a2f7.jpg</path>
	<source>
		<database>roboflow.ai</database>
	</source>
	<size>
		<width>640</width>
		<height>480</height>
		<depth>3</depth>
	</size>
	<segmented>0</segmented>
	<object>
		<name>megot</name>
		<pose>Unspecified</pose>
		<truncated>0</truncated>
		<difficult>0</difficult>
		<occluded>0</occluded>
		<bndbox>
			<xmin>250</xmin>
			<xmax>346</xmax>
			<ymin>134</ymin>
			<ymax>338</ymax>
		</bndbox>
	</object>
</annotation>
