<annotation>
	<folder></folder>
	<filename>1608647410_3_jpg.rf.7dbc6955a6bed722d861b952b83c1431.jpg</filename>
	<path>1608647410_3_jpg.rf.7dbc6955a6bed722d861b952b83c1431.jpg</path>
	<source>
		<database>roboflow.ai</database>
	</source>
	<size>
		<width>640</width>
		<height>480</height>
		<depth>3</depth>
	</size>
	<segmented>0</segmented>
	<object>
		<name>megot</name>
		<pose>Unspecified</pose>
		<truncated>0</truncated>
		<difficult>0</difficult>
		<occluded>0</occluded>
		<bndbox>
			<xmin>131</xmin>
			<xmax>352</xmax>
			<ymin>213</ymin>
			<ymax>327</ymax>
		</bndbox>
	</object>
</annotation>
