<annotation>
	<folder></folder>
	<filename>1608647317_8_jpg.rf.b9ec204e054f41a4a99cc62b0eb14c38.jpg</filename>
	<path>1608647317_8_jpg.rf.b9ec204e054f41a4a99cc62b0eb14c38.jpg</path>
	<source>
		<database>roboflow.ai</database>
	</source>
	<size>
		<width>640</width>
		<height>480</height>
		<depth>3</depth>
	</size>
	<segmented>0</segmented>
	<object>
		<name>megot</name>
		<pose>Unspecified</pose>
		<truncated>0</truncated>
		<difficult>0</difficult>
		<occluded>0</occluded>
		<bndbox>
			<xmin>109</xmin>
			<xmax>356</xmax>
			<ymin>1</ymin>
			<ymax>215</ymax>
		</bndbox>
	</object>
</annotation>
