<annotation>
	<folder></folder>
	<filename>1608647303_jpg.rf.e5e31bb70e272747673b3ee20c528638.jpg</filename>
	<path>1608647303_jpg.rf.e5e31bb70e272747673b3ee20c528638.jpg</path>
	<source>
		<database>roboflow.ai</database>
	</source>
	<size>
		<width>640</width>
		<height>480</height>
		<depth>3</depth>
	</size>
	<segmented>0</segmented>
	<object>
		<name>megot</name>
		<pose>Unspecified</pose>
		<truncated>0</truncated>
		<difficult>0</difficult>
		<occluded>0</occluded>
		<bndbox>
			<xmin>276</xmin>
			<xmax>359</xmax>
			<ymin>140</ymin>
			<ymax>338</ymax>
		</bndbox>
	</object>
</annotation>
