<annotation>
	<folder></folder>
	<filename>1608645936_5_jpg.rf.564f86209f788ad5b9182557ef591676.jpg</filename>
	<path>1608645936_5_jpg.rf.564f86209f788ad5b9182557ef591676.jpg</path>
	<source>
		<database>roboflow.ai</database>
	</source>
	<size>
		<width>640</width>
		<height>480</height>
		<depth>3</depth>
	</size>
	<segmented>0</segmented>
	<object>
		<name>megot</name>
		<pose>Unspecified</pose>
		<truncated>0</truncated>
		<difficult>0</difficult>
		<occluded>0</occluded>
		<bndbox>
			<xmin>220</xmin>
			<xmax>314</xmax>
			<ymin>166</ymin>
			<ymax>303</ymax>
		</bndbox>
	</object>
</annotation>
