<annotation>
	<folder></folder>
	<filename>1608647662_5_jpg.rf.8bafb5c838af34d685bcb8709d6d3967.jpg</filename>
	<path>1608647662_5_jpg.rf.8bafb5c838af34d685bcb8709d6d3967.jpg</path>
	<source>
		<database>roboflow.ai</database>
	</source>
	<size>
		<width>640</width>
		<height>480</height>
		<depth>3</depth>
	</size>
	<segmented>0</segmented>
	<object>
		<name>megot</name>
		<pose>Unspecified</pose>
		<truncated>0</truncated>
		<difficult>0</difficult>
		<occluded>0</occluded>
		<bndbox>
			<xmin>183</xmin>
			<xmax>361</xmax>
			<ymin>150</ymin>
			<ymax>363</ymax>
		</bndbox>
	</object>
</annotation>
