<annotation>
	<folder></folder>
	<filename>1608647099_0_jpg.rf.bfee0001639786040357d9bb2367ce30.jpg</filename>
	<path>1608647099_0_jpg.rf.bfee0001639786040357d9bb2367ce30.jpg</path>
	<source>
		<database>roboflow.ai</database>
	</source>
	<size>
		<width>640</width>
		<height>480</height>
		<depth>3</depth>
	</size>
	<segmented>0</segmented>
	<object>
		<name>megot</name>
		<pose>Unspecified</pose>
		<truncated>0</truncated>
		<difficult>0</difficult>
		<occluded>0</occluded>
		<bndbox>
			<xmin>129</xmin>
			<xmax>440</xmax>
			<ymin>212</ymin>
			<ymax>389</ymax>
		</bndbox>
	</object>
</annotation>
