<annotation>
	<folder></folder>
	<filename>1608647317_7_jpg.rf.4baa43d6925002ad6e3c26eb17d158ea.jpg</filename>
	<path>1608647317_7_jpg.rf.4baa43d6925002ad6e3c26eb17d158ea.jpg</path>
	<source>
		<database>roboflow.ai</database>
	</source>
	<size>
		<width>640</width>
		<height>480</height>
		<depth>3</depth>
	</size>
	<segmented>0</segmented>
	<object>
		<name>megot</name>
		<pose>Unspecified</pose>
		<truncated>0</truncated>
		<difficult>0</difficult>
		<occluded>0</occluded>
		<bndbox>
			<xmin>275</xmin>
			<xmax>511</xmax>
			<ymin>1</ymin>
			<ymax>207</ymax>
		</bndbox>
	</object>
</annotation>
