<annotation>
	<folder></folder>
	<filename>1608646917_2_jpg.rf.4cd99b68b8dc2443c084ee95bec3b7f8.jpg</filename>
	<path>1608646917_2_jpg.rf.4cd99b68b8dc2443c084ee95bec3b7f8.jpg</path>
	<source>
		<database>roboflow.ai</database>
	</source>
	<size>
		<width>640</width>
		<height>480</height>
		<depth>3</depth>
	</size>
	<segmented>0</segmented>
	<object>
		<name>megot</name>
		<pose>Unspecified</pose>
		<truncated>0</truncated>
		<difficult>0</difficult>
		<occluded>0</occluded>
		<bndbox>
			<xmin>238</xmin>
			<xmax>404</xmax>
			<ymin>81</ymin>
			<ymax>306</ymax>
		</bndbox>
	</object>
</annotation>
