<annotation>
	<folder></folder>
	<filename>1608646749_6_jpg.rf.a13f4b295e562bce662a54451b65291c.jpg</filename>
	<path>1608646749_6_jpg.rf.a13f4b295e562bce662a54451b65291c.jpg</path>
	<source>
		<database>roboflow.ai</database>
	</source>
	<size>
		<width>640</width>
		<height>480</height>
		<depth>3</depth>
	</size>
	<segmented>0</segmented>
	<object>
		<name>megot</name>
		<pose>Unspecified</pose>
		<truncated>0</truncated>
		<difficult>0</difficult>
		<occluded>0</occluded>
		<bndbox>
			<xmin>262</xmin>
			<xmax>497</xmax>
			<ymin>246</ymin>
			<ymax>354</ymax>
		</bndbox>
	</object>
</annotation>
