<annotation>
	<folder></folder>
	<filename>1608645953_5_jpg.rf.f68c2fc379d72dbebd38c1b711c6a69e.jpg</filename>
	<path>1608645953_5_jpg.rf.f68c2fc379d72dbebd38c1b711c6a69e.jpg</path>
	<source>
		<database>roboflow.ai</database>
	</source>
	<size>
		<width>640</width>
		<height>480</height>
		<depth>3</depth>
	</size>
	<segmented>0</segmented>
	<object>
		<name>megot</name>
		<pose>Unspecified</pose>
		<truncated>0</truncated>
		<difficult>0</difficult>
		<occluded>0</occluded>
		<bndbox>
			<xmin>253</xmin>
			<xmax>484</xmax>
			<ymin>103</ymin>
			<ymax>317</ymax>
		</bndbox>
	</object>
</annotation>
