<annotation>
	<folder></folder>
	<filename>1608647654_6_jpg.rf.e9d5030503ad5c304246e528ad0d29b7.jpg</filename>
	<path>1608647654_6_jpg.rf.e9d5030503ad5c304246e528ad0d29b7.jpg</path>
	<source>
		<database>roboflow.ai</database>
	</source>
	<size>
		<width>640</width>
		<height>480</height>
		<depth>3</depth>
	</size>
	<segmented>0</segmented>
	<object>
		<name>megot</name>
		<pose>Unspecified</pose>
		<truncated>0</truncated>
		<difficult>0</difficult>
		<occluded>0</occluded>
		<bndbox>
			<xmin>233</xmin>
			<xmax>427</xmax>
			<ymin>150</ymin>
			<ymax>338</ymax>
		</bndbox>
	</object>
</annotation>
