<annotation>
	<folder></folder>
	<filename>1608646749_3_jpg.rf.5b76529f95ba6a0cdbfdcecd4ada87bd.jpg</filename>
	<path>1608646749_3_jpg.rf.5b76529f95ba6a0cdbfdcecd4ada87bd.jpg</path>
	<source>
		<database>roboflow.ai</database>
	</source>
	<size>
		<width>640</width>
		<height>480</height>
		<depth>3</depth>
	</size>
	<segmented>0</segmented>
	<object>
		<name>megot</name>
		<pose>Unspecified</pose>
		<truncated>0</truncated>
		<difficult>0</difficult>
		<occluded>0</occluded>
		<bndbox>
			<xmin>269</xmin>
			<xmax>511</xmax>
			<ymin>257</ymin>
			<ymax>353</ymax>
		</bndbox>
	</object>
</annotation>
