<annotation>
	<folder></folder>
	<filename>1608645513_2_jpg.rf.8807fe28243287f8331ee45c1c8b4171.jpg</filename>
	<path>1608645513_2_jpg.rf.8807fe28243287f8331ee45c1c8b4171.jpg</path>
	<source>
		<database>roboflow.ai</database>
	</source>
	<size>
		<width>640</width>
		<height>480</height>
		<depth>3</depth>
	</size>
	<segmented>0</segmented>
	<object>
		<name>megot</name>
		<pose>Unspecified</pose>
		<truncated>0</truncated>
		<difficult>0</difficult>
		<occluded>0</occluded>
		<bndbox>
			<xmin>261</xmin>
			<xmax>346</xmax>
			<ymin>194</ymin>
			<ymax>403</ymax>
		</bndbox>
	</object>
</annotation>
