<annotation>
	<folder></folder>
	<filename>1608647593_9_jpg.rf.9cc276c33cfc0438ddef233c01e644b4.jpg</filename>
	<path>1608647593_9_jpg.rf.9cc276c33cfc0438ddef233c01e644b4.jpg</path>
	<source>
		<database>roboflow.ai</database>
	</source>
	<size>
		<width>640</width>
		<height>480</height>
		<depth>3</depth>
	</size>
	<segmented>0</segmented>
	<object>
		<name>megot</name>
		<pose>Unspecified</pose>
		<truncated>0</truncated>
		<difficult>0</difficult>
		<occluded>0</occluded>
		<bndbox>
			<xmin>165</xmin>
			<xmax>373</xmax>
			<ymin>127</ymin>
			<ymax>235</ymax>
		</bndbox>
	</object>
</annotation>
