<annotation>
	<folder></folder>
	<filename>1608647113_1_jpg.rf.dd2b730b405208a5ccaa791677f86fbf.jpg</filename>
	<path>1608647113_1_jpg.rf.dd2b730b405208a5ccaa791677f86fbf.jpg</path>
	<source>
		<database>roboflow.ai</database>
	</source>
	<size>
		<width>640</width>
		<height>480</height>
		<depth>3</depth>
	</size>
	<segmented>0</segmented>
	<object>
		<name>megot</name>
		<pose>Unspecified</pose>
		<truncated>0</truncated>
		<difficult>0</difficult>
		<occluded>0</occluded>
		<bndbox>
			<xmin>125</xmin>
			<xmax>369</xmax>
			<ymin>150</ymin>
			<ymax>408</ymax>
		</bndbox>
	</object>
</annotation>
