<annotation>
	<folder></folder>
	<filename>1608645897_7_jpg.rf.dac40288abcdf738fae5f783504ad1b5.jpg</filename>
	<path>1608645897_7_jpg.rf.dac40288abcdf738fae5f783504ad1b5.jpg</path>
	<source>
		<database>roboflow.ai</database>
	</source>
	<size>
		<width>640</width>
		<height>480</height>
		<depth>3</depth>
	</size>
	<segmented>0</segmented>
	<object>
		<name>megot</name>
		<pose>Unspecified</pose>
		<truncated>0</truncated>
		<difficult>0</difficult>
		<occluded>0</occluded>
		<bndbox>
			<xmin>263</xmin>
			<xmax>378</xmax>
			<ymin>29</ymin>
			<ymax>210</ymax>
		</bndbox>
	</object>
</annotation>
