<annotation>
	<folder></folder>
	<filename>1608647368_7_jpg.rf.d2a7ed14bd34209f625bbed5533b8877.jpg</filename>
	<path>1608647368_7_jpg.rf.d2a7ed14bd34209f625bbed5533b8877.jpg</path>
	<source>
		<database>roboflow.ai</database>
	</source>
	<size>
		<width>640</width>
		<height>480</height>
		<depth>3</depth>
	</size>
	<segmented>0</segmented>
	<object>
		<name>megot</name>
		<pose>Unspecified</pose>
		<truncated>0</truncated>
		<difficult>0</difficult>
		<occluded>0</occluded>
		<bndbox>
			<xmin>159</xmin>
			<xmax>334</xmax>
			<ymin>142</ymin>
			<ymax>385</ymax>
		</bndbox>
	</object>
</annotation>
