<annotation>
	<folder></folder>
	<filename>1608645984_4_jpg.rf.34247303f776313765c55743fb96525a.jpg</filename>
	<path>1608645984_4_jpg.rf.34247303f776313765c55743fb96525a.jpg</path>
	<source>
		<database>roboflow.ai</database>
	</source>
	<size>
		<width>640</width>
		<height>480</height>
		<depth>3</depth>
	</size>
	<segmented>0</segmented>
	<object>
		<name>megot</name>
		<pose>Unspecified</pose>
		<truncated>0</truncated>
		<difficult>0</difficult>
		<occluded>0</occluded>
		<bndbox>
			<xmin>279</xmin>
			<xmax>511</xmax>
			<ymin>246</ymin>
			<ymax>328</ymax>
		</bndbox>
	</object>
</annotation>
