<annotation>
	<folder></folder>
	<filename>1608647794_5_jpg.rf.09422ac0bfad471f9b35f68f5a552b2d.jpg</filename>
	<path>1608647794_5_jpg.rf.09422ac0bfad471f9b35f68f5a552b2d.jpg</path>
	<source>
		<database>roboflow.ai</database>
	</source>
	<size>
		<width>640</width>
		<height>480</height>
		<depth>3</depth>
	</size>
	<segmented>0</segmented>
	<object>
		<name>megot</name>
		<pose>Unspecified</pose>
		<truncated>0</truncated>
		<difficult>0</difficult>
		<occluded>0</occluded>
		<bndbox>
			<xmin>259</xmin>
			<xmax>395</xmax>
			<ymin>161</ymin>
			<ymax>370</ymax>
		</bndbox>
	</object>
</annotation>
