<annotation>
	<folder></folder>
	<filename>1608647910_1_jpg.rf.a141cf2fe349fe4d7d504a62155797a8.jpg</filename>
	<path>1608647910_1_jpg.rf.a141cf2fe349fe4d7d504a62155797a8.jpg</path>
	<source>
		<database>roboflow.ai</database>
	</source>
	<size>
		<width>640</width>
		<height>480</height>
		<depth>3</depth>
	</size>
	<segmented>0</segmented>
	<object>
		<name>megot</name>
		<pose>Unspecified</pose>
		<truncated>0</truncated>
		<difficult>0</difficult>
		<occluded>0</occluded>
		<bndbox>
			<xmin>232</xmin>
			<xmax>369</xmax>
			<ymin>133</ymin>
			<ymax>278</ymax>
		</bndbox>
	</object>
</annotation>
