<annotation>
	<folder></folder>
	<filename>1608645310_9_jpg.rf.b4ffcf5e613a9cd459a0dea418fddd11.jpg</filename>
	<path>1608645310_9_jpg.rf.b4ffcf5e613a9cd459a0dea418fddd11.jpg</path>
	<source>
		<database>roboflow.ai</database>
	</source>
	<size>
		<width>640</width>
		<height>480</height>
		<depth>3</depth>
	</size>
	<segmented>0</segmented>
	<object>
		<name>megot</name>
		<pose>Unspecified</pose>
		<truncated>0</truncated>
		<difficult>0</difficult>
		<occluded>0</occluded>
		<bndbox>
			<xmin>165</xmin>
			<xmax>384</xmax>
			<ymin>140</ymin>
			<ymax>290</ymax>
		</bndbox>
	</object>
</annotation>
