<annotation>
	<folder></folder>
	<filename>1608645843_0_jpg.rf.0f17bfa1ca95da3fe23e3ff7252058a5.jpg</filename>
	<path>1608645843_0_jpg.rf.0f17bfa1ca95da3fe23e3ff7252058a5.jpg</path>
	<source>
		<database>roboflow.ai</database>
	</source>
	<size>
		<width>640</width>
		<height>480</height>
		<depth>3</depth>
	</size>
	<segmented>0</segmented>
	<object>
		<name>megot</name>
		<pose>Unspecified</pose>
		<truncated>0</truncated>
		<difficult>0</difficult>
		<occluded>0</occluded>
		<bndbox>
			<xmin>254</xmin>
			<xmax>358</xmax>
			<ymin>50</ymin>
			<ymax>232</ymax>
		</bndbox>
	</object>
</annotation>
