<annotation>
	<folder></folder>
	<filename>1608647113_8_jpg.rf.76a7b9f664f8a279d2586573245ac81b.jpg</filename>
	<path>1608647113_8_jpg.rf.76a7b9f664f8a279d2586573245ac81b.jpg</path>
	<source>
		<database>roboflow.ai</database>
	</source>
	<size>
		<width>640</width>
		<height>480</height>
		<depth>3</depth>
	</size>
	<segmented>0</segmented>
	<object>
		<name>megot</name>
		<pose>Unspecified</pose>
		<truncated>0</truncated>
		<difficult>0</difficult>
		<occluded>0</occluded>
		<bndbox>
			<xmin>262</xmin>
			<xmax>488</xmax>
			<ymin>75</ymin>
			<ymax>313</ymax>
		</bndbox>
	</object>
</annotation>
