<annotation>
	<folder></folder>
	<filename>1608647654_jpg.rf.71b94f9bc85fbe324a6998212ccc543f.jpg</filename>
	<path>1608647654_jpg.rf.71b94f9bc85fbe324a6998212ccc543f.jpg</path>
	<source>
		<database>roboflow.ai</database>
	</source>
	<size>
		<width>640</width>
		<height>480</height>
		<depth>3</depth>
	</size>
	<segmented>0</segmented>
	<object>
		<name>megot</name>
		<pose>Unspecified</pose>
		<truncated>0</truncated>
		<difficult>0</difficult>
		<occluded>0</occluded>
		<bndbox>
			<xmin>251</xmin>
			<xmax>441</xmax>
			<ymin>168</ymin>
			<ymax>352</ymax>
		</bndbox>
	</object>
</annotation>
