<annotation>
	<folder></folder>
	<filename>1608647730_7_jpg.rf.09dae3ff0a9a0b61240a06a7406655fb.jpg</filename>
	<path>1608647730_7_jpg.rf.09dae3ff0a9a0b61240a06a7406655fb.jpg</path>
	<source>
		<database>roboflow.ai</database>
	</source>
	<size>
		<width>640</width>
		<height>480</height>
		<depth>3</depth>
	</size>
	<segmented>0</segmented>
	<object>
		<name>megot</name>
		<pose>Unspecified</pose>
		<truncated>0</truncated>
		<difficult>0</difficult>
		<occluded>0</occluded>
		<bndbox>
			<xmin>277</xmin>
			<xmax>432</xmax>
			<ymin>198</ymin>
			<ymax>318</ymax>
		</bndbox>
	</object>
</annotation>
