<annotation>
	<folder></folder>
	<filename>1608644746_4_jpg.rf.3be379a6cc4d2287e6365ba730536a83.jpg</filename>
	<path>1608644746_4_jpg.rf.3be379a6cc4d2287e6365ba730536a83.jpg</path>
	<source>
		<database>roboflow.ai</database>
	</source>
	<size>
		<width>640</width>
		<height>480</height>
		<depth>3</depth>
	</size>
	<segmented>0</segmented>
	<object>
		<name>megot</name>
		<pose>Unspecified</pose>
		<truncated>0</truncated>
		<difficult>0</difficult>
		<occluded>0</occluded>
		<bndbox>
			<xmin>239</xmin>
			<xmax>387</xmax>
			<ymin>209</ymin>
			<ymax>393</ymax>
		</bndbox>
	</object>
</annotation>
