<annotation>
	<folder></folder>
	<filename>1608645924_6_jpg.rf.f90694d775bb5314f57941c3b4e81c1a.jpg</filename>
	<path>1608645924_6_jpg.rf.f90694d775bb5314f57941c3b4e81c1a.jpg</path>
	<source>
		<database>roboflow.ai</database>
	</source>
	<size>
		<width>640</width>
		<height>480</height>
		<depth>3</depth>
	</size>
	<segmented>0</segmented>
	<object>
		<name>megot</name>
		<pose>Unspecified</pose>
		<truncated>0</truncated>
		<difficult>0</difficult>
		<occluded>0</occluded>
		<bndbox>
			<xmin>262</xmin>
			<xmax>378</xmax>
			<ymin>232</ymin>
			<ymax>358</ymax>
		</bndbox>
	</object>
</annotation>
