<annotation>
	<folder></folder>
	<filename>1608647338_jpg.rf.3089b18cc7b25d5e2f5e285ca2b90192.jpg</filename>
	<path>1608647338_jpg.rf.3089b18cc7b25d5e2f5e285ca2b90192.jpg</path>
	<source>
		<database>roboflow.ai</database>
	</source>
	<size>
		<width>640</width>
		<height>480</height>
		<depth>3</depth>
	</size>
	<segmented>0</segmented>
	<object>
		<name>megot</name>
		<pose>Unspecified</pose>
		<truncated>0</truncated>
		<difficult>0</difficult>
		<occluded>0</occluded>
		<bndbox>
			<xmin>115</xmin>
			<xmax>266</xmax>
			<ymin>203</ymin>
			<ymax>479</ymax>
		</bndbox>
	</object>
</annotation>
