<annotation>
	<folder></folder>
	<filename>1608647053_0_jpg.rf.60cd145425561e8d44383720184a5975.jpg</filename>
	<path>1608647053_0_jpg.rf.60cd145425561e8d44383720184a5975.jpg</path>
	<source>
		<database>roboflow.ai</database>
	</source>
	<size>
		<width>640</width>
		<height>480</height>
		<depth>3</depth>
	</size>
	<segmented>0</segmented>
	<object>
		<name>megot</name>
		<pose>Unspecified</pose>
		<truncated>0</truncated>
		<difficult>0</difficult>
		<occluded>0</occluded>
		<bndbox>
			<xmin>307</xmin>
			<xmax>524</xmax>
			<ymin>98</ymin>
			<ymax>288</ymax>
		</bndbox>
	</object>
</annotation>
