<annotation>
	<folder></folder>
	<filename>1608647113_9_jpg.rf.45677668910df8b1575e024a793f86d4.jpg</filename>
	<path>1608647113_9_jpg.rf.45677668910df8b1575e024a793f86d4.jpg</path>
	<source>
		<database>roboflow.ai</database>
	</source>
	<size>
		<width>640</width>
		<height>480</height>
		<depth>3</depth>
	</size>
	<segmented>0</segmented>
	<object>
		<name>megot</name>
		<pose>Unspecified</pose>
		<truncated>0</truncated>
		<difficult>0</difficult>
		<occluded>0</occluded>
		<bndbox>
			<xmin>133</xmin>
			<xmax>388</xmax>
			<ymin>81</ymin>
			<ymax>335</ymax>
		</bndbox>
	</object>
</annotation>
