<annotation>
	<folder></folder>
	<filename>1608647383_0_jpg.rf.cb1c60d92a395251f731fb8350ebf1bf.jpg</filename>
	<path>1608647383_0_jpg.rf.cb1c60d92a395251f731fb8350ebf1bf.jpg</path>
	<source>
		<database>roboflow.ai</database>
	</source>
	<size>
		<width>640</width>
		<height>480</height>
		<depth>3</depth>
	</size>
	<segmented>0</segmented>
	<object>
		<name>megot</name>
		<pose>Unspecified</pose>
		<truncated>0</truncated>
		<difficult>0</difficult>
		<occluded>0</occluded>
		<bndbox>
			<xmin>170</xmin>
			<xmax>444</xmax>
			<ymin>117</ymin>
			<ymax>290</ymax>
		</bndbox>
	</object>
</annotation>
