<annotation>
	<folder></folder>
	<filename>1608647586_1_jpg.rf.100e5c10b84941e967dea0980f7a3c07.jpg</filename>
	<path>1608647586_1_jpg.rf.100e5c10b84941e967dea0980f7a3c07.jpg</path>
	<source>
		<database>roboflow.ai</database>
	</source>
	<size>
		<width>640</width>
		<height>480</height>
		<depth>3</depth>
	</size>
	<segmented>0</segmented>
	<object>
		<name>megot</name>
		<pose>Unspecified</pose>
		<truncated>0</truncated>
		<difficult>0</difficult>
		<occluded>0</occluded>
		<bndbox>
			<xmin>193</xmin>
			<xmax>393</xmax>
			<ymin>375</ymin>
			<ymax>479</ymax>
		</bndbox>
	</object>
</annotation>
