<annotation>
	<folder></folder>
	<filename>1608647794_7_jpg.rf.928d75fe552a328054a90d038849736c.jpg</filename>
	<path>1608647794_7_jpg.rf.928d75fe552a328054a90d038849736c.jpg</path>
	<source>
		<database>roboflow.ai</database>
	</source>
	<size>
		<width>640</width>
		<height>480</height>
		<depth>3</depth>
	</size>
	<segmented>0</segmented>
	<object>
		<name>megot</name>
		<pose>Unspecified</pose>
		<truncated>0</truncated>
		<difficult>0</difficult>
		<occluded>0</occluded>
		<bndbox>
			<xmin>215</xmin>
			<xmax>361</xmax>
			<ymin>103</ymin>
			<ymax>304</ymax>
		</bndbox>
	</object>
</annotation>
