<annotation>
	<folder></folder>
	<filename>1608647918_2_jpg.rf.b6d197459733d45dba84c5e6eb3e6810.jpg</filename>
	<path>1608647918_2_jpg.rf.b6d197459733d45dba84c5e6eb3e6810.jpg</path>
	<source>
		<database>roboflow.ai</database>
	</source>
	<size>
		<width>640</width>
		<height>480</height>
		<depth>3</depth>
	</size>
	<segmented>0</segmented>
	<object>
		<name>megot</name>
		<pose>Unspecified</pose>
		<truncated>0</truncated>
		<difficult>0</difficult>
		<occluded>0</occluded>
		<bndbox>
			<xmin>291</xmin>
			<xmax>410</xmax>
			<ymin>160</ymin>
			<ymax>323</ymax>
		</bndbox>
	</object>
</annotation>
