<annotation>
	<folder></folder>
	<filename>1608647063_4_jpg.rf.55f32efd792cea115b397f4765ea5f94.jpg</filename>
	<path>1608647063_4_jpg.rf.55f32efd792cea115b397f4765ea5f94.jpg</path>
	<source>
		<database>roboflow.ai</database>
	</source>
	<size>
		<width>640</width>
		<height>480</height>
		<depth>3</depth>
	</size>
	<segmented>0</segmented>
	<object>
		<name>megot</name>
		<pose>Unspecified</pose>
		<truncated>0</truncated>
		<difficult>0</difficult>
		<occluded>0</occluded>
		<bndbox>
			<xmin>330</xmin>
			<xmax>487</xmax>
			<ymin>180</ymin>
			<ymax>326</ymax>
		</bndbox>
	</object>
</annotation>
