<annotation>
	<folder></folder>
	<filename>1608647849_9_jpg.rf.5439ca2a4c2b519bde6586d7ddd46d09.jpg</filename>
	<path>1608647849_9_jpg.rf.5439ca2a4c2b519bde6586d7ddd46d09.jpg</path>
	<source>
		<database>roboflow.ai</database>
	</source>
	<size>
		<width>640</width>
		<height>480</height>
		<depth>3</depth>
	</size>
	<segmented>0</segmented>
	<object>
		<name>megot</name>
		<pose>Unspecified</pose>
		<truncated>0</truncated>
		<difficult>0</difficult>
		<occluded>0</occluded>
		<bndbox>
			<xmin>268</xmin>
			<xmax>349</xmax>
			<ymin>140</ymin>
			<ymax>302</ymax>
		</bndbox>
	</object>
</annotation>
