<annotation>
	<folder></folder>
	<filename>1608645843_4_jpg.rf.501a0d575ea7e1f86d6b977c4c393b64.jpg</filename>
	<path>1608645843_4_jpg.rf.501a0d575ea7e1f86d6b977c4c393b64.jpg</path>
	<source>
		<database>roboflow.ai</database>
	</source>
	<size>
		<width>640</width>
		<height>480</height>
		<depth>3</depth>
	</size>
	<segmented>0</segmented>
	<object>
		<name>megot</name>
		<pose>Unspecified</pose>
		<truncated>0</truncated>
		<difficult>0</difficult>
		<occluded>0</occluded>
		<bndbox>
			<xmin>251</xmin>
			<xmax>334</xmax>
			<ymin>42</ymin>
			<ymax>231</ymax>
		</bndbox>
	</object>
</annotation>
