<annotation>
	<folder></folder>
	<filename>1608645973_1_jpg.rf.30e27423c2c5f601d9ea8b02d5c91534.jpg</filename>
	<path>1608645973_1_jpg.rf.30e27423c2c5f601d9ea8b02d5c91534.jpg</path>
	<source>
		<database>roboflow.ai</database>
	</source>
	<size>
		<width>640</width>
		<height>480</height>
		<depth>3</depth>
	</size>
	<segmented>0</segmented>
	<object>
		<name>megot</name>
		<pose>Unspecified</pose>
		<truncated>0</truncated>
		<difficult>0</difficult>
		<occluded>0</occluded>
		<bndbox>
			<xmin>199</xmin>
			<xmax>408</xmax>
			<ymin>158</ymin>
			<ymax>354</ymax>
		</bndbox>
	</object>
</annotation>
