<annotation>
	<folder></folder>
	<filename>1608647601_9_jpg.rf.22001b0cc0379ac61d4637154315de8c.jpg</filename>
	<path>1608647601_9_jpg.rf.22001b0cc0379ac61d4637154315de8c.jpg</path>
	<source>
		<database>roboflow.ai</database>
	</source>
	<size>
		<width>640</width>
		<height>480</height>
		<depth>3</depth>
	</size>
	<segmented>0</segmented>
	<object>
		<name>megot</name>
		<pose>Unspecified</pose>
		<truncated>0</truncated>
		<difficult>0</difficult>
		<occluded>0</occluded>
		<bndbox>
			<xmin>233</xmin>
			<xmax>414</xmax>
			<ymin>3</ymin>
			<ymax>184</ymax>
		</bndbox>
	</object>
</annotation>
