<annotation>
	<folder></folder>
	<filename>1608646942_jpg.rf.7b3401ef33053692c48035108953e125.jpg</filename>
	<path>1608646942_jpg.rf.7b3401ef33053692c48035108953e125.jpg</path>
	<source>
		<database>roboflow.ai</database>
	</source>
	<size>
		<width>640</width>
		<height>480</height>
		<depth>3</depth>
	</size>
	<segmented>0</segmented>
	<object>
		<name>megot</name>
		<pose>Unspecified</pose>
		<truncated>0</truncated>
		<difficult>0</difficult>
		<occluded>0</occluded>
		<bndbox>
			<xmin>276</xmin>
			<xmax>414</xmax>
			<ymin>243</ymin>
			<ymax>480</ymax>
		</bndbox>
	</object>
</annotation>
