<annotation>
	<folder></folder>
	<filename>1608648090_2_jpg.rf.56997c34f0831f4ade7635477bee2984.jpg</filename>
	<path>1608648090_2_jpg.rf.56997c34f0831f4ade7635477bee2984.jpg</path>
	<source>
		<database>roboflow.ai</database>
	</source>
	<size>
		<width>640</width>
		<height>480</height>
		<depth>3</depth>
	</size>
	<segmented>0</segmented>
	<object>
		<name>megot</name>
		<pose>Unspecified</pose>
		<truncated>0</truncated>
		<difficult>0</difficult>
		<occluded>0</occluded>
		<bndbox>
			<xmin>149</xmin>
			<xmax>389</xmax>
			<ymin>20</ymin>
			<ymax>203</ymax>
		</bndbox>
	</object>
</annotation>
