<annotation>
	<folder></folder>
	<filename>1608647849_2_jpg.rf.1204407c3eaf294d19b4088327912f7b.jpg</filename>
	<path>1608647849_2_jpg.rf.1204407c3eaf294d19b4088327912f7b.jpg</path>
	<source>
		<database>roboflow.ai</database>
	</source>
	<size>
		<width>640</width>
		<height>480</height>
		<depth>3</depth>
	</size>
	<segmented>0</segmented>
	<object>
		<name>megot</name>
		<pose>Unspecified</pose>
		<truncated>0</truncated>
		<difficult>0</difficult>
		<occluded>0</occluded>
		<bndbox>
			<xmin>268</xmin>
			<xmax>349</xmax>
			<ymin>177</ymin>
			<ymax>339</ymax>
		</bndbox>
	</object>
</annotation>
