<annotation>
	<folder></folder>
	<filename>1608647138_7_jpg.rf.04f862d5a43d2fc76793e7e42c4909f9.jpg</filename>
	<path>1608647138_7_jpg.rf.04f862d5a43d2fc76793e7e42c4909f9.jpg</path>
	<source>
		<database>roboflow.ai</database>
	</source>
	<size>
		<width>640</width>
		<height>480</height>
		<depth>3</depth>
	</size>
	<segmented>0</segmented>
	<object>
		<name>megot</name>
		<pose>Unspecified</pose>
		<truncated>0</truncated>
		<difficult>0</difficult>
		<occluded>0</occluded>
		<bndbox>
			<xmin>200</xmin>
			<xmax>447</xmax>
			<ymin>206</ymin>
			<ymax>370</ymax>
		</bndbox>
	</object>
</annotation>
