<annotation>
	<folder></folder>
	<filename>1608645605_9_jpg.rf.f721ea2f6f48e21ba6e825fffe539113.jpg</filename>
	<path>1608645605_9_jpg.rf.f721ea2f6f48e21ba6e825fffe539113.jpg</path>
	<source>
		<database>roboflow.ai</database>
	</source>
	<size>
		<width>640</width>
		<height>480</height>
		<depth>3</depth>
	</size>
	<segmented>0</segmented>
	<object>
		<name>megot</name>
		<pose>Unspecified</pose>
		<truncated>0</truncated>
		<difficult>0</difficult>
		<occluded>0</occluded>
		<bndbox>
			<xmin>189</xmin>
			<xmax>362</xmax>
			<ymin>193</ymin>
			<ymax>329</ymax>
		</bndbox>
	</object>
</annotation>
