<annotation>
	<folder></folder>
	<filename>1608646890_1_jpg.rf.cb834c2a26abfcb3da583bbc23ee2e03.jpg</filename>
	<path>1608646890_1_jpg.rf.cb834c2a26abfcb3da583bbc23ee2e03.jpg</path>
	<source>
		<database>roboflow.ai</database>
	</source>
	<size>
		<width>640</width>
		<height>480</height>
		<depth>3</depth>
	</size>
	<segmented>0</segmented>
	<object>
		<name>megot</name>
		<pose>Unspecified</pose>
		<truncated>0</truncated>
		<difficult>0</difficult>
		<occluded>0</occluded>
		<bndbox>
			<xmin>285</xmin>
			<xmax>498</xmax>
			<ymin>151</ymin>
			<ymax>305</ymax>
		</bndbox>
	</object>
</annotation>
