<annotation>
	<folder></folder>
	<filename>1608647288_6_jpg.rf.27fc255a9c64900551aaf85d9ebab575.jpg</filename>
	<path>1608647288_6_jpg.rf.27fc255a9c64900551aaf85d9ebab575.jpg</path>
	<source>
		<database>roboflow.ai</database>
	</source>
	<size>
		<width>640</width>
		<height>480</height>
		<depth>3</depth>
	</size>
	<segmented>0</segmented>
	<object>
		<name>megot</name>
		<pose>Unspecified</pose>
		<truncated>0</truncated>
		<difficult>0</difficult>
		<occluded>0</occluded>
		<bndbox>
			<xmin>236</xmin>
			<xmax>438</xmax>
			<ymin>183</ymin>
			<ymax>317</ymax>
		</bndbox>
	</object>
</annotation>
