<annotation>
	<folder></folder>
	<filename>1608647383_3_jpg.rf.1e1d57c2b4973fa9ee0857e1b96f2466.jpg</filename>
	<path>1608647383_3_jpg.rf.1e1d57c2b4973fa9ee0857e1b96f2466.jpg</path>
	<source>
		<database>roboflow.ai</database>
	</source>
	<size>
		<width>640</width>
		<height>480</height>
		<depth>3</depth>
	</size>
	<segmented>0</segmented>
	<object>
		<name>megot</name>
		<pose>Unspecified</pose>
		<truncated>0</truncated>
		<difficult>0</difficult>
		<occluded>0</occluded>
		<bndbox>
			<xmin>199</xmin>
			<xmax>478</xmax>
			<ymin>116</ymin>
			<ymax>295</ymax>
		</bndbox>
	</object>
</annotation>
