<annotation>
	<folder></folder>
	<filename>1608647460_9_jpg.rf.74b78880b9497f4512fc486ff9c9f8e3.jpg</filename>
	<path>1608647460_9_jpg.rf.74b78880b9497f4512fc486ff9c9f8e3.jpg</path>
	<source>
		<database>roboflow.ai</database>
	</source>
	<size>
		<width>640</width>
		<height>480</height>
		<depth>3</depth>
	</size>
	<segmented>0</segmented>
	<object>
		<name>megot</name>
		<pose>Unspecified</pose>
		<truncated>0</truncated>
		<difficult>0</difficult>
		<occluded>0</occluded>
		<bndbox>
			<xmin>201</xmin>
			<xmax>421</xmax>
			<ymin>128</ymin>
			<ymax>254</ymax>
		</bndbox>
	</object>
</annotation>
