<annotation>
	<folder></folder>
	<filename>1631688067_3_jpg.rf.c29ad0f750ed20b195cdec8db1fcb227.jpg</filename>
	<path>1631688067_3_jpg.rf.c29ad0f750ed20b195cdec8db1fcb227.jpg</path>
	<source>
		<database>roboflow.ai</database>
	</source>
	<size>
		<width>640</width>
		<height>480</height>
		<depth>3</depth>
	</size>
	<segmented>0</segmented>
	<object>
		<name>feuille</name>
		<pose>Unspecified</pose>
		<truncated>0</truncated>
		<difficult>0</difficult>
		<occluded>0</occluded>
		<bndbox>
			<xmin>225</xmin>
			<xmax>497</xmax>
			<ymin>16</ymin>
			<ymax>283</ymax>
		</bndbox>
	</object>
</annotation>
