<annotation>
	<folder></folder>
	<filename>1631688259_3_jpg.rf.a5a35993790e18cfc0d7b86ff3b5b92b.jpg</filename>
	<path>1631688259_3_jpg.rf.a5a35993790e18cfc0d7b86ff3b5b92b.jpg</path>
	<source>
		<database>roboflow.ai</database>
	</source>
	<size>
		<width>640</width>
		<height>480</height>
		<depth>3</depth>
	</size>
	<segmented>0</segmented>
	<object>
		<name>feuille</name>
		<pose>Unspecified</pose>
		<truncated>0</truncated>
		<difficult>0</difficult>
		<occluded>0</occluded>
		<bndbox>
			<xmin>261</xmin>
			<xmax>438</xmax>
			<ymin>1</ymin>
			<ymax>373</ymax>
		</bndbox>
	</object>
</annotation>
