<annotation>
	<folder></folder>
	<filename>1631688384_6_jpg.rf.34b61f3960e3b342ef9caef6858a31d9.jpg</filename>
	<path>1631688384_6_jpg.rf.34b61f3960e3b342ef9caef6858a31d9.jpg</path>
	<source>
		<database>roboflow.ai</database>
	</source>
	<size>
		<width>640</width>
		<height>480</height>
		<depth>3</depth>
	</size>
	<segmented>0</segmented>
	<object>
		<name>feuille</name>
		<pose>Unspecified</pose>
		<truncated>0</truncated>
		<difficult>0</difficult>
		<occluded>0</occluded>
		<bndbox>
			<xmin>339</xmin>
			<xmax>544</xmax>
			<ymin>213</ymin>
			<ymax>468</ymax>
		</bndbox>
	</object>
</annotation>
