<annotation>
	<folder></folder>
	<filename>1631688449_9_jpg.rf.4f049fe7124e8c646bafeb8be5efa1cf.jpg</filename>
	<path>1631688449_9_jpg.rf.4f049fe7124e8c646bafeb8be5efa1cf.jpg</path>
	<source>
		<database>roboflow.ai</database>
	</source>
	<size>
		<width>640</width>
		<height>480</height>
		<depth>3</depth>
	</size>
	<segmented>0</segmented>
	<object>
		<name>feuille</name>
		<pose>Unspecified</pose>
		<truncated>0</truncated>
		<difficult>0</difficult>
		<occluded>0</occluded>
		<bndbox>
			<xmin>182</xmin>
			<xmax>420</xmax>
			<ymin>142</ymin>
			<ymax>479</ymax>
		</bndbox>
	</object>
</annotation>
