<annotation>
	<folder></folder>
	<filename>1631688052_2_jpg.rf.5ecc4badd9b81cb90812abe632a608e0.jpg</filename>
	<path>1631688052_2_jpg.rf.5ecc4badd9b81cb90812abe632a608e0.jpg</path>
	<source>
		<database>roboflow.ai</database>
	</source>
	<size>
		<width>640</width>
		<height>480</height>
		<depth>3</depth>
	</size>
	<segmented>0</segmented>
	<object>
		<name>feuille</name>
		<pose>Unspecified</pose>
		<truncated>0</truncated>
		<difficult>0</difficult>
		<occluded>0</occluded>
		<bndbox>
			<xmin>290</xmin>
			<xmax>458</xmax>
			<ymin>1</ymin>
			<ymax>191</ymax>
		</bndbox>
	</object>
</annotation>
