<annotation>
	<folder></folder>
	<filename>1631688364_7_jpg.rf.9a4b0c890b53327fc7582a01949ecc3e.jpg</filename>
	<path>1631688364_7_jpg.rf.9a4b0c890b53327fc7582a01949ecc3e.jpg</path>
	<source>
		<database>roboflow.ai</database>
	</source>
	<size>
		<width>640</width>
		<height>480</height>
		<depth>3</depth>
	</size>
	<segmented>0</segmented>
	<object>
		<name>feuille</name>
		<pose>Unspecified</pose>
		<truncated>0</truncated>
		<difficult>0</difficult>
		<occluded>0</occluded>
		<bndbox>
			<xmin>238</xmin>
			<xmax>483</xmax>
			<ymin>1</ymin>
			<ymax>272</ymax>
		</bndbox>
	</object>
</annotation>
