<annotation>
	<folder></folder>
	<filename>1631688328_jpg.rf.7e3e51db9ffc7deb1c1e11dc971a8f0a.jpg</filename>
	<path>1631688328_jpg.rf.7e3e51db9ffc7deb1c1e11dc971a8f0a.jpg</path>
	<source>
		<database>roboflow.ai</database>
	</source>
	<size>
		<width>640</width>
		<height>480</height>
		<depth>3</depth>
	</size>
	<segmented>0</segmented>
	<object>
		<name>feuille</name>
		<pose>Unspecified</pose>
		<truncated>0</truncated>
		<difficult>0</difficult>
		<occluded>0</occluded>
		<bndbox>
			<xmin>168</xmin>
			<xmax>417</xmax>
			<ymin>145</ymin>
			<ymax>319</ymax>
		</bndbox>
	</object>
</annotation>
