<annotation>
	<folder></folder>
	<filename>1631688111_9_jpg.rf.990d2d959b5de316c44eb69f1b711fd6.jpg</filename>
	<path>1631688111_9_jpg.rf.990d2d959b5de316c44eb69f1b711fd6.jpg</path>
	<source>
		<database>roboflow.ai</database>
	</source>
	<size>
		<width>640</width>
		<height>480</height>
		<depth>3</depth>
	</size>
	<segmented>0</segmented>
	<object>
		<name>feuille</name>
		<pose>Unspecified</pose>
		<truncated>0</truncated>
		<difficult>0</difficult>
		<occluded>0</occluded>
		<bndbox>
			<xmin>149</xmin>
			<xmax>458</xmax>
			<ymin>166</ymin>
			<ymax>449</ymax>
		</bndbox>
	</object>
</annotation>
