<annotation>
	<folder></folder>
	<filename>1631688259_0_jpg.rf.8ac586ecc12ec0a78a20ace367a04fbe.jpg</filename>
	<path>1631688259_0_jpg.rf.8ac586ecc12ec0a78a20ace367a04fbe.jpg</path>
	<source>
		<database>roboflow.ai</database>
	</source>
	<size>
		<width>640</width>
		<height>480</height>
		<depth>3</depth>
	</size>
	<segmented>0</segmented>
	<object>
		<name>feuille</name>
		<pose>Unspecified</pose>
		<truncated>0</truncated>
		<difficult>0</difficult>
		<occluded>0</occluded>
		<bndbox>
			<xmin>269</xmin>
			<xmax>414</xmax>
			<ymin>100</ymin>
			<ymax>474</ymax>
		</bndbox>
	</object>
</annotation>
