<annotation>
	<folder></folder>
	<filename>1631688470_8_jpg.rf.59523eb61c8f16342e012f6ca7c5d3a2.jpg</filename>
	<path>1631688470_8_jpg.rf.59523eb61c8f16342e012f6ca7c5d3a2.jpg</path>
	<source>
		<database>roboflow.ai</database>
	</source>
	<size>
		<width>640</width>
		<height>480</height>
		<depth>3</depth>
	</size>
	<segmented>0</segmented>
	<object>
		<name>feuille</name>
		<pose>Unspecified</pose>
		<truncated>0</truncated>
		<difficult>0</difficult>
		<occluded>0</occluded>
		<bndbox>
			<xmin>157</xmin>
			<xmax>404</xmax>
			<ymin>1</ymin>
			<ymax>243</ymax>
		</bndbox>
	</object>
</annotation>
