<annotation>
	<folder></folder>
	<filename>1631688318_3_jpg.rf.f850483487618ee8d30c77a39db7c288.jpg</filename>
	<path>1631688318_3_jpg.rf.f850483487618ee8d30c77a39db7c288.jpg</path>
	<source>
		<database>roboflow.ai</database>
	</source>
	<size>
		<width>640</width>
		<height>480</height>
		<depth>3</depth>
	</size>
	<segmented>0</segmented>
	<object>
		<name>feuille</name>
		<pose>Unspecified</pose>
		<truncated>0</truncated>
		<difficult>0</difficult>
		<occluded>0</occluded>
		<bndbox>
			<xmin>183</xmin>
			<xmax>380</xmax>
			<ymin>112</ymin>
			<ymax>344</ymax>
		</bndbox>
	</object>
</annotation>
