<annotation>
	<folder></folder>
	<filename>1631688111_0_jpg.rf.5a33fdc6ea882de77d90a4ecbe41503e.jpg</filename>
	<path>1631688111_0_jpg.rf.5a33fdc6ea882de77d90a4ecbe41503e.jpg</path>
	<source>
		<database>roboflow.ai</database>
	</source>
	<size>
		<width>640</width>
		<height>480</height>
		<depth>3</depth>
	</size>
	<segmented>0</segmented>
	<object>
		<name>feuille</name>
		<pose>Unspecified</pose>
		<truncated>0</truncated>
		<difficult>0</difficult>
		<occluded>0</occluded>
		<bndbox>
			<xmin>188</xmin>
			<xmax>493</xmax>
			<ymin>1</ymin>
			<ymax>272</ymax>
		</bndbox>
	</object>
</annotation>
