<annotation>
	<folder></folder>
	<filename>1631688147_5_jpg.rf.0456f4be6167dea79700f1b167c84785.jpg</filename>
	<path>1631688147_5_jpg.rf.0456f4be6167dea79700f1b167c84785.jpg</path>
	<source>
		<database>roboflow.ai</database>
	</source>
	<size>
		<width>640</width>
		<height>480</height>
		<depth>3</depth>
	</size>
	<segmented>0</segmented>
	<object>
		<name>feuille</name>
		<pose>Unspecified</pose>
		<truncated>0</truncated>
		<difficult>0</difficult>
		<occluded>0</occluded>
		<bndbox>
			<xmin>100</xmin>
			<xmax>384</xmax>
			<ymin>192</ymin>
			<ymax>478</ymax>
		</bndbox>
	</object>
</annotation>
