<annotation>
	<folder></folder>
	<filename>1631688086_1_jpg.rf.64c1eee1084890b12d21bbcd2ea63040.jpg</filename>
	<path>1631688086_1_jpg.rf.64c1eee1084890b12d21bbcd2ea63040.jpg</path>
	<source>
		<database>roboflow.ai</database>
	</source>
	<size>
		<width>640</width>
		<height>480</height>
		<depth>3</depth>
	</size>
	<segmented>0</segmented>
	<object>
		<name>feuille</name>
		<pose>Unspecified</pose>
		<truncated>0</truncated>
		<difficult>0</difficult>
		<occluded>0</occluded>
		<bndbox>
			<xmin>206</xmin>
			<xmax>481</xmax>
			<ymin>183</ymin>
			<ymax>479</ymax>
		</bndbox>
	</object>
</annotation>
