<annotation>
	<folder></folder>
	<filename>1631688280_1_jpg.rf.1c687d60f1c863299ec1d700bdbcb44d.jpg</filename>
	<path>1631688280_1_jpg.rf.1c687d60f1c863299ec1d700bdbcb44d.jpg</path>
	<source>
		<database>roboflow.ai</database>
	</source>
	<size>
		<width>640</width>
		<height>480</height>
		<depth>3</depth>
	</size>
	<segmented>0</segmented>
	<object>
		<name>feuille</name>
		<pose>Unspecified</pose>
		<truncated>0</truncated>
		<difficult>0</difficult>
		<occluded>0</occluded>
		<bndbox>
			<xmin>139</xmin>
			<xmax>509</xmax>
			<ymin>1</ymin>
			<ymax>277</ymax>
		</bndbox>
	</object>
</annotation>
