<annotation>
	<folder></folder>
	<filename>1631688100_0_jpg.rf.d61334a9591bb56370020c2046e926e2.jpg</filename>
	<path>1631688100_0_jpg.rf.d61334a9591bb56370020c2046e926e2.jpg</path>
	<source>
		<database>roboflow.ai</database>
	</source>
	<size>
		<width>640</width>
		<height>480</height>
		<depth>3</depth>
	</size>
	<segmented>0</segmented>
	<object>
		<name>feuille</name>
		<pose>Unspecified</pose>
		<truncated>0</truncated>
		<difficult>0</difficult>
		<occluded>0</occluded>
		<bndbox>
			<xmin>184</xmin>
			<xmax>472</xmax>
			<ymin>1</ymin>
			<ymax>239</ymax>
		</bndbox>
	</object>
</annotation>
