<annotation>
	<folder></folder>
	<filename>1631688328_4_jpg.rf.4f87f9a1c9e86624ad626ac165ce3b5c.jpg</filename>
	<path>1631688328_4_jpg.rf.4f87f9a1c9e86624ad626ac165ce3b5c.jpg</path>
	<source>
		<database>roboflow.ai</database>
	</source>
	<size>
		<width>640</width>
		<height>480</height>
		<depth>3</depth>
	</size>
	<segmented>0</segmented>
	<object>
		<name>feuille</name>
		<pose>Unspecified</pose>
		<truncated>0</truncated>
		<difficult>0</difficult>
		<occluded>0</occluded>
		<bndbox>
			<xmin>183</xmin>
			<xmax>444</xmax>
			<ymin>118</ymin>
			<ymax>286</ymax>
		</bndbox>
	</object>
</annotation>
