<annotation>
	<folder></folder>
	<filename>1631688501_8_jpg.rf.47804cbee34251e3cce9c8ecd990efe9.jpg</filename>
	<path>1631688501_8_jpg.rf.47804cbee34251e3cce9c8ecd990efe9.jpg</path>
	<source>
		<database>roboflow.ai</database>
	</source>
	<size>
		<width>640</width>
		<height>480</height>
		<depth>3</depth>
	</size>
	<segmented>0</segmented>
	<object>
		<name>feuille</name>
		<pose>Unspecified</pose>
		<truncated>0</truncated>
		<difficult>0</difficult>
		<occluded>0</occluded>
		<bndbox>
			<xmin>258</xmin>
			<xmax>440</xmax>
			<ymin>6</ymin>
			<ymax>388</ymax>
		</bndbox>
	</object>
</annotation>
