<annotation>
	<folder></folder>
	<filename>1631688374_9_jpg.rf.72245d3af53a377ed8a6d8a6ae590a84.jpg</filename>
	<path>1631688374_9_jpg.rf.72245d3af53a377ed8a6d8a6ae590a84.jpg</path>
	<source>
		<database>roboflow.ai</database>
	</source>
	<size>
		<width>640</width>
		<height>480</height>
		<depth>3</depth>
	</size>
	<segmented>0</segmented>
	<object>
		<name>feuille</name>
		<pose>Unspecified</pose>
		<truncated>0</truncated>
		<difficult>0</difficult>
		<occluded>0</occluded>
		<bndbox>
			<xmin>307</xmin>
			<xmax>480</xmax>
			<ymin>195</ymin>
			<ymax>468</ymax>
		</bndbox>
	</object>
</annotation>
