<annotation>
	<folder></folder>
	<filename>1631688227_jpg.rf.029cd73fc74feb18ed91f4619dea8d53.jpg</filename>
	<path>1631688227_jpg.rf.029cd73fc74feb18ed91f4619dea8d53.jpg</path>
	<source>
		<database>roboflow.ai</database>
	</source>
	<size>
		<width>640</width>
		<height>480</height>
		<depth>3</depth>
	</size>
	<segmented>0</segmented>
	<object>
		<name>feuille</name>
		<pose>Unspecified</pose>
		<truncated>0</truncated>
		<difficult>0</difficult>
		<occluded>0</occluded>
		<bndbox>
			<xmin>227</xmin>
			<xmax>380</xmax>
			<ymin>129</ymin>
			<ymax>470</ymax>
		</bndbox>
	</object>
</annotation>
