<annotation>
	<folder></folder>
	<filename>1631688384_0_jpg.rf.41bd6c87527ad673603d160f17037b3a.jpg</filename>
	<path>1631688384_0_jpg.rf.41bd6c87527ad673603d160f17037b3a.jpg</path>
	<source>
		<database>roboflow.ai</database>
	</source>
	<size>
		<width>640</width>
		<height>480</height>
		<depth>3</depth>
	</size>
	<segmented>0</segmented>
	<object>
		<name>feuille</name>
		<pose>Unspecified</pose>
		<truncated>0</truncated>
		<difficult>0</difficult>
		<occluded>0</occluded>
		<bndbox>
			<xmin>143</xmin>
			<xmax>330</xmax>
			<ymin>1</ymin>
			<ymax>235</ymax>
		</bndbox>
	</object>
</annotation>
