<annotation>
	<folder></folder>
	<filename>1631688470_5_jpg.rf.bc19bb6a7cbb30caaeaa00f89cd90fca.jpg</filename>
	<path>1631688470_5_jpg.rf.bc19bb6a7cbb30caaeaa00f89cd90fca.jpg</path>
	<source>
		<database>roboflow.ai</database>
	</source>
	<size>
		<width>640</width>
		<height>480</height>
		<depth>3</depth>
	</size>
	<segmented>0</segmented>
	<object>
		<name>feuille</name>
		<pose>Unspecified</pose>
		<truncated>0</truncated>
		<difficult>0</difficult>
		<occluded>0</occluded>
		<bndbox>
			<xmin>159</xmin>
			<xmax>380</xmax>
			<ymin>7</ymin>
			<ymax>253</ymax>
		</bndbox>
	</object>
</annotation>
