<annotation>
	<folder></folder>
	<filename>1631688111_jpg.rf.19c0f07db45258d3f13f336143ef6ce2.jpg</filename>
	<path>1631688111_jpg.rf.19c0f07db45258d3f13f336143ef6ce2.jpg</path>
	<source>
		<database>roboflow.ai</database>
	</source>
	<size>
		<width>640</width>
		<height>480</height>
		<depth>3</depth>
	</size>
	<segmented>0</segmented>
	<object>
		<name>feuille</name>
		<pose>Unspecified</pose>
		<truncated>0</truncated>
		<difficult>0</difficult>
		<occluded>0</occluded>
		<bndbox>
			<xmin>167</xmin>
			<xmax>474</xmax>
			<ymin>198</ymin>
			<ymax>480</ymax>
		</bndbox>
	</object>
</annotation>
