<annotation>
	<folder></folder>
	<filename>1631688374_8_jpg.rf.25a052f33c12309942365adbe6520e96.jpg</filename>
	<path>1631688374_8_jpg.rf.25a052f33c12309942365adbe6520e96.jpg</path>
	<source>
		<database>roboflow.ai</database>
	</source>
	<size>
		<width>640</width>
		<height>480</height>
		<depth>3</depth>
	</size>
	<segmented>0</segmented>
	<object>
		<name>feuille</name>
		<pose>Unspecified</pose>
		<truncated>0</truncated>
		<difficult>0</difficult>
		<occluded>0</occluded>
		<bndbox>
			<xmin>113</xmin>
			<xmax>311</xmax>
			<ymin>1</ymin>
			<ymax>303</ymax>
		</bndbox>
	</object>
</annotation>
