<annotation>
	<folder></folder>
	<filename>1631688244_6_jpg.rf.f84a9fbd777602e04b701cd4d9a1d2c2.jpg</filename>
	<path>1631688244_6_jpg.rf.f84a9fbd777602e04b701cd4d9a1d2c2.jpg</path>
	<source>
		<database>roboflow.ai</database>
	</source>
	<size>
		<width>640</width>
		<height>480</height>
		<depth>3</depth>
	</size>
	<segmented>0</segmented>
	<object>
		<name>feuille</name>
		<pose>Unspecified</pose>
		<truncated>0</truncated>
		<difficult>0</difficult>
		<occluded>0</occluded>
		<bndbox>
			<xmin>204</xmin>
			<xmax>454</xmax>
			<ymin>1</ymin>
			<ymax>308</ymax>
		</bndbox>
	</object>
</annotation>
