<annotation>
	<folder></folder>
	<filename>1631688067_4_jpg.rf.783204eb729c5b7ac19243a264a12450.jpg</filename>
	<path>1631688067_4_jpg.rf.783204eb729c5b7ac19243a264a12450.jpg</path>
	<source>
		<database>roboflow.ai</database>
	</source>
	<size>
		<width>640</width>
		<height>480</height>
		<depth>3</depth>
	</size>
	<segmented>0</segmented>
	<object>
		<name>feuille</name>
		<pose>Unspecified</pose>
		<truncated>0</truncated>
		<difficult>0</difficult>
		<occluded>0</occluded>
		<bndbox>
			<xmin>129</xmin>
			<xmax>427</xmax>
			<ymin>204</ymin>
			<ymax>479</ymax>
		</bndbox>
	</object>
</annotation>
