<annotation>
	<folder></folder>
	<filename>1631688347_6_jpg.rf.85c75872ddc241f9a4256fec086d5939.jpg</filename>
	<path>1631688347_6_jpg.rf.85c75872ddc241f9a4256fec086d5939.jpg</path>
	<source>
		<database>roboflow.ai</database>
	</source>
	<size>
		<width>640</width>
		<height>480</height>
		<depth>3</depth>
	</size>
	<segmented>0</segmented>
	<object>
		<name>feuille</name>
		<pose>Unspecified</pose>
		<truncated>0</truncated>
		<difficult>0</difficult>
		<occluded>0</occluded>
		<bndbox>
			<xmin>163</xmin>
			<xmax>344</xmax>
			<ymin>133</ymin>
			<ymax>316</ymax>
		</bndbox>
	</object>
</annotation>
