<annotation>
	<folder></folder>
	<filename>1631688460_7_jpg.rf.47b2669c6cc1785830d33a12e4a51779.jpg</filename>
	<path>1631688460_7_jpg.rf.47b2669c6cc1785830d33a12e4a51779.jpg</path>
	<source>
		<database>roboflow.ai</database>
	</source>
	<size>
		<width>640</width>
		<height>480</height>
		<depth>3</depth>
	</size>
	<segmented>0</segmented>
	<object>
		<name>feuille</name>
		<pose>Unspecified</pose>
		<truncated>0</truncated>
		<difficult>0</difficult>
		<occluded>0</occluded>
		<bndbox>
			<xmin>202</xmin>
			<xmax>429</xmax>
			<ymin>1</ymin>
			<ymax>294</ymax>
		</bndbox>
	</object>
</annotation>
