<annotation>
	<folder></folder>
	<filename>1631688259_5_jpg.rf.1ecb1cf755fe0189d9b2e15f2e2dc436.jpg</filename>
	<path>1631688259_5_jpg.rf.1ecb1cf755fe0189d9b2e15f2e2dc436.jpg</path>
	<source>
		<database>roboflow.ai</database>
	</source>
	<size>
		<width>640</width>
		<height>480</height>
		<depth>3</depth>
	</size>
	<segmented>0</segmented>
	<object>
		<name>feuille</name>
		<pose>Unspecified</pose>
		<truncated>0</truncated>
		<difficult>0</difficult>
		<occluded>0</occluded>
		<bndbox>
			<xmin>254</xmin>
			<xmax>402</xmax>
			<ymin>117</ymin>
			<ymax>479</ymax>
		</bndbox>
	</object>
</annotation>
