<annotation>
	<folder></folder>
	<filename>1631688159_2_jpg.rf.dab3e9bbc2af4152bdb5786a306518c4.jpg</filename>
	<path>1631688159_2_jpg.rf.dab3e9bbc2af4152bdb5786a306518c4.jpg</path>
	<source>
		<database>roboflow.ai</database>
	</source>
	<size>
		<width>640</width>
		<height>480</height>
		<depth>3</depth>
	</size>
	<segmented>0</segmented>
	<object>
		<name>feuille</name>
		<pose>Unspecified</pose>
		<truncated>0</truncated>
		<difficult>0</difficult>
		<occluded>0</occluded>
		<bndbox>
			<xmin>108</xmin>
			<xmax>365</xmax>
			<ymin>246</ymin>
			<ymax>479</ymax>
		</bndbox>
	</object>
</annotation>
