<annotation>
	<folder></folder>
	<filename>1631688364_5_jpg.rf.254229651d23f395615e642aa8017d6c.jpg</filename>
	<path>1631688364_5_jpg.rf.254229651d23f395615e642aa8017d6c.jpg</path>
	<source>
		<database>roboflow.ai</database>
	</source>
	<size>
		<width>640</width>
		<height>480</height>
		<depth>3</depth>
	</size>
	<segmented>0</segmented>
	<object>
		<name>feuille</name>
		<pose>Unspecified</pose>
		<truncated>0</truncated>
		<difficult>0</difficult>
		<occluded>0</occluded>
		<bndbox>
			<xmin>207</xmin>
			<xmax>435</xmax>
			<ymin>181</ymin>
			<ymax>463</ymax>
		</bndbox>
	</object>
</annotation>
