<annotation>
	<folder></folder>
	<filename>1631688347_5_jpg.rf.4cdb600153eed55ce651249963c4e60b.jpg</filename>
	<path>1631688347_5_jpg.rf.4cdb600153eed55ce651249963c4e60b.jpg</path>
	<source>
		<database>roboflow.ai</database>
	</source>
	<size>
		<width>640</width>
		<height>480</height>
		<depth>3</depth>
	</size>
	<segmented>0</segmented>
	<object>
		<name>feuille</name>
		<pose>Unspecified</pose>
		<truncated>0</truncated>
		<difficult>0</difficult>
		<occluded>0</occluded>
		<bndbox>
			<xmin>164</xmin>
			<xmax>345</xmax>
			<ymin>199</ymin>
			<ymax>382</ymax>
		</bndbox>
	</object>
</annotation>
