<annotation>
	<folder></folder>
	<filename>1631688100_8_jpg.rf.4bcb4e431b92e93d51eb3a5002911e82.jpg</filename>
	<path>1631688100_8_jpg.rf.4bcb4e431b92e93d51eb3a5002911e82.jpg</path>
	<source>
		<database>roboflow.ai</database>
	</source>
	<size>
		<width>640</width>
		<height>480</height>
		<depth>3</depth>
	</size>
	<segmented>0</segmented>
	<object>
		<name>feuille</name>
		<pose>Unspecified</pose>
		<truncated>0</truncated>
		<difficult>0</difficult>
		<occluded>0</occluded>
		<bndbox>
			<xmin>182</xmin>
			<xmax>452</xmax>
			<ymin>11</ymin>
			<ymax>254</ymax>
		</bndbox>
	</object>
</annotation>
