<annotation>
	<folder></folder>
	<filename>1631688347_3_jpg.rf.081def25612e2168b454cb9c4cefe0c9.jpg</filename>
	<path>1631688347_3_jpg.rf.081def25612e2168b454cb9c4cefe0c9.jpg</path>
	<source>
		<database>roboflow.ai</database>
	</source>
	<size>
		<width>640</width>
		<height>480</height>
		<depth>3</depth>
	</size>
	<segmented>0</segmented>
	<object>
		<name>feuille</name>
		<pose>Unspecified</pose>
		<truncated>0</truncated>
		<difficult>0</difficult>
		<occluded>0</occluded>
		<bndbox>
			<xmin>176</xmin>
			<xmax>355</xmax>
			<ymin>173</ymin>
			<ymax>363</ymax>
		</bndbox>
	</object>
</annotation>
