<annotation>
	<folder></folder>
	<filename>1631688159_8_jpg.rf.53c99bbbcfc6b314a0cf55e125e298b6.jpg</filename>
	<path>1631688159_8_jpg.rf.53c99bbbcfc6b314a0cf55e125e298b6.jpg</path>
	<source>
		<database>roboflow.ai</database>
	</source>
	<size>
		<width>640</width>
		<height>480</height>
		<depth>3</depth>
	</size>
	<segmented>0</segmented>
	<object>
		<name>feuille</name>
		<pose>Unspecified</pose>
		<truncated>0</truncated>
		<difficult>0</difficult>
		<occluded>0</occluded>
		<bndbox>
			<xmin>274</xmin>
			<xmax>531</xmax>
			<ymin>1</ymin>
			<ymax>233</ymax>
		</bndbox>
	</object>
</annotation>
