<annotation>
	<folder></folder>
	<filename>1631688013_7_jpg.rf.b8a05148d150d5c489d456721bb393f7.jpg</filename>
	<path>1631688013_7_jpg.rf.b8a05148d150d5c489d456721bb393f7.jpg</path>
	<source>
		<database>roboflow.ai</database>
	</source>
	<size>
		<width>640</width>
		<height>480</height>
		<depth>3</depth>
	</size>
	<segmented>0</segmented>
	<object>
		<name>feuille</name>
		<pose>Unspecified</pose>
		<truncated>0</truncated>
		<difficult>0</difficult>
		<occluded>0</occluded>
		<bndbox>
			<xmin>240</xmin>
			<xmax>408</xmax>
			<ymin>1</ymin>
			<ymax>350</ymax>
		</bndbox>
	</object>
</annotation>
