<annotation>
	<folder></folder>
	<filename>1631688013_jpg.rf.bf7bdf50e72c53c8a30e78cb3e5f9d1f.jpg</filename>
	<path>1631688013_jpg.rf.bf7bdf50e72c53c8a30e78cb3e5f9d1f.jpg</path>
	<source>
		<database>roboflow.ai</database>
	</source>
	<size>
		<width>640</width>
		<height>480</height>
		<depth>3</depth>
	</size>
	<segmented>0</segmented>
	<object>
		<name>feuille</name>
		<pose>Unspecified</pose>
		<truncated>0</truncated>
		<difficult>0</difficult>
		<occluded>0</occluded>
		<bndbox>
			<xmin>240</xmin>
			<xmax>408</xmax>
			<ymin>129</ymin>
			<ymax>480</ymax>
		</bndbox>
	</object>
</annotation>
