<annotation>
	<folder></folder>
	<filename>1631688067_2_jpg.rf.f5e7cd447258855eb9dadbb3dcdec4df.jpg</filename>
	<path>1631688067_2_jpg.rf.f5e7cd447258855eb9dadbb3dcdec4df.jpg</path>
	<source>
		<database>roboflow.ai</database>
	</source>
	<size>
		<width>640</width>
		<height>480</height>
		<depth>3</depth>
	</size>
	<segmented>0</segmented>
	<object>
		<name>feuille</name>
		<pose>Unspecified</pose>
		<truncated>0</truncated>
		<difficult>0</difficult>
		<occluded>0</occluded>
		<bndbox>
			<xmin>161</xmin>
			<xmax>424</xmax>
			<ymin>211</ymin>
			<ymax>469</ymax>
		</bndbox>
	</object>
</annotation>
