<annotation>
	<folder></folder>
	<filename>1631688052_jpg.rf.ef3968a499600cd749a04719dc65a9d2.jpg</filename>
	<path>1631688052_jpg.rf.ef3968a499600cd749a04719dc65a9d2.jpg</path>
	<source>
		<database>roboflow.ai</database>
	</source>
	<size>
		<width>640</width>
		<height>480</height>
		<depth>3</depth>
	</size>
	<segmented>0</segmented>
	<object>
		<name>feuille</name>
		<pose>Unspecified</pose>
		<truncated>0</truncated>
		<difficult>0</difficult>
		<occluded>0</occluded>
		<bndbox>
			<xmin>181</xmin>
			<xmax>349</xmax>
			<ymin>288</ymin>
			<ymax>480</ymax>
		</bndbox>
	</object>
</annotation>
