<annotation>
	<folder></folder>
	<filename>1631687852_2_jpg.rf.b7e3c8e1e3c568e70cbb425f502f6003.jpg</filename>
	<path>1631687852_2_jpg.rf.b7e3c8e1e3c568e70cbb425f502f6003.jpg</path>
	<source>
		<database>roboflow.ai</database>
	</source>
	<size>
		<width>640</width>
		<height>480</height>
		<depth>3</depth>
	</size>
	<segmented>0</segmented>
	<object>
		<name>feuille</name>
		<pose>Unspecified</pose>
		<truncated>0</truncated>
		<difficult>0</difficult>
		<occluded>0</occluded>
		<bndbox>
			<xmin>185</xmin>
			<xmax>443</xmax>
			<ymin>14</ymin>
			<ymax>295</ymax>
		</bndbox>
	</object>
</annotation>
