<annotation>
	<folder></folder>
	<filename>1631688100_jpg.rf.d8aafbb8332ab5af562e6bd2dc9bdd8d.jpg</filename>
	<path>1631688100_jpg.rf.d8aafbb8332ab5af562e6bd2dc9bdd8d.jpg</path>
	<source>
		<database>roboflow.ai</database>
	</source>
	<size>
		<width>640</width>
		<height>480</height>
		<depth>3</depth>
	</size>
	<segmented>0</segmented>
	<object>
		<name>feuille</name>
		<pose>Unspecified</pose>
		<truncated>0</truncated>
		<difficult>0</difficult>
		<occluded>0</occluded>
		<bndbox>
			<xmin>175</xmin>
			<xmax>458</xmax>
			<ymin>234</ymin>
			<ymax>479</ymax>
		</bndbox>
	</object>
</annotation>
