<annotation>
	<folder></folder>
	<filename>1631688204_9_jpg.rf.76d5b5489d9374bb0decf0ac594b048c.jpg</filename>
	<path>1631688204_9_jpg.rf.76d5b5489d9374bb0decf0ac594b048c.jpg</path>
	<source>
		<database>roboflow.ai</database>
	</source>
	<size>
		<width>640</width>
		<height>480</height>
		<depth>3</depth>
	</size>
	<segmented>0</segmented>
	<object>
		<name>feuille</name>
		<pose>Unspecified</pose>
		<truncated>0</truncated>
		<difficult>0</difficult>
		<occluded>0</occluded>
		<bndbox>
			<xmin>225</xmin>
			<xmax>487</xmax>
			<ymin>136</ymin>
			<ymax>404</ymax>
		</bndbox>
	</object>
</annotation>
