<annotation>
	<folder></folder>
	<filename>1631687882_0_jpg.rf.6fd07ad585bc4e031371f0c31a4138ee.jpg</filename>
	<path>1631687882_0_jpg.rf.6fd07ad585bc4e031371f0c31a4138ee.jpg</path>
	<source>
		<database>roboflow.ai</database>
	</source>
	<size>
		<width>640</width>
		<height>480</height>
		<depth>3</depth>
	</size>
	<segmented>0</segmented>
	<object>
		<name>feuille</name>
		<pose>Unspecified</pose>
		<truncated>0</truncated>
		<difficult>0</difficult>
		<occluded>0</occluded>
		<bndbox>
			<xmin>218</xmin>
			<xmax>444</xmax>
			<ymin>145</ymin>
			<ymax>479</ymax>
		</bndbox>
	</object>
</annotation>
