<annotation>
	<folder></folder>
	<filename>1631687852_6_jpg.rf.19f24ad6b096db6d3b0a805cca5c9da3.jpg</filename>
	<path>1631687852_6_jpg.rf.19f24ad6b096db6d3b0a805cca5c9da3.jpg</path>
	<source>
		<database>roboflow.ai</database>
	</source>
	<size>
		<width>640</width>
		<height>480</height>
		<depth>3</depth>
	</size>
	<segmented>0</segmented>
	<object>
		<name>feuille</name>
		<pose>Unspecified</pose>
		<truncated>0</truncated>
		<difficult>0</difficult>
		<occluded>0</occluded>
		<bndbox>
			<xmin>214</xmin>
			<xmax>468</xmax>
			<ymin>209</ymin>
			<ymax>479</ymax>
		</bndbox>
	</object>
</annotation>
