<annotation>
	<folder></folder>
	<filename>1631688174_4_jpg.rf.e72b40e1889997342429e57b6b3dc85c.jpg</filename>
	<path>1631688174_4_jpg.rf.e72b40e1889997342429e57b6b3dc85c.jpg</path>
	<source>
		<database>roboflow.ai</database>
	</source>
	<size>
		<width>640</width>
		<height>480</height>
		<depth>3</depth>
	</size>
	<segmented>0</segmented>
	<object>
		<name>feuille</name>
		<pose>Unspecified</pose>
		<truncated>0</truncated>
		<difficult>0</difficult>
		<occluded>0</occluded>
		<bndbox>
			<xmin>145</xmin>
			<xmax>421</xmax>
			<ymin>1</ymin>
			<ymax>298</ymax>
		</bndbox>
	</object>
</annotation>
