<annotation>
	<folder></folder>
	<filename>1631688280_jpg.rf.fb00a1c4c86b482dcfe57b28af699f69.jpg</filename>
	<path>1631688280_jpg.rf.fb00a1c4c86b482dcfe57b28af699f69.jpg</path>
	<source>
		<database>roboflow.ai</database>
	</source>
	<size>
		<width>640</width>
		<height>480</height>
		<depth>3</depth>
	</size>
	<segmented>0</segmented>
	<object>
		<name>feuille</name>
		<pose>Unspecified</pose>
		<truncated>0</truncated>
		<difficult>0</difficult>
		<occluded>0</occluded>
		<bndbox>
			<xmin>121</xmin>
			<xmax>488</xmax>
			<ymin>211</ymin>
			<ymax>480</ymax>
		</bndbox>
	</object>
</annotation>
