<annotation>
	<folder></folder>
	<filename>1631688398_3_jpg.rf.01d2b2dc225d225560231ee068a79a11.jpg</filename>
	<path>1631688398_3_jpg.rf.01d2b2dc225d225560231ee068a79a11.jpg</path>
	<source>
		<database>roboflow.ai</database>
	</source>
	<size>
		<width>640</width>
		<height>480</height>
		<depth>3</depth>
	</size>
	<segmented>0</segmented>
	<object>
		<name>feuille</name>
		<pose>Unspecified</pose>
		<truncated>0</truncated>
		<difficult>0</difficult>
		<occluded>0</occluded>
		<bndbox>
			<xmin>198</xmin>
			<xmax>475</xmax>
			<ymin>173</ymin>
			<ymax>459</ymax>
		</bndbox>
	</object>
</annotation>
