<annotation>
	<folder></folder>
	<filename>1631687882_2_jpg.rf.b4bbc0393c742ee28f2bee760d32ef02.jpg</filename>
	<path>1631687882_2_jpg.rf.b4bbc0393c742ee28f2bee760d32ef02.jpg</path>
	<source>
		<database>roboflow.ai</database>
	</source>
	<size>
		<width>640</width>
		<height>480</height>
		<depth>3</depth>
	</size>
	<segmented>0</segmented>
	<object>
		<name>feuille</name>
		<pose>Unspecified</pose>
		<truncated>0</truncated>
		<difficult>0</difficult>
		<occluded>0</occluded>
		<bndbox>
			<xmin>197</xmin>
			<xmax>416</xmax>
			<ymin>136</ymin>
			<ymax>467</ymax>
		</bndbox>
	</object>
</annotation>
