<annotation>
	<folder></folder>
	<filename>1631688398_1_jpg.rf.6d1a1307b2c4bb7f7625b856c9619ee3.jpg</filename>
	<path>1631688398_1_jpg.rf.6d1a1307b2c4bb7f7625b856c9619ee3.jpg</path>
	<source>
		<database>roboflow.ai</database>
	</source>
	<size>
		<width>640</width>
		<height>480</height>
		<depth>3</depth>
	</size>
	<segmented>0</segmented>
	<object>
		<name>feuille</name>
		<pose>Unspecified</pose>
		<truncated>0</truncated>
		<difficult>0</difficult>
		<occluded>0</occluded>
		<bndbox>
			<xmin>206</xmin>
			<xmax>489</xmax>
			<ymin>171</ymin>
			<ymax>479</ymax>
		</bndbox>
	</object>
</annotation>
