<annotation>
	<folder></folder>
	<filename>1631687852_3_jpg.rf.99ffe144e20f720bba85bf77f94f4340.jpg</filename>
	<path>1631687852_3_jpg.rf.99ffe144e20f720bba85bf77f94f4340.jpg</path>
	<source>
		<database>roboflow.ai</database>
	</source>
	<size>
		<width>640</width>
		<height>480</height>
		<depth>3</depth>
	</size>
	<segmented>0</segmented>
	<object>
		<name>feuille</name>
		<pose>Unspecified</pose>
		<truncated>0</truncated>
		<difficult>0</difficult>
		<occluded>0</occluded>
		<bndbox>
			<xmin>181</xmin>
			<xmax>412</xmax>
			<ymin>201</ymin>
			<ymax>460</ymax>
		</bndbox>
	</object>
</annotation>
