<annotation>
	<folder></folder>
	<filename>1631688131_3_jpg.rf.c87d72ef0042c58f7ff99a1bbcd52194.jpg</filename>
	<path>1631688131_3_jpg.rf.c87d72ef0042c58f7ff99a1bbcd52194.jpg</path>
	<source>
		<database>roboflow.ai</database>
	</source>
	<size>
		<width>640</width>
		<height>480</height>
		<depth>3</depth>
	</size>
	<segmented>0</segmented>
	<object>
		<name>feuille</name>
		<pose>Unspecified</pose>
		<truncated>0</truncated>
		<difficult>0</difficult>
		<occluded>0</occluded>
		<bndbox>
			<xmin>141</xmin>
			<xmax>447</xmax>
			<ymin>123</ymin>
			<ymax>479</ymax>
		</bndbox>
	</object>
</annotation>
