<annotation>
	<folder></folder>
	<filename>1631688374_5_jpg.rf.67b527b659b09d19d7e156ec21c7e9c6.jpg</filename>
	<path>1631688374_5_jpg.rf.67b527b659b09d19d7e156ec21c7e9c6.jpg</path>
	<source>
		<database>roboflow.ai</database>
	</source>
	<size>
		<width>640</width>
		<height>480</height>
		<depth>3</depth>
	</size>
	<segmented>0</segmented>
	<object>
		<name>feuille</name>
		<pose>Unspecified</pose>
		<truncated>0</truncated>
		<difficult>0</difficult>
		<occluded>0</occluded>
		<bndbox>
			<xmin>164</xmin>
			<xmax>347</xmax>
			<ymin>193</ymin>
			<ymax>461</ymax>
		</bndbox>
	</object>
</annotation>
