<annotation>
	<folder></folder>
	<filename>1631688204_8_jpg.rf.835c257134d58062273b133c0e957f92.jpg</filename>
	<path>1631688204_8_jpg.rf.835c257134d58062273b133c0e957f92.jpg</path>
	<source>
		<database>roboflow.ai</database>
	</source>
	<size>
		<width>640</width>
		<height>480</height>
		<depth>3</depth>
	</size>
	<segmented>0</segmented>
	<object>
		<name>feuille</name>
		<pose>Unspecified</pose>
		<truncated>0</truncated>
		<difficult>0</difficult>
		<occluded>0</occluded>
		<bndbox>
			<xmin>244</xmin>
			<xmax>517</xmax>
			<ymin>73</ymin>
			<ymax>367</ymax>
		</bndbox>
	</object>
</annotation>
