<annotation>
	<folder></folder>
	<filename>1631688259_1_jpg.rf.e0e78637c15227e2641f8d9c379147e4.jpg</filename>
	<path>1631688259_1_jpg.rf.e0e78637c15227e2641f8d9c379147e4.jpg</path>
	<source>
		<database>roboflow.ai</database>
	</source>
	<size>
		<width>640</width>
		<height>480</height>
		<depth>3</depth>
	</size>
	<segmented>0</segmented>
	<object>
		<name>feuille</name>
		<pose>Unspecified</pose>
		<truncated>0</truncated>
		<difficult>0</difficult>
		<occluded>0</occluded>
		<bndbox>
			<xmin>282</xmin>
			<xmax>423</xmax>
			<ymin>138</ymin>
			<ymax>479</ymax>
		</bndbox>
	</object>
</annotation>
