<annotation>
	<folder></folder>
	<filename>1631687882_4_jpg.rf.4a0396980ea774e7b18375ee08d739af.jpg</filename>
	<path>1631687882_4_jpg.rf.4a0396980ea774e7b18375ee08d739af.jpg</path>
	<source>
		<database>roboflow.ai</database>
	</source>
	<size>
		<width>640</width>
		<height>480</height>
		<depth>3</depth>
	</size>
	<segmented>0</segmented>
	<object>
		<name>feuille</name>
		<pose>Unspecified</pose>
		<truncated>0</truncated>
		<difficult>0</difficult>
		<occluded>0</occluded>
		<bndbox>
			<xmin>221</xmin>
			<xmax>452</xmax>
			<ymin>134</ymin>
			<ymax>468</ymax>
		</bndbox>
	</object>
</annotation>
