<annotation>
	<folder></folder>
	<filename>1631688470_2_jpg.rf.873c1b673d66aa650fbc389de4c6a439.jpg</filename>
	<path>1631688470_2_jpg.rf.873c1b673d66aa650fbc389de4c6a439.jpg</path>
	<source>
		<database>roboflow.ai</database>
	</source>
	<size>
		<width>640</width>
		<height>480</height>
		<depth>3</depth>
	</size>
	<segmented>0</segmented>
	<object>
		<name>feuille</name>
		<pose>Unspecified</pose>
		<truncated>0</truncated>
		<difficult>0</difficult>
		<occluded>0</occluded>
		<bndbox>
			<xmin>143</xmin>
			<xmax>382</xmax>
			<ymin>220</ymin>
			<ymax>479</ymax>
		</bndbox>
	</object>
</annotation>
