<annotation>
	<folder></folder>
	<filename>1631688131_9_jpg.rf.40eaaed0a38e1699053bda52ac4b0047.jpg</filename>
	<path>1631688131_9_jpg.rf.40eaaed0a38e1699053bda52ac4b0047.jpg</path>
	<source>
		<database>roboflow.ai</database>
	</source>
	<size>
		<width>640</width>
		<height>480</height>
		<depth>3</depth>
	</size>
	<segmented>0</segmented>
	<object>
		<name>feuille</name>
		<pose>Unspecified</pose>
		<truncated>0</truncated>
		<difficult>0</difficult>
		<occluded>0</occluded>
		<bndbox>
			<xmin>207</xmin>
			<xmax>524</xmax>
			<ymin>6</ymin>
			<ymax>363</ymax>
		</bndbox>
	</object>
</annotation>
