<annotation>
	<folder></folder>
	<filename>1631688318_1_jpg.rf.74d646527d4fed063d97dd486594ae1a.jpg</filename>
	<path>1631688318_1_jpg.rf.74d646527d4fed063d97dd486594ae1a.jpg</path>
	<source>
		<database>roboflow.ai</database>
	</source>
	<size>
		<width>640</width>
		<height>480</height>
		<depth>3</depth>
	</size>
	<segmented>0</segmented>
	<object>
		<name>feuille</name>
		<pose>Unspecified</pose>
		<truncated>0</truncated>
		<difficult>0</difficult>
		<occluded>0</occluded>
		<bndbox>
			<xmin>214</xmin>
			<xmax>392</xmax>
			<ymin>130</ymin>
			<ymax>367</ymax>
		</bndbox>
	</object>
</annotation>
