<annotation>
	<folder></folder>
	<filename>1631688037_8_jpg.rf.0ab2a6f08d5d3cc457eb7db313931910.jpg</filename>
	<path>1631688037_8_jpg.rf.0ab2a6f08d5d3cc457eb7db313931910.jpg</path>
	<source>
		<database>roboflow.ai</database>
	</source>
	<size>
		<width>640</width>
		<height>480</height>
		<depth>3</depth>
	</size>
	<segmented>0</segmented>
	<object>
		<name>feuille</name>
		<pose>Unspecified</pose>
		<truncated>0</truncated>
		<difficult>0</difficult>
		<occluded>0</occluded>
		<bndbox>
			<xmin>266</xmin>
			<xmax>433</xmax>
			<ymin>122</ymin>
			<ymax>460</ymax>
		</bndbox>
	</object>
</annotation>
