<annotation>
	<folder></folder>
	<filename>1631687947_3_jpg.rf.b725468c73e9d12ad99baa84de24945e.jpg</filename>
	<path>1631687947_3_jpg.rf.b725468c73e9d12ad99baa84de24945e.jpg</path>
	<source>
		<database>roboflow.ai</database>
	</source>
	<size>
		<width>640</width>
		<height>480</height>
		<depth>3</depth>
	</size>
	<segmented>0</segmented>
	<object>
		<name>feuille</name>
		<pose>Unspecified</pose>
		<truncated>0</truncated>
		<difficult>0</difficult>
		<occluded>0</occluded>
		<bndbox>
			<xmin>196</xmin>
			<xmax>412</xmax>
			<ymin>1</ymin>
			<ymax>332</ymax>
		</bndbox>
	</object>
</annotation>
