<annotation>
	<folder></folder>
	<filename>1631688111_3_jpg.rf.777f30b0312bddb854ef1e3f0c16f8e0.jpg</filename>
	<path>1631688111_3_jpg.rf.777f30b0312bddb854ef1e3f0c16f8e0.jpg</path>
	<source>
		<database>roboflow.ai</database>
	</source>
	<size>
		<width>640</width>
		<height>480</height>
		<depth>3</depth>
	</size>
	<segmented>0</segmented>
	<object>
		<name>feuille</name>
		<pose>Unspecified</pose>
		<truncated>0</truncated>
		<difficult>0</difficult>
		<occluded>0</occluded>
		<bndbox>
			<xmin>158</xmin>
			<xmax>484</xmax>
			<ymin>12</ymin>
			<ymax>297</ymax>
		</bndbox>
	</object>
</annotation>
