<annotation>
	<folder></folder>
	<filename>1631688037_6_jpg.rf.35a939f3a11a1e8121928e42e5d6f78b.jpg</filename>
	<path>1631688037_6_jpg.rf.35a939f3a11a1e8121928e42e5d6f78b.jpg</path>
	<source>
		<database>roboflow.ai</database>
	</source>
	<size>
		<width>640</width>
		<height>480</height>
		<depth>3</depth>
	</size>
	<segmented>0</segmented>
	<object>
		<name>feuille</name>
		<pose>Unspecified</pose>
		<truncated>0</truncated>
		<difficult>0</difficult>
		<occluded>0</occluded>
		<bndbox>
			<xmin>260</xmin>
			<xmax>425</xmax>
			<ymin>1</ymin>
			<ymax>349</ymax>
		</bndbox>
	</object>
</annotation>
