<annotation>
	<folder></folder>
	<filename>1631688364_6_jpg.rf.eca88b7962254e0767f9454834ad9ac8.jpg</filename>
	<path>1631688364_6_jpg.rf.eca88b7962254e0767f9454834ad9ac8.jpg</path>
	<source>
		<database>roboflow.ai</database>
	</source>
	<size>
		<width>640</width>
		<height>480</height>
		<depth>3</depth>
	</size>
	<segmented>0</segmented>
	<object>
		<name>feuille</name>
		<pose>Unspecified</pose>
		<truncated>0</truncated>
		<difficult>0</difficult>
		<occluded>0</occluded>
		<bndbox>
			<xmin>195</xmin>
			<xmax>447</xmax>
			<ymin>185</ymin>
			<ymax>457</ymax>
		</bndbox>
	</object>
</annotation>
