<annotation>
	<folder></folder>
	<filename>1631688364_4_jpg.rf.fdb749481f7b3d1c71ed53f378edcfb4.jpg</filename>
	<path>1631688364_4_jpg.rf.fdb749481f7b3d1c71ed53f378edcfb4.jpg</path>
	<source>
		<database>roboflow.ai</database>
	</source>
	<size>
		<width>640</width>
		<height>480</height>
		<depth>3</depth>
	</size>
	<segmented>0</segmented>
	<object>
		<name>feuille</name>
		<pose>Unspecified</pose>
		<truncated>0</truncated>
		<difficult>0</difficult>
		<occluded>0</occluded>
		<bndbox>
			<xmin>199</xmin>
			<xmax>444</xmax>
			<ymin>1</ymin>
			<ymax>266</ymax>
		</bndbox>
	</object>
</annotation>
