<annotation>
	<folder></folder>
	<filename>1631688374_jpg.rf.bee654c17c3379f30a9f66a06f82b74a.jpg</filename>
	<path>1631688374_jpg.rf.bee654c17c3379f30a9f66a06f82b74a.jpg</path>
	<source>
		<database>roboflow.ai</database>
	</source>
	<size>
		<width>640</width>
		<height>480</height>
		<depth>3</depth>
	</size>
	<segmented>0</segmented>
	<object>
		<name>feuille</name>
		<pose>Unspecified</pose>
		<truncated>0</truncated>
		<difficult>0</difficult>
		<occluded>0</occluded>
		<bndbox>
			<xmin>310</xmin>
			<xmax>496</xmax>
			<ymin>199</ymin>
			<ymax>480</ymax>
		</bndbox>
	</object>
</annotation>
