<annotation>
	<folder></folder>
	<filename>1631688100_2_jpg.rf.ecc853e997d00078ece8cc541aec423b.jpg</filename>
	<path>1631688100_2_jpg.rf.ecc853e997d00078ece8cc541aec423b.jpg</path>
	<source>
		<database>roboflow.ai</database>
	</source>
	<size>
		<width>640</width>
		<height>480</height>
		<depth>3</depth>
	</size>
	<segmented>0</segmented>
	<object>
		<name>feuille</name>
		<pose>Unspecified</pose>
		<truncated>0</truncated>
		<difficult>0</difficult>
		<occluded>0</occluded>
		<bndbox>
			<xmin>204</xmin>
			<xmax>486</xmax>
			<ymin>1</ymin>
			<ymax>240</ymax>
		</bndbox>
	</object>
</annotation>
