<annotation>
	<folder></folder>
	<filename>1631688449_8_jpg.rf.168e9ebf2112fdd9958d375c396f343f.jpg</filename>
	<path>1631688449_8_jpg.rf.168e9ebf2112fdd9958d375c396f343f.jpg</path>
	<source>
		<database>roboflow.ai</database>
	</source>
	<size>
		<width>640</width>
		<height>480</height>
		<depth>3</depth>
	</size>
	<segmented>0</segmented>
	<object>
		<name>feuille</name>
		<pose>Unspecified</pose>
		<truncated>0</truncated>
		<difficult>0</difficult>
		<occluded>0</occluded>
		<bndbox>
			<xmin>186</xmin>
			<xmax>432</xmax>
			<ymin>114</ymin>
			<ymax>469</ymax>
		</bndbox>
	</object>
</annotation>
