<annotation>
	<folder></folder>
	<filename>1631688174_8_jpg.rf.2e4c35ebee4193095fe7896a0cf1975d.jpg</filename>
	<path>1631688174_8_jpg.rf.2e4c35ebee4193095fe7896a0cf1975d.jpg</path>
	<source>
		<database>roboflow.ai</database>
	</source>
	<size>
		<width>640</width>
		<height>480</height>
		<depth>3</depth>
	</size>
	<segmented>0</segmented>
	<object>
		<name>feuille</name>
		<pose>Unspecified</pose>
		<truncated>0</truncated>
		<difficult>0</difficult>
		<occluded>0</occluded>
		<bndbox>
			<xmin>145</xmin>
			<xmax>421</xmax>
			<ymin>181</ymin>
			<ymax>479</ymax>
		</bndbox>
	</object>
</annotation>
