<annotation>
	<folder></folder>
	<filename>1662728061_jpg.rf.bf68ff383ed0bd39e0671a2258f99275.jpg</filename>
	<path>1662728061_jpg.rf.bf68ff383ed0bd39e0671a2258f99275.jpg</path>
	<source>
		<database>roboflow.ai</database>
	</source>
	<size>
		<width>640</width>
		<height>480</height>
		<depth>3</depth>
	</size>
	<segmented>0</segmented>
	<object>
		<name>bouchon</name>
		<pose>Unspecified</pose>
		<truncated>0</truncated>
		<difficult>0</difficult>
		<occluded>0</occluded>
		<bndbox>
			<xmin>207</xmin>
			<xmax>457</xmax>
			<ymin>39</ymin>
			<ymax>288</ymax>
		</bndbox>
	</object>
</annotation>
