<annotation>
	<folder></folder>
	<filename>1662713639_jpg.rf.31a4d0f21b6e085747baf16bb1d471c4.jpg</filename>
	<path>1662713639_jpg.rf.31a4d0f21b6e085747baf16bb1d471c4.jpg</path>
	<source>
		<database>roboflow.ai</database>
	</source>
	<size>
		<width>640</width>
		<height>480</height>
		<depth>3</depth>
	</size>
	<segmented>0</segmented>
	<object>
		<name>capsule</name>
		<pose>Unspecified</pose>
		<truncated>0</truncated>
		<difficult>0</difficult>
		<occluded>0</occluded>
		<bndbox>
			<xmin>250</xmin>
			<xmax>382</xmax>
			<ymin>169</ymin>
			<ymax>280</ymax>
		</bndbox>
	</object>
</annotation>
