<annotation>
	<folder></folder>
	<filename>1662718196_jpg.rf.9bad368a05420a1aef7a92daff848683.jpg</filename>
	<path>1662718196_jpg.rf.9bad368a05420a1aef7a92daff848683.jpg</path>
	<source>
		<database>roboflow.ai</database>
	</source>
	<size>
		<width>640</width>
		<height>480</height>
		<depth>3</depth>
	</size>
	<segmented>0</segmented>
	<object>
		<name>capsule</name>
		<pose>Unspecified</pose>
		<truncated>0</truncated>
		<difficult>0</difficult>
		<occluded>0</occluded>
		<bndbox>
			<xmin>250</xmin>
			<xmax>378</xmax>
			<ymin>264</ymin>
			<ymax>393</ymax>
		</bndbox>
	</object>
</annotation>
