<annotation>
	<folder></folder>
	<filename>1662720057_jpg.rf.60a0dc9dc0816124fbf319cb9a0e3439.jpg</filename>
	<path>1662720057_jpg.rf.60a0dc9dc0816124fbf319cb9a0e3439.jpg</path>
	<source>
		<database>roboflow.ai</database>
	</source>
	<size>
		<width>640</width>
		<height>480</height>
		<depth>3</depth>
	</size>
	<segmented>0</segmented>
	<object>
		<name>capsule</name>
		<pose>Unspecified</pose>
		<truncated>0</truncated>
		<difficult>0</difficult>
		<occluded>0</occluded>
		<bndbox>
			<xmin>263</xmin>
			<xmax>386</xmax>
			<ymin>258</ymin>
			<ymax>387</ymax>
		</bndbox>
	</object>
	<object>
		<name>croquette</name>
		<pose>Unspecified</pose>
		<truncated>0</truncated>
		<difficult>0</difficult>
		<occluded>0</occluded>
		<bndbox>
			<xmin>214</xmin>
			<xmax>260</xmax>
			<ymin>114</ymin>
			<ymax>156</ymax>
		</bndbox>
	</object>
	<object>
		<name>croquette</name>
		<pose>Unspecified</pose>
		<truncated>0</truncated>
		<difficult>0</difficult>
		<occluded>0</occluded>
		<bndbox>
			<xmin>131</xmin>
			<xmax>177</xmax>
			<ymin>192</ymin>
			<ymax>236</ymax>
		</bndbox>
	</object>
	<object>
		<name>croquette</name>
		<pose>Unspecified</pose>
		<truncated>0</truncated>
		<difficult>0</difficult>
		<occluded>0</occluded>
		<bndbox>
			<xmin>254</xmin>
			<xmax>307</xmax>
			<ymin>358</ymin>
			<ymax>400</ymax>
		</bndbox>
	</object>
</annotation>
