<annotation>
	<folder></folder>
	<filename>1662720300_jpg.rf.5fb440e521201e3e30e014bc9aec45f4.jpg</filename>
	<path>1662720300_jpg.rf.5fb440e521201e3e30e014bc9aec45f4.jpg</path>
	<source>
		<database>roboflow.ai</database>
	</source>
	<size>
		<width>640</width>
		<height>480</height>
		<depth>3</depth>
	</size>
	<segmented>0</segmented>
	<object>
		<name>croquette</name>
		<pose>Unspecified</pose>
		<truncated>0</truncated>
		<difficult>0</difficult>
		<occluded>0</occluded>
		<bndbox>
			<xmin>191</xmin>
			<xmax>235</xmax>
			<ymin>182</ymin>
			<ymax>263</ymax>
		</bndbox>
	</object>
	<object>
		<name>capsule</name>
		<pose>Unspecified</pose>
		<truncated>0</truncated>
		<difficult>0</difficult>
		<occluded>0</occluded>
		<bndbox>
			<xmin>254</xmin>
			<xmax>386</xmax>
			<ymin>163</ymin>
			<ymax>296</ymax>
		</bndbox>
	</object>
</annotation>
