<annotation>
	<folder></folder>
	<filename>1662714821_jpg.rf.df7ec898aa15c31c8843125fac458262.jpg</filename>
	<path>1662714821_jpg.rf.df7ec898aa15c31c8843125fac458262.jpg</path>
	<source>
		<database>roboflow.ai</database>
	</source>
	<size>
		<width>640</width>
		<height>480</height>
		<depth>3</depth>
	</size>
	<segmented>0</segmented>
	<object>
		<name>capsule</name>
		<pose>Unspecified</pose>
		<truncated>0</truncated>
		<difficult>0</difficult>
		<occluded>0</occluded>
		<bndbox>
			<xmin>173</xmin>
			<xmax>309</xmax>
			<ymin>115</ymin>
			<ymax>256</ymax>
		</bndbox>
	</object>
</annotation>
