<annotation>
	<folder></folder>
	<filename>1662727884_jpg.rf.7057665797e4446402efe9d58011a54e.jpg</filename>
	<path>1662727884_jpg.rf.7057665797e4446402efe9d58011a54e.jpg</path>
	<source>
		<database>roboflow.ai</database>
	</source>
	<size>
		<width>640</width>
		<height>480</height>
		<depth>3</depth>
	</size>
	<segmented>0</segmented>
	<object>
		<name>bouchon</name>
		<pose>Unspecified</pose>
		<truncated>0</truncated>
		<difficult>0</difficult>
		<occluded>0</occluded>
		<bndbox>
			<xmin>140</xmin>
			<xmax>289</xmax>
			<ymin>149</ymin>
			<ymax>295</ymax>
		</bndbox>
	</object>
</annotation>
