<annotation>
	<folder></folder>
	<filename>1662719997_jpg.rf.1971c17a2f72587ec1d1adbe7853feab.jpg</filename>
	<path>1662719997_jpg.rf.1971c17a2f72587ec1d1adbe7853feab.jpg</path>
	<source>
		<database>roboflow.ai</database>
	</source>
	<size>
		<width>640</width>
		<height>480</height>
		<depth>3</depth>
	</size>
	<segmented>0</segmented>
	<object>
		<name>capsule</name>
		<pose>Unspecified</pose>
		<truncated>0</truncated>
		<difficult>0</difficult>
		<occluded>0</occluded>
		<bndbox>
			<xmin>196</xmin>
			<xmax>324</xmax>
			<ymin>87</ymin>
			<ymax>235</ymax>
		</bndbox>
	</object>
</annotation>
