<annotation>
	<folder></folder>
	<filename>1662715983_jpg.rf.18502e8488c07308b430e16ccd04332c.jpg</filename>
	<path>1662715983_jpg.rf.18502e8488c07308b430e16ccd04332c.jpg</path>
	<source>
		<database>roboflow.ai</database>
	</source>
	<size>
		<width>640</width>
		<height>480</height>
		<depth>3</depth>
	</size>
	<segmented>0</segmented>
	<object>
		<name>capsule</name>
		<pose>Unspecified</pose>
		<truncated>0</truncated>
		<difficult>0</difficult>
		<occluded>0</occluded>
		<bndbox>
			<xmin>311</xmin>
			<xmax>439</xmax>
			<ymin>170</ymin>
			<ymax>293</ymax>
		</bndbox>
	</object>
</annotation>
