<annotation>
	<folder></folder>
	<filename>calib_7_jpg.rf.3dac71c735c64e987cc866358b182cc6.jpg</filename>
	<path>calib_7_jpg.rf.3dac71c735c64e987cc866358b182cc6.jpg</path>
	<source>
		<database>roboflow.ai</database>
	</source>
	<size>
		<width>640</width>
		<height>480</height>
		<depth>3</depth>
	</size>
	<segmented>0</segmented>
	<object>
		<name>megot</name>
		<pose>Unspecified</pose>
		<truncated>0</truncated>
		<difficult>0</difficult>
		<occluded>0</occluded>
		<bndbox>
			<xmin>250</xmin>
			<xmax>448</xmax>
			<ymin>102</ymin>
			<ymax>352</ymax>
		</bndbox>
	</object>
</annotation>
