<annotation>
	<folder></folder>
	<filename>calib_4_jpg.rf.f85f19c019468f54b5ab4619643ee0d1.jpg</filename>
	<path>calib_4_jpg.rf.f85f19c019468f54b5ab4619643ee0d1.jpg</path>
	<source>
		<database>roboflow.ai</database>
	</source>
	<size>
		<width>640</width>
		<height>480</height>
		<depth>3</depth>
	</size>
	<segmented>0</segmented>
	<object>
		<name>megot</name>
		<pose>Unspecified</pose>
		<truncated>0</truncated>
		<difficult>0</difficult>
		<occluded>0</occluded>
		<bndbox>
			<xmin>233</xmin>
			<xmax>431</xmax>
			<ymin>92</ymin>
			<ymax>346</ymax>
		</bndbox>
	</object>
</annotation>
