<annotation>
	<folder></folder>
	<filename>calib_8_jpg.rf.57086f202b5204b0d81501ffb0194f9c.jpg</filename>
	<path>calib_8_jpg.rf.57086f202b5204b0d81501ffb0194f9c.jpg</path>
	<source>
		<database>roboflow.ai</database>
	</source>
	<size>
		<width>640</width>
		<height>480</height>
		<depth>3</depth>
	</size>
	<segmented>0</segmented>
	<object>
		<name>megot</name>
		<pose>Unspecified</pose>
		<truncated>0</truncated>
		<difficult>0</difficult>
		<occluded>0</occluded>
		<bndbox>
			<xmin>187</xmin>
			<xmax>373</xmax>
			<ymin>107</ymin>
			<ymax>350</ymax>
		</bndbox>
	</object>
</annotation>
