<annotation>
	<folder></folder>
	<filename>filter-107_7_jpg.rf.c8bea7531760b7e9bbc04c5e4bafe6ec.jpg</filename>
	<path>filter-107_7_jpg.rf.c8bea7531760b7e9bbc04c5e4bafe6ec.jpg</path>
	<source>
		<database>roboflow.ai</database>
	</source>
	<size>
		<width>640</width>
		<height>480</height>
		<depth>3</depth>
	</size>
	<segmented>0</segmented>
	<object>
		<name>megot</name>
		<pose>Unspecified</pose>
		<truncated>0</truncated>
		<difficult>0</difficult>
		<occluded>0</occluded>
		<bndbox>
			<xmin>179</xmin>
			<xmax>467</xmax>
			<ymin>66</ymin>
			<ymax>293</ymax>
		</bndbox>
	</object>
</annotation>
