<annotation>
	<folder></folder>
	<filename>filter-112_5_jpg.rf.f3f9c99eb10a2c3d6aae7ea3e6453538.jpg</filename>
	<path>filter-112_5_jpg.rf.f3f9c99eb10a2c3d6aae7ea3e6453538.jpg</path>
	<source>
		<database>roboflow.ai</database>
	</source>
	<size>
		<width>640</width>
		<height>480</height>
		<depth>3</depth>
	</size>
	<segmented>0</segmented>
	<object>
		<name>megot</name>
		<pose>Unspecified</pose>
		<truncated>0</truncated>
		<difficult>0</difficult>
		<occluded>0</occluded>
		<bndbox>
			<xmin>122</xmin>
			<xmax>477</xmax>
			<ymin>59</ymin>
			<ymax>241</ymax>
		</bndbox>
	</object>
</annotation>
