<annotation>
	<folder></folder>
	<filename>filter-12_NoRf53r_7_jpg.rf.5ead5dc46f38b4c474bcf9a2c828d57e.jpg</filename>
	<path>filter-12_NoRf53r_7_jpg.rf.5ead5dc46f38b4c474bcf9a2c828d57e.jpg</path>
	<source>
		<database>roboflow.ai</database>
	</source>
	<size>
		<width>640</width>
		<height>480</height>
		<depth>3</depth>
	</size>
	<segmented>0</segmented>
	<object>
		<name>megot</name>
		<pose>Unspecified</pose>
		<truncated>0</truncated>
		<difficult>0</difficult>
		<occluded>0</occluded>
		<bndbox>
			<xmin>345</xmin>
			<xmax>585</xmax>
			<ymin>78</ymin>
			<ymax>419</ymax>
		</bndbox>
	</object>
</annotation>
