<annotation>
	<folder></folder>
	<filename>filter-101_3_jpg.rf.c2fd3eb8c1b97f290e21693de9eb4d74.jpg</filename>
	<path>filter-101_3_jpg.rf.c2fd3eb8c1b97f290e21693de9eb4d74.jpg</path>
	<source>
		<database>roboflow.ai</database>
	</source>
	<size>
		<width>640</width>
		<height>480</height>
		<depth>3</depth>
	</size>
	<segmented>0</segmented>
	<object>
		<name>megot</name>
		<pose>Unspecified</pose>
		<truncated>0</truncated>
		<difficult>0</difficult>
		<occluded>0</occluded>
		<bndbox>
			<xmin>193</xmin>
			<xmax>446</xmax>
			<ymin>112</ymin>
			<ymax>381</ymax>
		</bndbox>
	</object>
</annotation>
