<annotation>
	<folder></folder>
	<filename>filter-117_jpg.rf.00c4d8e3c20f2833d0411463a32c6316.jpg</filename>
	<path>filter-117_jpg.rf.00c4d8e3c20f2833d0411463a32c6316.jpg</path>
	<source>
		<database>roboflow.ai</database>
	</source>
	<size>
		<width>640</width>
		<height>480</height>
		<depth>3</depth>
	</size>
	<segmented>0</segmented>
	<object>
		<name>megot</name>
		<pose>Unspecified</pose>
		<truncated>0</truncated>
		<difficult>0</difficult>
		<occluded>0</occluded>
		<bndbox>
			<xmin>58</xmin>
			<xmax>427</xmax>
			<ymin>140</ymin>
			<ymax>299</ymax>
		</bndbox>
	</object>
</annotation>
