<annotation>
	<folder></folder>
	<filename>filter-113_i4XzQ9N_jpg.rf.1417ca37948163e1e4131ac1e83c8338.jpg</filename>
	<path>filter-113_i4XzQ9N_jpg.rf.1417ca37948163e1e4131ac1e83c8338.jpg</path>
	<source>
		<database>roboflow.ai</database>
	</source>
	<size>
		<width>640</width>
		<height>480</height>
		<depth>3</depth>
	</size>
	<segmented>0</segmented>
	<object>
		<name>megot</name>
		<pose>Unspecified</pose>
		<truncated>0</truncated>
		<difficult>0</difficult>
		<occluded>0</occluded>
		<bndbox>
			<xmin>252</xmin>
			<xmax>497</xmax>
			<ymin>33</ymin>
			<ymax>336</ymax>
		</bndbox>
	</object>
</annotation>
