<annotation>
	<folder></folder>
	<filename>filter-111_0_jpg.rf.427a57e32856fe2db3dd5c785c7ae21c.jpg</filename>
	<path>filter-111_0_jpg.rf.427a57e32856fe2db3dd5c785c7ae21c.jpg</path>
	<source>
		<database>roboflow.ai</database>
	</source>
	<size>
		<width>640</width>
		<height>480</height>
		<depth>3</depth>
	</size>
	<segmented>0</segmented>
	<object>
		<name>megot</name>
		<pose>Unspecified</pose>
		<truncated>0</truncated>
		<difficult>0</difficult>
		<occluded>0</occluded>
		<bndbox>
			<xmin>222</xmin>
			<xmax>563</xmax>
			<ymin>291</ymin>
			<ymax>412</ymax>
		</bndbox>
	</object>
</annotation>
