<annotation>
	<folder></folder>
	<filename>filter-119_ELU8iRA_8_jpg.rf.5b942c4f3bc01d9aad731e539fe3348a.jpg</filename>
	<path>filter-119_ELU8iRA_8_jpg.rf.5b942c4f3bc01d9aad731e539fe3348a.jpg</path>
	<source>
		<database>roboflow.ai</database>
	</source>
	<size>
		<width>640</width>
		<height>480</height>
		<depth>3</depth>
	</size>
	<segmented>0</segmented>
	<object>
		<name>megot</name>
		<pose>Unspecified</pose>
		<truncated>0</truncated>
		<difficult>0</difficult>
		<occluded>0</occluded>
		<bndbox>
			<xmin>165</xmin>
			<xmax>461</xmax>
			<ymin>78</ymin>
			<ymax>431</ymax>
		</bndbox>
	</object>
</annotation>
