<annotation>
	<folder></folder>
	<filename>filter-127_355ZWGX_jpg.rf.775fe18524c648652b128fd4a39f242e.jpg</filename>
	<path>filter-127_355ZWGX_jpg.rf.775fe18524c648652b128fd4a39f242e.jpg</path>
	<source>
		<database>roboflow.ai</database>
	</source>
	<size>
		<width>640</width>
		<height>480</height>
		<depth>3</depth>
	</size>
	<segmented>0</segmented>
	<object>
		<name>megot</name>
		<pose>Unspecified</pose>
		<truncated>0</truncated>
		<difficult>0</difficult>
		<occluded>0</occluded>
		<bndbox>
			<xmin>25</xmin>
			<xmax>370</xmax>
			<ymin>6</ymin>
			<ymax>281</ymax>
		</bndbox>
	</object>
</annotation>
