<annotation>
	<folder></folder>
	<filename>filter-116_jpg.rf.8e2db43ad413deed1c95e77375836474.jpg</filename>
	<path>filter-116_jpg.rf.8e2db43ad413deed1c95e77375836474.jpg</path>
	<source>
		<database>roboflow.ai</database>
	</source>
	<size>
		<width>640</width>
		<height>480</height>
		<depth>3</depth>
	</size>
	<segmented>0</segmented>
	<object>
		<name>megot</name>
		<pose>Unspecified</pose>
		<truncated>0</truncated>
		<difficult>0</difficult>
		<occluded>0</occluded>
		<bndbox>
			<xmin>73</xmin>
			<xmax>208</xmax>
			<ymin>122</ymin>
			<ymax>430</ymax>
		</bndbox>
	</object>
</annotation>
