<annotation>
	<folder></folder>
	<filename>filter-119_jpg.rf.f9e38ad8a949ef2a835dc3ba1d9aa608.jpg</filename>
	<path>filter-119_jpg.rf.f9e38ad8a949ef2a835dc3ba1d9aa608.jpg</path>
	<source>
		<database>roboflow.ai</database>
	</source>
	<size>
		<width>640</width>
		<height>480</height>
		<depth>3</depth>
	</size>
	<segmented>0</segmented>
	<object>
		<name>megot</name>
		<pose>Unspecified</pose>
		<truncated>0</truncated>
		<difficult>0</difficult>
		<occluded>0</occluded>
		<bndbox>
			<xmin>206</xmin>
			<xmax>481</xmax>
			<ymin>87</ymin>
			<ymax>429</ymax>
		</bndbox>
	</object>
</annotation>
