<annotation>
	<folder></folder>
	<filename>filter-122_1coSXw0_9_jpg.rf.b6d9845c9519a674040d5f4bc0d7eb34.jpg</filename>
	<path>filter-122_1coSXw0_9_jpg.rf.b6d9845c9519a674040d5f4bc0d7eb34.jpg</path>
	<source>
		<database>roboflow.ai</database>
	</source>
	<size>
		<width>640</width>
		<height>480</height>
		<depth>3</depth>
	</size>
	<segmented>0</segmented>
	<object>
		<name>megot</name>
		<pose>Unspecified</pose>
		<truncated>0</truncated>
		<difficult>0</difficult>
		<occluded>0</occluded>
		<bndbox>
			<xmin>173</xmin>
			<xmax>406</xmax>
			<ymin>21</ymin>
			<ymax>372</ymax>
		</bndbox>
	</object>
</annotation>
