<annotation>
	<folder></folder>
	<filename>filter-10_3_jpg.rf.17bdf1d416a5f2c3e5070865f52394dc.jpg</filename>
	<path>filter-10_3_jpg.rf.17bdf1d416a5f2c3e5070865f52394dc.jpg</path>
	<source>
		<database>roboflow.ai</database>
	</source>
	<size>
		<width>640</width>
		<height>480</height>
		<depth>3</depth>
	</size>
	<segmented>0</segmented>
	<object>
		<name>megot</name>
		<pose>Unspecified</pose>
		<truncated>0</truncated>
		<difficult>0</difficult>
		<occluded>0</occluded>
		<bndbox>
			<xmin>138</xmin>
			<xmax>412</xmax>
			<ymin>107</ymin>
			<ymax>455</ymax>
		</bndbox>
	</object>
</annotation>
