<annotation>
	<folder></folder>
	<filename>filter-120_DAh9cZs_jpg.rf.8e353c212fcc6f9ae1fa872453746431.jpg</filename>
	<path>filter-120_DAh9cZs_jpg.rf.8e353c212fcc6f9ae1fa872453746431.jpg</path>
	<source>
		<database>roboflow.ai</database>
	</source>
	<size>
		<width>640</width>
		<height>480</height>
		<depth>3</depth>
	</size>
	<segmented>0</segmented>
	<object>
		<name>megot</name>
		<pose>Unspecified</pose>
		<truncated>0</truncated>
		<difficult>0</difficult>
		<occluded>0</occluded>
		<bndbox>
			<xmin>118</xmin>
			<xmax>344</xmax>
			<ymin>59</ymin>
			<ymax>422</ymax>
		</bndbox>
	</object>
</annotation>
