<annotation>
	<folder></folder>
	<filename>filter-124_1_jpg.rf.e45d1a9d0a37389430a87b8888e832fb.jpg</filename>
	<path>filter-124_1_jpg.rf.e45d1a9d0a37389430a87b8888e832fb.jpg</path>
	<source>
		<database>roboflow.ai</database>
	</source>
	<size>
		<width>640</width>
		<height>480</height>
		<depth>3</depth>
	</size>
	<segmented>0</segmented>
	<object>
		<name>megot</name>
		<pose>Unspecified</pose>
		<truncated>0</truncated>
		<difficult>0</difficult>
		<occluded>0</occluded>
		<bndbox>
			<xmin>72</xmin>
			<xmax>462</xmax>
			<ymin>95</ymin>
			<ymax>329</ymax>
		</bndbox>
	</object>
</annotation>
