<annotation>
	<folder></folder>
	<filename>filter-116_7s0Ly0e_4_jpg.rf.1eb979e454404bb50b41b9f72df54629.jpg</filename>
	<path>filter-116_7s0Ly0e_4_jpg.rf.1eb979e454404bb50b41b9f72df54629.jpg</path>
	<source>
		<database>roboflow.ai</database>
	</source>
	<size>
		<width>640</width>
		<height>480</height>
		<depth>3</depth>
	</size>
	<segmented>0</segmented>
	<object>
		<name>megot</name>
		<pose>Unspecified</pose>
		<truncated>0</truncated>
		<difficult>0</difficult>
		<occluded>0</occluded>
		<bndbox>
			<xmin>469</xmin>
			<xmax>608</xmax>
			<ymin>30</ymin>
			<ymax>344</ymax>
		</bndbox>
	</object>
</annotation>
