<annotation>
	<folder></folder>
	<filename>filter-113_i4XzQ9N_4_jpg.rf.96d3cd7ba7e07ed515b02b3b72373e6b.jpg</filename>
	<path>filter-113_i4XzQ9N_4_jpg.rf.96d3cd7ba7e07ed515b02b3b72373e6b.jpg</path>
	<source>
		<database>roboflow.ai</database>
	</source>
	<size>
		<width>640</width>
		<height>480</height>
		<depth>3</depth>
	</size>
	<segmented>0</segmented>
	<object>
		<name>megot</name>
		<pose>Unspecified</pose>
		<truncated>0</truncated>
		<difficult>0</difficult>
		<occluded>0</occluded>
		<bndbox>
			<xmin>137</xmin>
			<xmax>384</xmax>
			<ymin>137</ymin>
			<ymax>429</ymax>
		</bndbox>
	</object>
</annotation>
