<annotation>
	<folder></folder>
	<filename>filter-113_i4XzQ9N_0_jpg.rf.1e914d397a62dd1f3b034e2c0b1a0a4e.jpg</filename>
	<path>filter-113_i4XzQ9N_0_jpg.rf.1e914d397a62dd1f3b034e2c0b1a0a4e.jpg</path>
	<source>
		<database>roboflow.ai</database>
	</source>
	<size>
		<width>640</width>
		<height>480</height>
		<depth>3</depth>
	</size>
	<segmented>0</segmented>
	<object>
		<name>megot</name>
		<pose>Unspecified</pose>
		<truncated>0</truncated>
		<difficult>0</difficult>
		<occluded>0</occluded>
		<bndbox>
			<xmin>128</xmin>
			<xmax>371</xmax>
			<ymin>45</ymin>
			<ymax>329</ymax>
		</bndbox>
	</object>
</annotation>
