<annotation>
	<folder></folder>
	<filename>filter-130_VXT7Q13_6_jpg.rf.bab773832d1f195a78038296a5dea545.jpg</filename>
	<path>filter-130_VXT7Q13_6_jpg.rf.bab773832d1f195a78038296a5dea545.jpg</path>
	<source>
		<database>roboflow.ai</database>
	</source>
	<size>
		<width>640</width>
		<height>480</height>
		<depth>3</depth>
	</size>
	<segmented>0</segmented>
	<object>
		<name>megot</name>
		<pose>Unspecified</pose>
		<truncated>0</truncated>
		<difficult>0</difficult>
		<occluded>0</occluded>
		<bndbox>
			<xmin>165</xmin>
			<xmax>330</xmax>
			<ymin>72</ymin>
			<ymax>412</ymax>
		</bndbox>
	</object>
</annotation>
