<annotation>
	<folder></folder>
	<filename>filter-116_3_jpg.rf.aefddee1ec7ce4f0a8b4c561109cba45.jpg</filename>
	<path>filter-116_3_jpg.rf.aefddee1ec7ce4f0a8b4c561109cba45.jpg</path>
	<source>
		<database>roboflow.ai</database>
	</source>
	<size>
		<width>640</width>
		<height>480</height>
		<depth>3</depth>
	</size>
	<segmented>0</segmented>
	<object>
		<name>megot</name>
		<pose>Unspecified</pose>
		<truncated>0</truncated>
		<difficult>0</difficult>
		<occluded>0</occluded>
		<bndbox>
			<xmin>406</xmin>
			<xmax>565</xmax>
			<ymin>45</ymin>
			<ymax>351</ymax>
		</bndbox>
	</object>
</annotation>
