<annotation>
	<folder></folder>
	<filename>filter-110_5_jpg.rf.40124bd0c270659747b66e1dc934f958.jpg</filename>
	<path>filter-110_5_jpg.rf.40124bd0c270659747b66e1dc934f958.jpg</path>
	<source>
		<database>roboflow.ai</database>
	</source>
	<size>
		<width>640</width>
		<height>480</height>
		<depth>3</depth>
	</size>
	<segmented>0</segmented>
	<object>
		<name>megot</name>
		<pose>Unspecified</pose>
		<truncated>0</truncated>
		<difficult>0</difficult>
		<occluded>0</occluded>
		<bndbox>
			<xmin>27</xmin>
			<xmax>361</xmax>
			<ymin>132</ymin>
			<ymax>385</ymax>
		</bndbox>
	</object>
</annotation>
