<annotation>
	<folder></folder>
	<filename>filter-124_9_jpg.rf.7e5679e69a81087b732a70976075783f.jpg</filename>
	<path>filter-124_9_jpg.rf.7e5679e69a81087b732a70976075783f.jpg</path>
	<source>
		<database>roboflow.ai</database>
	</source>
	<size>
		<width>640</width>
		<height>480</height>
		<depth>3</depth>
	</size>
	<segmented>0</segmented>
	<object>
		<name>megot</name>
		<pose>Unspecified</pose>
		<truncated>0</truncated>
		<difficult>0</difficult>
		<occluded>0</occluded>
		<bndbox>
			<xmin>68</xmin>
			<xmax>505</xmax>
			<ymin>125</ymin>
			<ymax>396</ymax>
		</bndbox>
	</object>
</annotation>
