<annotation>
	<folder></folder>
	<filename>filter-125_mLFaFsx_6_jpg.rf.5987e7fc4c6d9552370a3c42e8b07432.jpg</filename>
	<path>filter-125_mLFaFsx_6_jpg.rf.5987e7fc4c6d9552370a3c42e8b07432.jpg</path>
	<source>
		<database>roboflow.ai</database>
	</source>
	<size>
		<width>640</width>
		<height>480</height>
		<depth>3</depth>
	</size>
	<segmented>0</segmented>
	<object>
		<name>megot</name>
		<pose>Unspecified</pose>
		<truncated>0</truncated>
		<difficult>0</difficult>
		<occluded>0</occluded>
		<bndbox>
			<xmin>152</xmin>
			<xmax>501</xmax>
			<ymin>79</ymin>
			<ymax>307</ymax>
		</bndbox>
	</object>
</annotation>
