<annotation>
	<folder></folder>
	<filename>filter-130_6_jpg.rf.8cd6a8a85ee11d13fe8aa8dbb1bdbaa6.jpg</filename>
	<path>filter-130_6_jpg.rf.8cd6a8a85ee11d13fe8aa8dbb1bdbaa6.jpg</path>
	<source>
		<database>roboflow.ai</database>
	</source>
	<size>
		<width>640</width>
		<height>480</height>
		<depth>3</depth>
	</size>
	<segmented>0</segmented>
	<object>
		<name>megot</name>
		<pose>Unspecified</pose>
		<truncated>0</truncated>
		<difficult>0</difficult>
		<occluded>0</occluded>
		<bndbox>
			<xmin>310</xmin>
			<xmax>467</xmax>
			<ymin>77</ymin>
			<ymax>408</ymax>
		</bndbox>
	</object>
</annotation>
