<annotation>
	<folder></folder>
	<filename>filter-104_sjMtK2y_0_jpg.rf.a96e8d3649a407a720151d3688bdf8f1.jpg</filename>
	<path>filter-104_sjMtK2y_0_jpg.rf.a96e8d3649a407a720151d3688bdf8f1.jpg</path>
	<source>
		<database>roboflow.ai</database>
	</source>
	<size>
		<width>640</width>
		<height>480</height>
		<depth>3</depth>
	</size>
	<segmented>0</segmented>
	<object>
		<name>megot</name>
		<pose>Unspecified</pose>
		<truncated>0</truncated>
		<difficult>0</difficult>
		<occluded>0</occluded>
		<bndbox>
			<xmin>100</xmin>
			<xmax>386</xmax>
			<ymin>1</ymin>
			<ymax>479</ymax>
		</bndbox>
	</object>
</annotation>
