<annotation>
	<folder></folder>
	<filename>filter-110_0_jpg.rf.2634e52fd8080e679513c47b512c2bcb.jpg</filename>
	<path>filter-110_0_jpg.rf.2634e52fd8080e679513c47b512c2bcb.jpg</path>
	<source>
		<database>roboflow.ai</database>
	</source>
	<size>
		<width>640</width>
		<height>480</height>
		<depth>3</depth>
	</size>
	<segmented>0</segmented>
	<object>
		<name>megot</name>
		<pose>Unspecified</pose>
		<truncated>0</truncated>
		<difficult>0</difficult>
		<occluded>0</occluded>
		<bndbox>
			<xmin>82</xmin>
			<xmax>376</xmax>
			<ymin>126</ymin>
			<ymax>366</ymax>
		</bndbox>
	</object>
</annotation>
