<annotation>
	<folder></folder>
	<filename>filter-125_9_jpg.rf.9b7a177d4ba06c57ce586d4805e1396c.jpg</filename>
	<path>filter-125_9_jpg.rf.9b7a177d4ba06c57ce586d4805e1396c.jpg</path>
	<source>
		<database>roboflow.ai</database>
	</source>
	<size>
		<width>640</width>
		<height>480</height>
		<depth>3</depth>
	</size>
	<segmented>0</segmented>
	<object>
		<name>megot</name>
		<pose>Unspecified</pose>
		<truncated>0</truncated>
		<difficult>0</difficult>
		<occluded>0</occluded>
		<bndbox>
			<xmin>114</xmin>
			<xmax>453</xmax>
			<ymin>102</ymin>
			<ymax>302</ymax>
		</bndbox>
	</object>
</annotation>
