<annotation>
	<folder></folder>
	<filename>filter-102_5_jpg.rf.7a96a8371651140d5c7a4e921760ae6e.jpg</filename>
	<path>filter-102_5_jpg.rf.7a96a8371651140d5c7a4e921760ae6e.jpg</path>
	<source>
		<database>roboflow.ai</database>
	</source>
	<size>
		<width>640</width>
		<height>480</height>
		<depth>3</depth>
	</size>
	<segmented>0</segmented>
	<object>
		<name>megot</name>
		<pose>Unspecified</pose>
		<truncated>0</truncated>
		<difficult>0</difficult>
		<occluded>0</occluded>
		<bndbox>
			<xmin>156</xmin>
			<xmax>424</xmax>
			<ymin>205</ymin>
			<ymax>335</ymax>
		</bndbox>
	</object>
	<object>
		<name>megot</name>
		<pose>Unspecified</pose>
		<truncated>0</truncated>
		<difficult>0</difficult>
		<occluded>0</occluded>
		<bndbox>
			<xmin>184</xmin>
			<xmax>533</xmax>
			<ymin>83</ymin>
			<ymax>240</ymax>
		</bndbox>
	</object>
</annotation>
