<annotation>
	<folder></folder>
	<filename>filter-102_9_jpg.rf.0a395f56a29e385878b26bd4142c2e35.jpg</filename>
	<path>filter-102_9_jpg.rf.0a395f56a29e385878b26bd4142c2e35.jpg</path>
	<source>
		<database>roboflow.ai</database>
	</source>
	<size>
		<width>640</width>
		<height>480</height>
		<depth>3</depth>
	</size>
	<segmented>0</segmented>
	<object>
		<name>megot</name>
		<pose>Unspecified</pose>
		<truncated>0</truncated>
		<difficult>0</difficult>
		<occluded>0</occluded>
		<bndbox>
			<xmin>216</xmin>
			<xmax>516</xmax>
			<ymin>175</ymin>
			<ymax>306</ymax>
		</bndbox>
	</object>
	<object>
		<name>megot</name>
		<pose>Unspecified</pose>
		<truncated>0</truncated>
		<difficult>0</difficult>
		<occluded>0</occluded>
		<bndbox>
			<xmin>95</xmin>
			<xmax>486</xmax>
			<ymin>278</ymin>
			<ymax>435</ymax>
		</bndbox>
	</object>
</annotation>
