<annotation>
	<folder></folder>
	<filename>filter-10_XSLqEpL_0_jpg.rf.e145856a3138857a9c156f6b216bbcc5.jpg</filename>
	<path>filter-10_XSLqEpL_0_jpg.rf.e145856a3138857a9c156f6b216bbcc5.jpg</path>
	<source>
		<database>roboflow.ai</database>
	</source>
	<size>
		<width>640</width>
		<height>480</height>
		<depth>3</depth>
	</size>
	<segmented>0</segmented>
	<object>
		<name>megot</name>
		<pose>Unspecified</pose>
		<truncated>0</truncated>
		<difficult>0</difficult>
		<occluded>0</occluded>
		<bndbox>
			<xmin>122</xmin>
			<xmax>418</xmax>
			<ymin>109</ymin>
			<ymax>443</ymax>
		</bndbox>
	</object>
</annotation>
