<annotation>
	<folder></folder>
	<filename>filter-108_8_jpg.rf.cccc68ac50ff5441a9a7f72bf6722115.jpg</filename>
	<path>filter-108_8_jpg.rf.cccc68ac50ff5441a9a7f72bf6722115.jpg</path>
	<source>
		<database>roboflow.ai</database>
	</source>
	<size>
		<width>640</width>
		<height>480</height>
		<depth>3</depth>
	</size>
	<segmented>0</segmented>
	<object>
		<name>megot</name>
		<pose>Unspecified</pose>
		<truncated>0</truncated>
		<difficult>0</difficult>
		<occluded>0</occluded>
		<bndbox>
			<xmin>383</xmin>
			<xmax>545</xmax>
			<ymin>83</ymin>
			<ymax>432</ymax>
		</bndbox>
	</object>
</annotation>
