<annotation>
	<folder></folder>
	<filename>filter-117_LyTVgra_2_jpg.rf.864c22188cef0b7033f08efea29461d2.jpg</filename>
	<path>filter-117_LyTVgra_2_jpg.rf.864c22188cef0b7033f08efea29461d2.jpg</path>
	<source>
		<database>roboflow.ai</database>
	</source>
	<size>
		<width>640</width>
		<height>480</height>
		<depth>3</depth>
	</size>
	<segmented>0</segmented>
	<object>
		<name>megot</name>
		<pose>Unspecified</pose>
		<truncated>0</truncated>
		<difficult>0</difficult>
		<occluded>0</occluded>
		<bndbox>
			<xmin>17</xmin>
			<xmax>430</xmax>
			<ymin>114</ymin>
			<ymax>310</ymax>
		</bndbox>
	</object>
</annotation>
