<annotation>
	<folder></folder>
	<filename>filter-122_1coSXw0_0_jpg.rf.8ae2698ac13f875875c148cad181cb73.jpg</filename>
	<path>filter-122_1coSXw0_0_jpg.rf.8ae2698ac13f875875c148cad181cb73.jpg</path>
	<source>
		<database>roboflow.ai</database>
	</source>
	<size>
		<width>640</width>
		<height>480</height>
		<depth>3</depth>
	</size>
	<segmented>0</segmented>
	<object>
		<name>megot</name>
		<pose>Unspecified</pose>
		<truncated>0</truncated>
		<difficult>0</difficult>
		<occluded>0</occluded>
		<bndbox>
			<xmin>252</xmin>
			<xmax>467</xmax>
			<ymin>32</ymin>
			<ymax>370</ymax>
		</bndbox>
	</object>
</annotation>
