<annotation>
	<folder></folder>
	<filename>filter-123_ecg4PQl_0_jpg.rf.64635d65d35920f27179386a4cc44244.jpg</filename>
	<path>filter-123_ecg4PQl_0_jpg.rf.64635d65d35920f27179386a4cc44244.jpg</path>
	<source>
		<database>roboflow.ai</database>
	</source>
	<size>
		<width>640</width>
		<height>480</height>
		<depth>3</depth>
	</size>
	<segmented>0</segmented>
	<object>
		<name>megot</name>
		<pose>Unspecified</pose>
		<truncated>0</truncated>
		<difficult>0</difficult>
		<occluded>0</occluded>
		<bndbox>
			<xmin>90</xmin>
			<xmax>439</xmax>
			<ymin>141</ymin>
			<ymax>266</ymax>
		</bndbox>
	</object>
</annotation>
