<annotation>
	<folder></folder>
	<filename>filter-11_5_jpg.rf.a87821b9bff5f565f6e7c3e136489b75.jpg</filename>
	<path>filter-11_5_jpg.rf.a87821b9bff5f565f6e7c3e136489b75.jpg</path>
	<source>
		<database>roboflow.ai</database>
	</source>
	<size>
		<width>640</width>
		<height>480</height>
		<depth>3</depth>
	</size>
	<segmented>0</segmented>
	<object>
		<name>megot</name>
		<pose>Unspecified</pose>
		<truncated>0</truncated>
		<difficult>0</difficult>
		<occluded>0</occluded>
		<bndbox>
			<xmin>53</xmin>
			<xmax>378</xmax>
			<ymin>86</ymin>
			<ymax>222</ymax>
		</bndbox>
	</object>
</annotation>
