<annotation>
	<folder></folder>
	<filename>filter-126_Z5P6RsS_7_jpg.rf.8d7959dd322f6c68feea0d5346bf61f5.jpg</filename>
	<path>filter-126_Z5P6RsS_7_jpg.rf.8d7959dd322f6c68feea0d5346bf61f5.jpg</path>
	<source>
		<database>roboflow.ai</database>
	</source>
	<size>
		<width>640</width>
		<height>480</height>
		<depth>3</depth>
	</size>
	<segmented>0</segmented>
	<object>
		<name>megot</name>
		<pose>Unspecified</pose>
		<truncated>0</truncated>
		<difficult>0</difficult>
		<occluded>0</occluded>
		<bndbox>
			<xmin>197</xmin>
			<xmax>480</xmax>
			<ymin>187</ymin>
			<ymax>433</ymax>
		</bndbox>
	</object>
</annotation>
