<annotation>
	<folder></folder>
	<filename>filter-127_3_jpg.rf.279d7ee9552956587b44c97ddb95e1e3.jpg</filename>
	<path>filter-127_3_jpg.rf.279d7ee9552956587b44c97ddb95e1e3.jpg</path>
	<source>
		<database>roboflow.ai</database>
	</source>
	<size>
		<width>640</width>
		<height>480</height>
		<depth>3</depth>
	</size>
	<segmented>0</segmented>
	<object>
		<name>megot</name>
		<pose>Unspecified</pose>
		<truncated>0</truncated>
		<difficult>0</difficult>
		<occluded>0</occluded>
		<bndbox>
			<xmin>273</xmin>
			<xmax>586</xmax>
			<ymin>219</ymin>
			<ymax>479</ymax>
		</bndbox>
	</object>
</annotation>
