<annotation>
	<folder></folder>
	<filename>filter-125_mLFaFsx_8_jpg.rf.23af2f683bda2fe6038d91dd053d8ef6.jpg</filename>
	<path>filter-125_mLFaFsx_8_jpg.rf.23af2f683bda2fe6038d91dd053d8ef6.jpg</path>
	<source>
		<database>roboflow.ai</database>
	</source>
	<size>
		<width>640</width>
		<height>480</height>
		<depth>3</depth>
	</size>
	<segmented>0</segmented>
	<object>
		<name>megot</name>
		<pose>Unspecified</pose>
		<truncated>0</truncated>
		<difficult>0</difficult>
		<occluded>0</occluded>
		<bndbox>
			<xmin>204</xmin>
			<xmax>538</xmax>
			<ymin>89</ymin>
			<ymax>299</ymax>
		</bndbox>
	</object>
</annotation>
