<annotation>
	<folder></folder>
	<filename>filter-100_3_jpg.rf.447fefd330f4f6dc2a2479d8eb3898de.jpg</filename>
	<path>filter-100_3_jpg.rf.447fefd330f4f6dc2a2479d8eb3898de.jpg</path>
	<source>
		<database>roboflow.ai</database>
	</source>
	<size>
		<width>640</width>
		<height>480</height>
		<depth>3</depth>
	</size>
	<segmented>0</segmented>
	<object>
		<name>megot</name>
		<pose>Unspecified</pose>
		<truncated>0</truncated>
		<difficult>0</difficult>
		<occluded>0</occluded>
		<bndbox>
			<xmin>89</xmin>
			<xmax>346</xmax>
			<ymin>141</ymin>
			<ymax>472</ymax>
		</bndbox>
	</object>
</annotation>
