<annotation>
	<folder></folder>
	<filename>filter-101_2_jpg.rf.eb24f8a35fd82f8294f5ea9763789316.jpg</filename>
	<path>filter-101_2_jpg.rf.eb24f8a35fd82f8294f5ea9763789316.jpg</path>
	<source>
		<database>roboflow.ai</database>
	</source>
	<size>
		<width>640</width>
		<height>480</height>
		<depth>3</depth>
	</size>
	<segmented>0</segmented>
	<object>
		<name>megot</name>
		<pose>Unspecified</pose>
		<truncated>0</truncated>
		<difficult>0</difficult>
		<occluded>0</occluded>
		<bndbox>
			<xmin>189</xmin>
			<xmax>430</xmax>
			<ymin>104</ymin>
			<ymax>370</ymax>
		</bndbox>
	</object>
</annotation>
