<annotation>
	<folder></folder>
	<filename>filter-119_ELU8iRA_9_jpg.rf.301428337b812b9f240089e9fcc6ac9c.jpg</filename>
	<path>filter-119_ELU8iRA_9_jpg.rf.301428337b812b9f240089e9fcc6ac9c.jpg</path>
	<source>
		<database>roboflow.ai</database>
	</source>
	<size>
		<width>640</width>
		<height>480</height>
		<depth>3</depth>
	</size>
	<segmented>0</segmented>
	<object>
		<name>megot</name>
		<pose>Unspecified</pose>
		<truncated>0</truncated>
		<difficult>0</difficult>
		<occluded>0</occluded>
		<bndbox>
			<xmin>161</xmin>
			<xmax>461</xmax>
			<ymin>85</ymin>
			<ymax>439</ymax>
		</bndbox>
	</object>
</annotation>
