<annotation>
	<folder></folder>
	<filename>filter-110_1_jpg.rf.9c526b51bfb47444b7aa4c6b9aa2eb2f.jpg</filename>
	<path>filter-110_1_jpg.rf.9c526b51bfb47444b7aa4c6b9aa2eb2f.jpg</path>
	<source>
		<database>roboflow.ai</database>
	</source>
	<size>
		<width>640</width>
		<height>480</height>
		<depth>3</depth>
	</size>
	<segmented>0</segmented>
	<object>
		<name>megot</name>
		<pose>Unspecified</pose>
		<truncated>0</truncated>
		<difficult>0</difficult>
		<occluded>0</occluded>
		<bndbox>
			<xmin>239</xmin>
			<xmax>580</xmax>
			<ymin>115</ymin>
			<ymax>387</ymax>
		</bndbox>
	</object>
</annotation>
