<annotation>
	<folder></folder>
	<filename>filter-115_9_jpg.rf.100f8f5d3cd0458e2acaded12cb43772.jpg</filename>
	<path>filter-115_9_jpg.rf.100f8f5d3cd0458e2acaded12cb43772.jpg</path>
	<source>
		<database>roboflow.ai</database>
	</source>
	<size>
		<width>640</width>
		<height>480</height>
		<depth>3</depth>
	</size>
	<segmented>0</segmented>
	<object>
		<name>megot</name>
		<pose>Unspecified</pose>
		<truncated>0</truncated>
		<difficult>0</difficult>
		<occluded>0</occluded>
		<bndbox>
			<xmin>116</xmin>
			<xmax>443</xmax>
			<ymin>101</ymin>
			<ymax>234</ymax>
		</bndbox>
	</object>
</annotation>
