<annotation>
	<folder></folder>
	<filename>filter-129_5_jpg.rf.0c3c0ce09f5e31b05de015d8940471a1.jpg</filename>
	<path>filter-129_5_jpg.rf.0c3c0ce09f5e31b05de015d8940471a1.jpg</path>
	<source>
		<database>roboflow.ai</database>
	</source>
	<size>
		<width>640</width>
		<height>480</height>
		<depth>3</depth>
	</size>
	<segmented>0</segmented>
	<object>
		<name>megot</name>
		<pose>Unspecified</pose>
		<truncated>0</truncated>
		<difficult>0</difficult>
		<occluded>0</occluded>
		<bndbox>
			<xmin>173</xmin>
			<xmax>554</xmax>
			<ymin>112</ymin>
			<ymax>383</ymax>
		</bndbox>
	</object>
</annotation>
