<annotation>
	<folder></folder>
	<filename>filter-120_4_jpg.rf.70656a2e7b0c1f843cf466330b60d3bf.jpg</filename>
	<path>filter-120_4_jpg.rf.70656a2e7b0c1f843cf466330b60d3bf.jpg</path>
	<source>
		<database>roboflow.ai</database>
	</source>
	<size>
		<width>640</width>
		<height>480</height>
		<depth>3</depth>
	</size>
	<segmented>0</segmented>
	<object>
		<name>megot</name>
		<pose>Unspecified</pose>
		<truncated>0</truncated>
		<difficult>0</difficult>
		<occluded>0</occluded>
		<bndbox>
			<xmin>99</xmin>
			<xmax>364</xmax>
			<ymin>48</ymin>
			<ymax>433</ymax>
		</bndbox>
	</object>
</annotation>
