<annotation>
	<folder></folder>
	<filename>filter-126_8_jpg.rf.49b02d6dbc850eee00eabea53f036023.jpg</filename>
	<path>filter-126_8_jpg.rf.49b02d6dbc850eee00eabea53f036023.jpg</path>
	<source>
		<database>roboflow.ai</database>
	</source>
	<size>
		<width>640</width>
		<height>480</height>
		<depth>3</depth>
	</size>
	<segmented>0</segmented>
	<object>
		<name>megot</name>
		<pose>Unspecified</pose>
		<truncated>0</truncated>
		<difficult>0</difficult>
		<occluded>0</occluded>
		<bndbox>
			<xmin>213</xmin>
			<xmax>468</xmax>
			<ymin>76</ymin>
			<ymax>323</ymax>
		</bndbox>
	</object>
</annotation>
