<annotation>
	<folder></folder>
	<filename>filter-129_u2GO20u_8_jpg.rf.daada6435c26d9bd0446ffec48ff8c13.jpg</filename>
	<path>filter-129_u2GO20u_8_jpg.rf.daada6435c26d9bd0446ffec48ff8c13.jpg</path>
	<source>
		<database>roboflow.ai</database>
	</source>
	<size>
		<width>640</width>
		<height>480</height>
		<depth>3</depth>
	</size>
	<segmented>0</segmented>
	<object>
		<name>megot</name>
		<pose>Unspecified</pose>
		<truncated>0</truncated>
		<difficult>0</difficult>
		<occluded>0</occluded>
		<bndbox>
			<xmin>102</xmin>
			<xmax>460</xmax>
			<ymin>102</ymin>
			<ymax>362</ymax>
		</bndbox>
	</object>
</annotation>
