<annotation>
	<folder></folder>
	<filename>filter-130_3_jpg.rf.6559b411f04d5c2c47638fcfd3d03b7f.jpg</filename>
	<path>filter-130_3_jpg.rf.6559b411f04d5c2c47638fcfd3d03b7f.jpg</path>
	<source>
		<database>roboflow.ai</database>
	</source>
	<size>
		<width>640</width>
		<height>480</height>
		<depth>3</depth>
	</size>
	<segmented>0</segmented>
	<object>
		<name>megot</name>
		<pose>Unspecified</pose>
		<truncated>0</truncated>
		<difficult>0</difficult>
		<occluded>0</occluded>
		<bndbox>
			<xmin>257</xmin>
			<xmax>428</xmax>
			<ymin>114</ymin>
			<ymax>434</ymax>
		</bndbox>
	</object>
</annotation>
