<annotation>
	<folder></folder>
	<filename>filter-121_OXXnm7A_jpg.rf.37b7597ad83931f1505f7e3049c7ca35.jpg</filename>
	<path>filter-121_OXXnm7A_jpg.rf.37b7597ad83931f1505f7e3049c7ca35.jpg</path>
	<source>
		<database>roboflow.ai</database>
	</source>
	<size>
		<width>640</width>
		<height>480</height>
		<depth>3</depth>
	</size>
	<segmented>0</segmented>
	<object>
		<name>megot</name>
		<pose>Unspecified</pose>
		<truncated>0</truncated>
		<difficult>0</difficult>
		<occluded>0</occluded>
		<bndbox>
			<xmin>159</xmin>
			<xmax>477</xmax>
			<ymin>108</ymin>
			<ymax>411</ymax>
		</bndbox>
	</object>
</annotation>
