<annotation>
	<folder></folder>
	<filename>filter-107_J4Bm8PH_jpg.rf.56651e8b77f1ebccab35c6d1eab6c5d4.jpg</filename>
	<path>filter-107_J4Bm8PH_jpg.rf.56651e8b77f1ebccab35c6d1eab6c5d4.jpg</path>
	<source>
		<database>roboflow.ai</database>
	</source>
	<size>
		<width>640</width>
		<height>480</height>
		<depth>3</depth>
	</size>
	<segmented>0</segmented>
	<object>
		<name>megot</name>
		<pose>Unspecified</pose>
		<truncated>0</truncated>
		<difficult>0</difficult>
		<occluded>0</occluded>
		<bndbox>
			<xmin>176</xmin>
			<xmax>466</xmax>
			<ymin>184</ymin>
			<ymax>417</ymax>
		</bndbox>
	</object>
</annotation>
