<annotation>
	<folder></folder>
	<filename>filter-126_1_jpg.rf.169f892ff28970d415cc3055c3a82dd0.jpg</filename>
	<path>filter-126_1_jpg.rf.169f892ff28970d415cc3055c3a82dd0.jpg</path>
	<source>
		<database>roboflow.ai</database>
	</source>
	<size>
		<width>640</width>
		<height>480</height>
		<depth>3</depth>
	</size>
	<segmented>0</segmented>
	<object>
		<name>megot</name>
		<pose>Unspecified</pose>
		<truncated>0</truncated>
		<difficult>0</difficult>
		<occluded>0</occluded>
		<bndbox>
			<xmin>196</xmin>
			<xmax>507</xmax>
			<ymin>15</ymin>
			<ymax>292</ymax>
		</bndbox>
	</object>
</annotation>
