<annotation>
	<folder></folder>
	<filename>filter-114_hdHarae_jpg.rf.ae05f34f161498b70ea48d5c639b3626.jpg</filename>
	<path>filter-114_hdHarae_jpg.rf.ae05f34f161498b70ea48d5c639b3626.jpg</path>
	<source>
		<database>roboflow.ai</database>
	</source>
	<size>
		<width>640</width>
		<height>480</height>
		<depth>3</depth>
	</size>
	<segmented>0</segmented>
	<object>
		<name>megot</name>
		<pose>Unspecified</pose>
		<truncated>0</truncated>
		<difficult>0</difficult>
		<occluded>0</occluded>
		<bndbox>
			<xmin>101</xmin>
			<xmax>363</xmax>
			<ymin>33</ymin>
			<ymax>384</ymax>
		</bndbox>
	</object>
</annotation>
