<annotation>
	<folder></folder>
	<filename>filter-100_1_jpg.rf.e69b87781461a5a995c4d8ec5002cfdf.jpg</filename>
	<path>filter-100_1_jpg.rf.e69b87781461a5a995c4d8ec5002cfdf.jpg</path>
	<source>
		<database>roboflow.ai</database>
	</source>
	<size>
		<width>640</width>
		<height>480</height>
		<depth>3</depth>
	</size>
	<segmented>0</segmented>
	<object>
		<name>megot</name>
		<pose>Unspecified</pose>
		<truncated>0</truncated>
		<difficult>0</difficult>
		<occluded>0</occluded>
		<bndbox>
			<xmin>140</xmin>
			<xmax>373</xmax>
			<ymin>114</ymin>
			<ymax>455</ymax>
		</bndbox>
	</object>
</annotation>
