<annotation>
	<folder></folder>
	<filename>filter-123_3_jpg.rf.c0293700cfe308c63b38f9df488fc949.jpg</filename>
	<path>filter-123_3_jpg.rf.c0293700cfe308c63b38f9df488fc949.jpg</path>
	<source>
		<database>roboflow.ai</database>
	</source>
	<size>
		<width>640</width>
		<height>480</height>
		<depth>3</depth>
	</size>
	<segmented>0</segmented>
	<object>
		<name>megot</name>
		<pose>Unspecified</pose>
		<truncated>0</truncated>
		<difficult>0</difficult>
		<occluded>0</occluded>
		<bndbox>
			<xmin>75</xmin>
			<xmax>410</xmax>
			<ymin>174</ymin>
			<ymax>267</ymax>
		</bndbox>
	</object>
</annotation>
