<annotation>
	<folder></folder>
	<filename>filter-108_7_jpg.rf.971afadf1e8645484f6c06a3e0e7f376.jpg</filename>
	<path>filter-108_7_jpg.rf.971afadf1e8645484f6c06a3e0e7f376.jpg</path>
	<source>
		<database>roboflow.ai</database>
	</source>
	<size>
		<width>640</width>
		<height>480</height>
		<depth>3</depth>
	</size>
	<segmented>0</segmented>
	<object>
		<name>megot</name>
		<pose>Unspecified</pose>
		<truncated>0</truncated>
		<difficult>0</difficult>
		<occluded>0</occluded>
		<bndbox>
			<xmin>392</xmin>
			<xmax>588</xmax>
			<ymin>74</ymin>
			<ymax>449</ymax>
		</bndbox>
	</object>
</annotation>
