<annotation>
	<folder></folder>
	<filename>filter-12_4_jpg.rf.157725ffa7f1088cedaabff05060d138.jpg</filename>
	<path>filter-12_4_jpg.rf.157725ffa7f1088cedaabff05060d138.jpg</path>
	<source>
		<database>roboflow.ai</database>
	</source>
	<size>
		<width>640</width>
		<height>480</height>
		<depth>3</depth>
	</size>
	<segmented>0</segmented>
	<object>
		<name>megot</name>
		<pose>Unspecified</pose>
		<truncated>0</truncated>
		<difficult>0</difficult>
		<occluded>0</occluded>
		<bndbox>
			<xmin>333</xmin>
			<xmax>547</xmax>
			<ymin>95</ymin>
			<ymax>441</ymax>
		</bndbox>
	</object>
</annotation>
