<annotation>
	<folder></folder>
	<filename>filter-103_3_jpg.rf.28ae946395915de149935fd9fe41521f.jpg</filename>
	<path>filter-103_3_jpg.rf.28ae946395915de149935fd9fe41521f.jpg</path>
	<source>
		<database>roboflow.ai</database>
	</source>
	<size>
		<width>640</width>
		<height>480</height>
		<depth>3</depth>
	</size>
	<segmented>0</segmented>
	<object>
		<name>megot</name>
		<pose>Unspecified</pose>
		<truncated>0</truncated>
		<difficult>0</difficult>
		<occluded>0</occluded>
		<bndbox>
			<xmin>343</xmin>
			<xmax>517</xmax>
			<ymin>62</ymin>
			<ymax>367</ymax>
		</bndbox>
	</object>
</annotation>
