<annotation>
	<folder></folder>
	<filename>filter-102_cyrXPVH_0_jpg.rf.133c56c3b63115f9fab491244347ee09.jpg</filename>
	<path>filter-102_cyrXPVH_0_jpg.rf.133c56c3b63115f9fab491244347ee09.jpg</path>
	<source>
		<database>roboflow.ai</database>
	</source>
	<size>
		<width>640</width>
		<height>480</height>
		<depth>3</depth>
	</size>
	<segmented>0</segmented>
	<object>
		<name>megot</name>
		<pose>Unspecified</pose>
		<truncated>0</truncated>
		<difficult>0</difficult>
		<occluded>0</occluded>
		<bndbox>
			<xmin>86</xmin>
			<xmax>473</xmax>
			<ymin>70</ymin>
			<ymax>214</ymax>
		</bndbox>
	</object>
	<object>
		<name>megot</name>
		<pose>Unspecified</pose>
		<truncated>0</truncated>
		<difficult>0</difficult>
		<occluded>0</occluded>
		<bndbox>
			<xmin>204</xmin>
			<xmax>505</xmax>
			<ymin>190</ymin>
			<ymax>319</ymax>
		</bndbox>
	</object>
</annotation>
