<annotation>
	<folder></folder>
	<filename>filter-122_1coSXw0_jpg.rf.d2a72ce0090ba16e95af433904eca562.jpg</filename>
	<path>filter-122_1coSXw0_jpg.rf.d2a72ce0090ba16e95af433904eca562.jpg</path>
	<source>
		<database>roboflow.ai</database>
	</source>
	<size>
		<width>640</width>
		<height>480</height>
		<depth>3</depth>
	</size>
	<segmented>0</segmented>
	<object>
		<name>megot</name>
		<pose>Unspecified</pose>
		<truncated>0</truncated>
		<difficult>0</difficult>
		<occluded>0</occluded>
		<bndbox>
			<xmin>181</xmin>
			<xmax>404</xmax>
			<ymin>101</ymin>
			<ymax>442</ymax>
		</bndbox>
	</object>
</annotation>
