<annotation>
	<folder></folder>
	<filename>filter-12_9_jpg.rf.768df00f50f2fb995eff2b1fc6ed99a1.jpg</filename>
	<path>filter-12_9_jpg.rf.768df00f50f2fb995eff2b1fc6ed99a1.jpg</path>
	<source>
		<database>roboflow.ai</database>
	</source>
	<size>
		<width>640</width>
		<height>480</height>
		<depth>3</depth>
	</size>
	<segmented>0</segmented>
	<object>
		<name>megot</name>
		<pose>Unspecified</pose>
		<truncated>0</truncated>
		<difficult>0</difficult>
		<occluded>0</occluded>
		<bndbox>
			<xmin>329</xmin>
			<xmax>550</xmax>
			<ymin>26</ymin>
			<ymax>366</ymax>
		</bndbox>
	</object>
</annotation>
