<annotation>
	<folder></folder>
	<filename>filter-115_Px7GHPP_0_jpg.rf.eb6f12e7838347abbc13f8f1b55b7f07.jpg</filename>
	<path>filter-115_Px7GHPP_0_jpg.rf.eb6f12e7838347abbc13f8f1b55b7f07.jpg</path>
	<source>
		<database>roboflow.ai</database>
	</source>
	<size>
		<width>640</width>
		<height>480</height>
		<depth>3</depth>
	</size>
	<segmented>0</segmented>
	<object>
		<name>megot</name>
		<pose>Unspecified</pose>
		<truncated>0</truncated>
		<difficult>0</difficult>
		<occluded>0</occluded>
		<bndbox>
			<xmin>148</xmin>
			<xmax>476</xmax>
			<ymin>240</ymin>
			<ymax>375</ymax>
		</bndbox>
	</object>
</annotation>
