<annotation>
	<folder></folder>
	<filename>filter-114_hdHarae_2_jpg.rf.ef034d2c8d5d98c1dd114345cfe47f28.jpg</filename>
	<path>filter-114_hdHarae_2_jpg.rf.ef034d2c8d5d98c1dd114345cfe47f28.jpg</path>
	<source>
		<database>roboflow.ai</database>
	</source>
	<size>
		<width>640</width>
		<height>480</height>
		<depth>3</depth>
	</size>
	<segmented>0</segmented>
	<object>
		<name>megot</name>
		<pose>Unspecified</pose>
		<truncated>0</truncated>
		<difficult>0</difficult>
		<occluded>0</occluded>
		<bndbox>
			<xmin>96</xmin>
			<xmax>364</xmax>
			<ymin>71</ymin>
			<ymax>401</ymax>
		</bndbox>
	</object>
</annotation>
