<annotation>
	<folder></folder>
	<filename>filter-121_7_jpg.rf.f6a7d250cfe293ff49928b43b699a871.jpg</filename>
	<path>filter-121_7_jpg.rf.f6a7d250cfe293ff49928b43b699a871.jpg</path>
	<source>
		<database>roboflow.ai</database>
	</source>
	<size>
		<width>640</width>
		<height>480</height>
		<depth>3</depth>
	</size>
	<segmented>0</segmented>
	<object>
		<name>megot</name>
		<pose>Unspecified</pose>
		<truncated>0</truncated>
		<difficult>0</difficult>
		<occluded>0</occluded>
		<bndbox>
			<xmin>162</xmin>
			<xmax>465</xmax>
			<ymin>76</ymin>
			<ymax>367</ymax>
		</bndbox>
	</object>
</annotation>
