<annotation>
	<folder></folder>
	<filename>filter-106_gt5pQI2_4_jpg.rf.092c5d1d418b9f70cce169757a222364.jpg</filename>
	<path>filter-106_gt5pQI2_4_jpg.rf.092c5d1d418b9f70cce169757a222364.jpg</path>
	<source>
		<database>roboflow.ai</database>
	</source>
	<size>
		<width>640</width>
		<height>480</height>
		<depth>3</depth>
	</size>
	<segmented>0</segmented>
	<object>
		<name>megot</name>
		<pose>Unspecified</pose>
		<truncated>0</truncated>
		<difficult>0</difficult>
		<occluded>0</occluded>
		<bndbox>
			<xmin>23</xmin>
			<xmax>436</xmax>
			<ymin>218</ymin>
			<ymax>379</ymax>
		</bndbox>
	</object>
</annotation>
