<annotation>
	<folder></folder>
	<filename>filter-123_2_jpg.rf.d0b0b6133501c5f22e34d6bafabcf6ff.jpg</filename>
	<path>filter-123_2_jpg.rf.d0b0b6133501c5f22e34d6bafabcf6ff.jpg</path>
	<source>
		<database>roboflow.ai</database>
	</source>
	<size>
		<width>640</width>
		<height>480</height>
		<depth>3</depth>
	</size>
	<segmented>0</segmented>
	<object>
		<name>megot</name>
		<pose>Unspecified</pose>
		<truncated>0</truncated>
		<difficult>0</difficult>
		<occluded>0</occluded>
		<bndbox>
			<xmin>229</xmin>
			<xmax>564</xmax>
			<ymin>174</ymin>
			<ymax>267</ymax>
		</bndbox>
	</object>
</annotation>
