<annotation>
	<folder></folder>
	<filename>filter-108_jpg.rf.9f885bf27ad8f01080bff444097cd878.jpg</filename>
	<path>filter-108_jpg.rf.9f885bf27ad8f01080bff444097cd878.jpg</path>
	<source>
		<database>roboflow.ai</database>
	</source>
	<size>
		<width>640</width>
		<height>480</height>
		<depth>3</depth>
	</size>
	<segmented>0</segmented>
	<object>
		<name>megot</name>
		<pose>Unspecified</pose>
		<truncated>0</truncated>
		<difficult>0</difficult>
		<occluded>0</occluded>
		<bndbox>
			<xmin>88</xmin>
			<xmax>255</xmax>
			<ymin>54</ymin>
			<ymax>406</ymax>
		</bndbox>
	</object>
</annotation>
