<annotation>
	<folder></folder>
	<filename>filter-130_VXT7Q13_7_jpg.rf.aed67a723f6a147e44635793b913c5ff.jpg</filename>
	<path>filter-130_VXT7Q13_7_jpg.rf.aed67a723f6a147e44635793b913c5ff.jpg</path>
	<source>
		<database>roboflow.ai</database>
	</source>
	<size>
		<width>640</width>
		<height>480</height>
		<depth>3</depth>
	</size>
	<segmented>0</segmented>
	<object>
		<name>megot</name>
		<pose>Unspecified</pose>
		<truncated>0</truncated>
		<difficult>0</difficult>
		<occluded>0</occluded>
		<bndbox>
			<xmin>168</xmin>
			<xmax>331</xmax>
			<ymin>67</ymin>
			<ymax>399</ymax>
		</bndbox>
	</object>
</annotation>
