<annotation>
	<folder></folder>
	<filename>filter-115_7_jpg.rf.c2ba60191c8ef864f5e95bd0dd16bdb8.jpg</filename>
	<path>filter-115_7_jpg.rf.c2ba60191c8ef864f5e95bd0dd16bdb8.jpg</path>
	<source>
		<database>roboflow.ai</database>
	</source>
	<size>
		<width>640</width>
		<height>480</height>
		<depth>3</depth>
	</size>
	<segmented>0</segmented>
	<object>
		<name>megot</name>
		<pose>Unspecified</pose>
		<truncated>0</truncated>
		<difficult>0</difficult>
		<occluded>0</occluded>
		<bndbox>
			<xmin>196</xmin>
			<xmax>523</xmax>
			<ymin>245</ymin>
			<ymax>378</ymax>
		</bndbox>
	</object>
</annotation>
