<annotation>
	<folder></folder>
	<filename>filter-100_9N76WV3_5_jpg.rf.035e32162056e11b6aba459a4e105fd7.jpg</filename>
	<path>filter-100_9N76WV3_5_jpg.rf.035e32162056e11b6aba459a4e105fd7.jpg</path>
	<source>
		<database>roboflow.ai</database>
	</source>
	<size>
		<width>640</width>
		<height>480</height>
		<depth>3</depth>
	</size>
	<segmented>0</segmented>
	<object>
		<name>megot</name>
		<pose>Unspecified</pose>
		<truncated>0</truncated>
		<difficult>0</difficult>
		<occluded>0</occluded>
		<bndbox>
			<xmin>254</xmin>
			<xmax>519</xmax>
			<ymin>139</ymin>
			<ymax>453</ymax>
		</bndbox>
	</object>
</annotation>
