<annotation>
	<folder></folder>
	<filename>filter-101_mJNoSD0_7_jpg.rf.ec10384b62e5971e5b85d581e64b11e4.jpg</filename>
	<path>filter-101_mJNoSD0_7_jpg.rf.ec10384b62e5971e5b85d581e64b11e4.jpg</path>
	<source>
		<database>roboflow.ai</database>
	</source>
	<size>
		<width>640</width>
		<height>480</height>
		<depth>3</depth>
	</size>
	<segmented>0</segmented>
	<object>
		<name>megot</name>
		<pose>Unspecified</pose>
		<truncated>0</truncated>
		<difficult>0</difficult>
		<occluded>0</occluded>
		<bndbox>
			<xmin>183</xmin>
			<xmax>426</xmax>
			<ymin>100</ymin>
			<ymax>380</ymax>
		</bndbox>
	</object>
</annotation>
