<annotation>
	<folder></folder>
	<filename>filter-129_u2GO20u_6_jpg.rf.3ec7fba16f50cef8363b47cb67f634a2.jpg</filename>
	<path>filter-129_u2GO20u_6_jpg.rf.3ec7fba16f50cef8363b47cb67f634a2.jpg</path>
	<source>
		<database>roboflow.ai</database>
	</source>
	<size>
		<width>640</width>
		<height>480</height>
		<depth>3</depth>
	</size>
	<segmented>0</segmented>
	<object>
		<name>megot</name>
		<pose>Unspecified</pose>
		<truncated>0</truncated>
		<difficult>0</difficult>
		<occluded>0</occluded>
		<bndbox>
			<xmin>93</xmin>
			<xmax>465</xmax>
			<ymin>109</ymin>
			<ymax>376</ymax>
		</bndbox>
	</object>
</annotation>
