<annotation>
	<folder></folder>
	<filename>filter-126_3_jpg.rf.4396bc0f61322d51f2fbdc288a481954.jpg</filename>
	<path>filter-126_3_jpg.rf.4396bc0f61322d51f2fbdc288a481954.jpg</path>
	<source>
		<database>roboflow.ai</database>
	</source>
	<size>
		<width>640</width>
		<height>480</height>
		<depth>3</depth>
	</size>
	<segmented>0</segmented>
	<object>
		<name>megot</name>
		<pose>Unspecified</pose>
		<truncated>0</truncated>
		<difficult>0</difficult>
		<occluded>0</occluded>
		<bndbox>
			<xmin>163</xmin>
			<xmax>432</xmax>
			<ymin>170</ymin>
			<ymax>408</ymax>
		</bndbox>
	</object>
</annotation>
