<annotation>
	<folder></folder>
	<filename>filter-119_3_jpg.rf.dbabc3a4c8f92043656e5730f3f90d08.jpg</filename>
	<path>filter-119_3_jpg.rf.dbabc3a4c8f92043656e5730f3f90d08.jpg</path>
	<source>
		<database>roboflow.ai</database>
	</source>
	<size>
		<width>640</width>
		<height>480</height>
		<depth>3</depth>
	</size>
	<segmented>0</segmented>
	<object>
		<name>megot</name>
		<pose>Unspecified</pose>
		<truncated>0</truncated>
		<difficult>0</difficult>
		<occluded>0</occluded>
		<bndbox>
			<xmin>112</xmin>
			<xmax>406</xmax>
			<ymin>26</ymin>
			<ymax>374</ymax>
		</bndbox>
	</object>
</annotation>
