<annotation>
	<folder></folder>
	<filename>filter-120_DAh9cZs_1_jpg.rf.3edb428feadb5aa63c3105e0b958893f.jpg</filename>
	<path>filter-120_DAh9cZs_1_jpg.rf.3edb428feadb5aa63c3105e0b958893f.jpg</path>
	<source>
		<database>roboflow.ai</database>
	</source>
	<size>
		<width>640</width>
		<height>480</height>
		<depth>3</depth>
	</size>
	<segmented>0</segmented>
	<object>
		<name>megot</name>
		<pose>Unspecified</pose>
		<truncated>0</truncated>
		<difficult>0</difficult>
		<occluded>0</occluded>
		<bndbox>
			<xmin>118</xmin>
			<xmax>344</xmax>
			<ymin>57</ymin>
			<ymax>420</ymax>
		</bndbox>
	</object>
</annotation>
