<annotation>
	<folder></folder>
	<filename>filter-130_7_jpg.rf.ad9c012b8386af69cec26b0ba7ebf80c.jpg</filename>
	<path>filter-130_7_jpg.rf.ad9c012b8386af69cec26b0ba7ebf80c.jpg</path>
	<source>
		<database>roboflow.ai</database>
	</source>
	<size>
		<width>640</width>
		<height>480</height>
		<depth>3</depth>
	</size>
	<segmented>0</segmented>
	<object>
		<name>megot</name>
		<pose>Unspecified</pose>
		<truncated>0</truncated>
		<difficult>0</difficult>
		<occluded>0</occluded>
		<bndbox>
			<xmin>172</xmin>
			<xmax>329</xmax>
			<ymin>77</ymin>
			<ymax>408</ymax>
		</bndbox>
	</object>
</annotation>
