<annotation>
	<folder></folder>
	<filename>filter-110_6_jpg.rf.873d44bf5e871326303592f735f4fbec.jpg</filename>
	<path>filter-110_6_jpg.rf.873d44bf5e871326303592f735f4fbec.jpg</path>
	<source>
		<database>roboflow.ai</database>
	</source>
	<size>
		<width>640</width>
		<height>480</height>
		<depth>3</depth>
	</size>
	<segmented>0</segmented>
	<object>
		<name>megot</name>
		<pose>Unspecified</pose>
		<truncated>0</truncated>
		<difficult>0</difficult>
		<occluded>0</occluded>
		<bndbox>
			<xmin>230</xmin>
			<xmax>567</xmax>
			<ymin>88</ymin>
			<ymax>338</ymax>
		</bndbox>
	</object>
</annotation>
