<annotation>
	<folder></folder>
	<filename>filter-118_9_jpg.rf.0124de4b984cafa83df2557faa7b136d.jpg</filename>
	<path>filter-118_9_jpg.rf.0124de4b984cafa83df2557faa7b136d.jpg</path>
	<source>
		<database>roboflow.ai</database>
	</source>
	<size>
		<width>640</width>
		<height>480</height>
		<depth>3</depth>
	</size>
	<segmented>0</segmented>
	<object>
		<name>megot</name>
		<pose>Unspecified</pose>
		<truncated>0</truncated>
		<difficult>0</difficult>
		<occluded>0</occluded>
		<bndbox>
			<xmin>112</xmin>
			<xmax>309</xmax>
			<ymin>10</ymin>
			<ymax>371</ymax>
		</bndbox>
	</object>
</annotation>
