<annotation>
	<folder></folder>
	<filename>filter-119_7_jpg.rf.5985f7ec37e733d16d137923f021b022.jpg</filename>
	<path>filter-119_7_jpg.rf.5985f7ec37e733d16d137923f021b022.jpg</path>
	<source>
		<database>roboflow.ai</database>
	</source>
	<size>
		<width>640</width>
		<height>480</height>
		<depth>3</depth>
	</size>
	<segmented>0</segmented>
	<object>
		<name>megot</name>
		<pose>Unspecified</pose>
		<truncated>0</truncated>
		<difficult>0</difficult>
		<occluded>0</occluded>
		<bndbox>
			<xmin>221</xmin>
			<xmax>515</xmax>
			<ymin>54</ymin>
			<ymax>419</ymax>
		</bndbox>
	</object>
</annotation>
