<annotation>
	<folder></folder>
	<filename>filter-117_LyTVgra_5_jpg.rf.5b4a3da7c777d3de9410e5f0c53d4eef.jpg</filename>
	<path>filter-117_LyTVgra_5_jpg.rf.5b4a3da7c777d3de9410e5f0c53d4eef.jpg</path>
	<source>
		<database>roboflow.ai</database>
	</source>
	<size>
		<width>640</width>
		<height>480</height>
		<depth>3</depth>
	</size>
	<segmented>0</segmented>
	<object>
		<name>megot</name>
		<pose>Unspecified</pose>
		<truncated>0</truncated>
		<difficult>0</difficult>
		<occluded>0</occluded>
		<bndbox>
			<xmin>55</xmin>
			<xmax>426</xmax>
			<ymin>175</ymin>
			<ymax>343</ymax>
		</bndbox>
	</object>
</annotation>
