<annotation>
	<folder></folder>
	<filename>filter-117_8_jpg.rf.d80d458e5d40b43da7b80558f4b4f5fa.jpg</filename>
	<path>filter-117_8_jpg.rf.d80d458e5d40b43da7b80558f4b4f5fa.jpg</path>
	<source>
		<database>roboflow.ai</database>
	</source>
	<size>
		<width>640</width>
		<height>480</height>
		<depth>3</depth>
	</size>
	<segmented>0</segmented>
	<object>
		<name>megot</name>
		<pose>Unspecified</pose>
		<truncated>0</truncated>
		<difficult>0</difficult>
		<occluded>0</occluded>
		<bndbox>
			<xmin>63</xmin>
			<xmax>428</xmax>
			<ymin>167</ymin>
			<ymax>325</ymax>
		</bndbox>
	</object>
</annotation>
