<annotation>
	<folder></folder>
	<filename>filter-126_Z5P6RsS_6_jpg.rf.5f77f553c9ad968da0fd8388c77d35ba.jpg</filename>
	<path>filter-126_Z5P6RsS_6_jpg.rf.5f77f553c9ad968da0fd8388c77d35ba.jpg</path>
	<source>
		<database>roboflow.ai</database>
	</source>
	<size>
		<width>640</width>
		<height>480</height>
		<depth>3</depth>
	</size>
	<segmented>0</segmented>
	<object>
		<name>megot</name>
		<pose>Unspecified</pose>
		<truncated>0</truncated>
		<difficult>0</difficult>
		<occluded>0</occluded>
		<bndbox>
			<xmin>213</xmin>
			<xmax>500</xmax>
			<ymin>48</ymin>
			<ymax>302</ymax>
		</bndbox>
	</object>
</annotation>
