<annotation>
	<folder></folder>
	<filename>filter-108_5_jpg.rf.67a96489bbec1ea01f9480a609d9c4a1.jpg</filename>
	<path>filter-108_5_jpg.rf.67a96489bbec1ea01f9480a609d9c4a1.jpg</path>
	<source>
		<database>roboflow.ai</database>
	</source>
	<size>
		<width>640</width>
		<height>480</height>
		<depth>3</depth>
	</size>
	<segmented>0</segmented>
	<object>
		<name>megot</name>
		<pose>Unspecified</pose>
		<truncated>0</truncated>
		<difficult>0</difficult>
		<occluded>0</occluded>
		<bndbox>
			<xmin>111</xmin>
			<xmax>288</xmax>
			<ymin>58</ymin>
			<ymax>416</ymax>
		</bndbox>
	</object>
</annotation>
