<annotation>
	<folder></folder>
	<filename>filter-129_u2GO20u_1_jpg.rf.780da34da0895ef02706631932442547.jpg</filename>
	<path>filter-129_u2GO20u_1_jpg.rf.780da34da0895ef02706631932442547.jpg</path>
	<source>
		<database>roboflow.ai</database>
	</source>
	<size>
		<width>640</width>
		<height>480</height>
		<depth>3</depth>
	</size>
	<segmented>0</segmented>
	<object>
		<name>megot</name>
		<pose>Unspecified</pose>
		<truncated>0</truncated>
		<difficult>0</difficult>
		<occluded>0</occluded>
		<bndbox>
			<xmin>109</xmin>
			<xmax>492</xmax>
			<ymin>97</ymin>
			<ymax>393</ymax>
		</bndbox>
	</object>
</annotation>
