<annotation>
	<folder></folder>
	<filename>filter-117_7_jpg.rf.0c0190797ff3c3569228847007744086.jpg</filename>
	<path>filter-117_7_jpg.rf.0c0190797ff3c3569228847007744086.jpg</path>
	<source>
		<database>roboflow.ai</database>
	</source>
	<size>
		<width>640</width>
		<height>480</height>
		<depth>3</depth>
	</size>
	<segmented>0</segmented>
	<object>
		<name>megot</name>
		<pose>Unspecified</pose>
		<truncated>0</truncated>
		<difficult>0</difficult>
		<occluded>0</occluded>
		<bndbox>
			<xmin>39</xmin>
			<xmax>399</xmax>
			<ymin>169</ymin>
			<ymax>334</ymax>
		</bndbox>
	</object>
</annotation>
