<annotation>
	<folder></folder>
	<filename>filter-12_NoRf53r_4_jpg.rf.917f10128c35ef7a8b386a07d02c0f61.jpg</filename>
	<path>filter-12_NoRf53r_4_jpg.rf.917f10128c35ef7a8b386a07d02c0f61.jpg</path>
	<source>
		<database>roboflow.ai</database>
	</source>
	<size>
		<width>640</width>
		<height>480</height>
		<depth>3</depth>
	</size>
	<segmented>0</segmented>
	<object>
		<name>megot</name>
		<pose>Unspecified</pose>
		<truncated>0</truncated>
		<difficult>0</difficult>
		<occluded>0</occluded>
		<bndbox>
			<xmin>81</xmin>
			<xmax>288</xmax>
			<ymin>103</ymin>
			<ymax>419</ymax>
		</bndbox>
	</object>
</annotation>
