<annotation>
	<folder></folder>
	<filename>filter-106_0_jpg.rf.be2c8ab7a336dd4964a97b87362bbc06.jpg</filename>
	<path>filter-106_0_jpg.rf.be2c8ab7a336dd4964a97b87362bbc06.jpg</path>
	<source>
		<database>roboflow.ai</database>
	</source>
	<size>
		<width>640</width>
		<height>480</height>
		<depth>3</depth>
	</size>
	<segmented>0</segmented>
	<object>
		<name>megot</name>
		<pose>Unspecified</pose>
		<truncated>0</truncated>
		<difficult>0</difficult>
		<occluded>0</occluded>
		<bndbox>
			<xmin>184</xmin>
			<xmax>585</xmax>
			<ymin>92</ymin>
			<ymax>231</ymax>
		</bndbox>
	</object>
</annotation>
