<annotation>
	<folder></folder>
	<filename>filter-125_3_jpg.rf.f1fa15378212350d90743c07f27290c7.jpg</filename>
	<path>filter-125_3_jpg.rf.f1fa15378212350d90743c07f27290c7.jpg</path>
	<source>
		<database>roboflow.ai</database>
	</source>
	<size>
		<width>640</width>
		<height>480</height>
		<depth>3</depth>
	</size>
	<segmented>0</segmented>
	<object>
		<name>megot</name>
		<pose>Unspecified</pose>
		<truncated>0</truncated>
		<difficult>0</difficult>
		<occluded>0</occluded>
		<bndbox>
			<xmin>129</xmin>
			<xmax>469</xmax>
			<ymin>182</ymin>
			<ymax>364</ymax>
		</bndbox>
	</object>
</annotation>
