<annotation>
	<folder></folder>
	<filename>filter-105_6_jpg.rf.e5d0a86808debf57cfee1add14250414.jpg</filename>
	<path>filter-105_6_jpg.rf.e5d0a86808debf57cfee1add14250414.jpg</path>
	<source>
		<database>roboflow.ai</database>
	</source>
	<size>
		<width>640</width>
		<height>480</height>
		<depth>3</depth>
	</size>
	<segmented>0</segmented>
	<object>
		<name>megot</name>
		<pose>Unspecified</pose>
		<truncated>0</truncated>
		<difficult>0</difficult>
		<occluded>0</occluded>
		<bndbox>
			<xmin>179</xmin>
			<xmax>535</xmax>
			<ymin>43</ymin>
			<ymax>266</ymax>
		</bndbox>
	</object>
</annotation>
