<annotation>
	<folder></folder>
	<filename>filter-122_1coSXw0_7_jpg.rf.01bd8f2d6b72040ae13242665bd19c37.jpg</filename>
	<path>filter-122_1coSXw0_7_jpg.rf.01bd8f2d6b72040ae13242665bd19c37.jpg</path>
	<source>
		<database>roboflow.ai</database>
	</source>
	<size>
		<width>640</width>
		<height>480</height>
		<depth>3</depth>
	</size>
	<segmented>0</segmented>
	<object>
		<name>megot</name>
		<pose>Unspecified</pose>
		<truncated>0</truncated>
		<difficult>0</difficult>
		<occluded>0</occluded>
		<bndbox>
			<xmin>235</xmin>
			<xmax>458</xmax>
			<ymin>37</ymin>
			<ymax>378</ymax>
		</bndbox>
	</object>
</annotation>
