<annotation>
	<folder></folder>
	<filename>filter-10_XSLqEpL_6_jpg.rf.31c268487908288e7e8c9d8415d6d288.jpg</filename>
	<path>filter-10_XSLqEpL_6_jpg.rf.31c268487908288e7e8c9d8415d6d288.jpg</path>
	<source>
		<database>roboflow.ai</database>
	</source>
	<size>
		<width>640</width>
		<height>480</height>
		<depth>3</depth>
	</size>
	<segmented>0</segmented>
	<object>
		<name>megot</name>
		<pose>Unspecified</pose>
		<truncated>0</truncated>
		<difficult>0</difficult>
		<occluded>0</occluded>
		<bndbox>
			<xmin>118</xmin>
			<xmax>412</xmax>
			<ymin>90</ymin>
			<ymax>432</ymax>
		</bndbox>
	</object>
</annotation>
