<annotation>
	<folder></folder>
	<filename>filter-124_bbuRTzW_jpg.rf.3f5112d6bbbe1deaca33fc6838b3ec94.jpg</filename>
	<path>filter-124_bbuRTzW_jpg.rf.3f5112d6bbbe1deaca33fc6838b3ec94.jpg</path>
	<source>
		<database>roboflow.ai</database>
	</source>
	<size>
		<width>640</width>
		<height>480</height>
		<depth>3</depth>
	</size>
	<segmented>0</segmented>
	<object>
		<name>megot</name>
		<pose>Unspecified</pose>
		<truncated>0</truncated>
		<difficult>0</difficult>
		<occluded>0</occluded>
		<bndbox>
			<xmin>46</xmin>
			<xmax>478</xmax>
			<ymin>133</ymin>
			<ymax>408</ymax>
		</bndbox>
	</object>
</annotation>
