<annotation>
	<folder></folder>
	<filename>filter-104_7_jpg.rf.3b66d353503a267f4563944cea2695c3.jpg</filename>
	<path>filter-104_7_jpg.rf.3b66d353503a267f4563944cea2695c3.jpg</path>
	<source>
		<database>roboflow.ai</database>
	</source>
	<size>
		<width>640</width>
		<height>480</height>
		<depth>3</depth>
	</size>
	<segmented>0</segmented>
	<object>
		<name>megot</name>
		<pose>Unspecified</pose>
		<truncated>0</truncated>
		<difficult>0</difficult>
		<occluded>0</occluded>
		<bndbox>
			<xmin>258</xmin>
			<xmax>531</xmax>
			<ymin>13</ymin>
			<ymax>478</ymax>
		</bndbox>
	</object>
</annotation>
