<annotation>
	<folder></folder>
	<filename>filter-12_8_jpg.rf.11d669355c7285556880c10f1e0ac7db.jpg</filename>
	<path>filter-12_8_jpg.rf.11d669355c7285556880c10f1e0ac7db.jpg</path>
	<source>
		<database>roboflow.ai</database>
	</source>
	<size>
		<width>640</width>
		<height>480</height>
		<depth>3</depth>
	</size>
	<segmented>0</segmented>
	<object>
		<name>megot</name>
		<pose>Unspecified</pose>
		<truncated>0</truncated>
		<difficult>0</difficult>
		<occluded>0</occluded>
		<bndbox>
			<xmin>323</xmin>
			<xmax>547</xmax>
			<ymin>96</ymin>
			<ymax>425</ymax>
		</bndbox>
	</object>
</annotation>
