<annotation>
	<folder></folder>
	<filename>filter-109_0_jpg.rf.57b3bdd1a0cb831a6749dbb3ac7413ab.jpg</filename>
	<path>filter-109_0_jpg.rf.57b3bdd1a0cb831a6749dbb3ac7413ab.jpg</path>
	<source>
		<database>roboflow.ai</database>
	</source>
	<size>
		<width>640</width>
		<height>480</height>
		<depth>3</depth>
	</size>
	<segmented>0</segmented>
	<object>
		<name>megot</name>
		<pose>Unspecified</pose>
		<truncated>0</truncated>
		<difficult>0</difficult>
		<occluded>0</occluded>
		<bndbox>
			<xmin>127</xmin>
			<xmax>449</xmax>
			<ymin>81</ymin>
			<ymax>275</ymax>
		</bndbox>
	</object>
</annotation>
