<annotation>
	<folder></folder>
	<filename>filter-11_jpg.rf.2264cfe0081950aa37b00e67a6c8d45b.jpg</filename>
	<path>filter-11_jpg.rf.2264cfe0081950aa37b00e67a6c8d45b.jpg</path>
	<source>
		<database>roboflow.ai</database>
	</source>
	<size>
		<width>640</width>
		<height>480</height>
		<depth>3</depth>
	</size>
	<segmented>0</segmented>
	<object>
		<name>megot</name>
		<pose>Unspecified</pose>
		<truncated>0</truncated>
		<difficult>0</difficult>
		<occluded>0</occluded>
		<bndbox>
			<xmin>33</xmin>
			<xmax>370</xmax>
			<ymin>96</ymin>
			<ymax>232</ymax>
		</bndbox>
	</object>
</annotation>
