<annotation>
	<folder></folder>
	<filename>filter-104_sjMtK2y_9_jpg.rf.034b901dea016ccc184fbd3e73aea5eb.jpg</filename>
	<path>filter-104_sjMtK2y_9_jpg.rf.034b901dea016ccc184fbd3e73aea5eb.jpg</path>
	<source>
		<database>roboflow.ai</database>
	</source>
	<size>
		<width>640</width>
		<height>480</height>
		<depth>3</depth>
	</size>
	<segmented>0</segmented>
	<object>
		<name>megot</name>
		<pose>Unspecified</pose>
		<truncated>0</truncated>
		<difficult>0</difficult>
		<occluded>0</occluded>
		<bndbox>
			<xmin>258</xmin>
			<xmax>528</xmax>
			<ymin>1</ymin>
			<ymax>457</ymax>
		</bndbox>
	</object>
</annotation>
