<annotation>
	<folder></folder>
	<filename>filter-120_DAh9cZs_7_jpg.rf.5b6d8dff4782dd2e958c68837fdd61f8.jpg</filename>
	<path>filter-120_DAh9cZs_7_jpg.rf.5b6d8dff4782dd2e958c68837fdd61f8.jpg</path>
	<source>
		<database>roboflow.ai</database>
	</source>
	<size>
		<width>640</width>
		<height>480</height>
		<depth>3</depth>
	</size>
	<segmented>0</segmented>
	<object>
		<name>megot</name>
		<pose>Unspecified</pose>
		<truncated>0</truncated>
		<difficult>0</difficult>
		<occluded>0</occluded>
		<bndbox>
			<xmin>316</xmin>
			<xmax>542</xmax>
			<ymin>28</ymin>
			<ymax>407</ymax>
		</bndbox>
	</object>
</annotation>
