<annotation>
	<folder></folder>
	<filename>filter-103_47v9WVy_6_jpg.rf.6dd4238615426b7801bdd1855edd9e35.jpg</filename>
	<path>filter-103_47v9WVy_6_jpg.rf.6dd4238615426b7801bdd1855edd9e35.jpg</path>
	<source>
		<database>roboflow.ai</database>
	</source>
	<size>
		<width>640</width>
		<height>480</height>
		<depth>3</depth>
	</size>
	<segmented>0</segmented>
	<object>
		<name>megot</name>
		<pose>Unspecified</pose>
		<truncated>0</truncated>
		<difficult>0</difficult>
		<occluded>0</occluded>
		<bndbox>
			<xmin>367</xmin>
			<xmax>515</xmax>
			<ymin>23</ymin>
			<ymax>338</ymax>
		</bndbox>
	</object>
</annotation>
