<annotation>
	<folder></folder>
	<filename>filter-114_1_jpg.rf.faf69ead4cc1b5dea9740f726d57b065.jpg</filename>
	<path>filter-114_1_jpg.rf.faf69ead4cc1b5dea9740f726d57b065.jpg</path>
	<source>
		<database>roboflow.ai</database>
	</source>
	<size>
		<width>640</width>
		<height>480</height>
		<depth>3</depth>
	</size>
	<segmented>0</segmented>
	<object>
		<name>megot</name>
		<pose>Unspecified</pose>
		<truncated>0</truncated>
		<difficult>0</difficult>
		<occluded>0</occluded>
		<bndbox>
			<xmin>127</xmin>
			<xmax>387</xmax>
			<ymin>75</ymin>
			<ymax>416</ymax>
		</bndbox>
	</object>
</annotation>
