<annotation>
	<folder></folder>
	<filename>filter-127_355ZWGX_3_jpg.rf.3384964eff22dca0bac475a663e29e5e.jpg</filename>
	<path>filter-127_355ZWGX_3_jpg.rf.3384964eff22dca0bac475a663e29e5e.jpg</path>
	<source>
		<database>roboflow.ai</database>
	</source>
	<size>
		<width>640</width>
		<height>480</height>
		<depth>3</depth>
	</size>
	<segmented>0</segmented>
	<object>
		<name>megot</name>
		<pose>Unspecified</pose>
		<truncated>0</truncated>
		<difficult>0</difficult>
		<occluded>0</occluded>
		<bndbox>
			<xmin>251</xmin>
			<xmax>591</xmax>
			<ymin>1</ymin>
			<ymax>263</ymax>
		</bndbox>
	</object>
</annotation>
