<annotation>
	<folder></folder>
	<filename>filter-129_7_jpg.rf.14a6f309fafe2de08254865d80d29e21.jpg</filename>
	<path>filter-129_7_jpg.rf.14a6f309fafe2de08254865d80d29e21.jpg</path>
	<source>
		<database>roboflow.ai</database>
	</source>
	<size>
		<width>640</width>
		<height>480</height>
		<depth>3</depth>
	</size>
	<segmented>0</segmented>
	<object>
		<name>megot</name>
		<pose>Unspecified</pose>
		<truncated>0</truncated>
		<difficult>0</difficult>
		<occluded>0</occluded>
		<bndbox>
			<xmin>164</xmin>
			<xmax>525</xmax>
			<ymin>126</ymin>
			<ymax>369</ymax>
		</bndbox>
	</object>
</annotation>
