<annotation>
	<folder></folder>
	<filename>filter-104_8_jpg.rf.473270653460723af8b3e6c50778480a.jpg</filename>
	<path>filter-104_8_jpg.rf.473270653460723af8b3e6c50778480a.jpg</path>
	<source>
		<database>roboflow.ai</database>
	</source>
	<size>
		<width>640</width>
		<height>480</height>
		<depth>3</depth>
	</size>
	<segmented>0</segmented>
	<object>
		<name>megot</name>
		<pose>Unspecified</pose>
		<truncated>0</truncated>
		<difficult>0</difficult>
		<occluded>0</occluded>
		<bndbox>
			<xmin>108</xmin>
			<xmax>381</xmax>
			<ymin>13</ymin>
			<ymax>478</ymax>
		</bndbox>
	</object>
</annotation>
