<annotation>
	<folder></folder>
	<filename>filter-122_1coSXw0_3_jpg.rf.e9c45dec1b13a6c2dbdf95dd51a1e88f.jpg</filename>
	<path>filter-122_1coSXw0_3_jpg.rf.e9c45dec1b13a6c2dbdf95dd51a1e88f.jpg</path>
	<source>
		<database>roboflow.ai</database>
	</source>
	<size>
		<width>640</width>
		<height>480</height>
		<depth>3</depth>
	</size>
	<segmented>0</segmented>
	<object>
		<name>megot</name>
		<pose>Unspecified</pose>
		<truncated>0</truncated>
		<difficult>0</difficult>
		<occluded>0</occluded>
		<bndbox>
			<xmin>246</xmin>
			<xmax>492</xmax>
			<ymin>43</ymin>
			<ymax>391</ymax>
		</bndbox>
	</object>
</annotation>
