<annotation>
	<folder></folder>
	<filename>filter-127_355ZWGX_9_jpg.rf.2f834699a4eb081cc4d4173e14fe1a7c.jpg</filename>
	<path>filter-127_355ZWGX_9_jpg.rf.2f834699a4eb081cc4d4173e14fe1a7c.jpg</path>
	<source>
		<database>roboflow.ai</database>
	</source>
	<size>
		<width>640</width>
		<height>480</height>
		<depth>3</depth>
	</size>
	<segmented>0</segmented>
	<object>
		<name>megot</name>
		<pose>Unspecified</pose>
		<truncated>0</truncated>
		<difficult>0</difficult>
		<occluded>0</occluded>
		<bndbox>
			<xmin>25</xmin>
			<xmax>368</xmax>
			<ymin>1</ymin>
			<ymax>277</ymax>
		</bndbox>
	</object>
</annotation>
