<annotation>
	<folder></folder>
	<filename>filter-118_evOv25q_0_jpg.rf.724e683ef01932d9e2c419d10476ec41.jpg</filename>
	<path>filter-118_evOv25q_0_jpg.rf.724e683ef01932d9e2c419d10476ec41.jpg</path>
	<source>
		<database>roboflow.ai</database>
	</source>
	<size>
		<width>640</width>
		<height>480</height>
		<depth>3</depth>
	</size>
	<segmented>0</segmented>
	<object>
		<name>megot</name>
		<pose>Unspecified</pose>
		<truncated>0</truncated>
		<difficult>0</difficult>
		<occluded>0</occluded>
		<bndbox>
			<xmin>119</xmin>
			<xmax>304</xmax>
			<ymin>101</ymin>
			<ymax>472</ymax>
		</bndbox>
	</object>
</annotation>
