<annotation>
	<folder></folder>
	<filename>filter-119_ELU8iRA_5_jpg.rf.708bf99142b002568b2113d53f869804.jpg</filename>
	<path>filter-119_ELU8iRA_5_jpg.rf.708bf99142b002568b2113d53f869804.jpg</path>
	<source>
		<database>roboflow.ai</database>
	</source>
	<size>
		<width>640</width>
		<height>480</height>
		<depth>3</depth>
	</size>
	<segmented>0</segmented>
	<object>
		<name>megot</name>
		<pose>Unspecified</pose>
		<truncated>0</truncated>
		<difficult>0</difficult>
		<occluded>0</occluded>
		<bndbox>
			<xmin>154</xmin>
			<xmax>451</xmax>
			<ymin>45</ymin>
			<ymax>398</ymax>
		</bndbox>
	</object>
</annotation>
