<annotation>
	<folder></folder>
	<filename>filter-102_7_jpg.rf.4e73bb81a16b3b4dd4222ed7a903ca01.jpg</filename>
	<path>filter-102_7_jpg.rf.4e73bb81a16b3b4dd4222ed7a903ca01.jpg</path>
	<source>
		<database>roboflow.ai</database>
	</source>
	<size>
		<width>640</width>
		<height>480</height>
		<depth>3</depth>
	</size>
	<segmented>0</segmented>
	<object>
		<name>megot</name>
		<pose>Unspecified</pose>
		<truncated>0</truncated>
		<difficult>0</difficult>
		<occluded>0</occluded>
		<bndbox>
			<xmin>173</xmin>
			<xmax>482</xmax>
			<ymin>168</ymin>
			<ymax>300</ymax>
		</bndbox>
	</object>
	<object>
		<name>megot</name>
		<pose>Unspecified</pose>
		<truncated>0</truncated>
		<difficult>0</difficult>
		<occluded>0</occluded>
		<bndbox>
			<xmin>57</xmin>
			<xmax>458</xmax>
			<ymin>269</ymin>
			<ymax>428</ymax>
		</bndbox>
	</object>
</annotation>
