<annotation>
	<folder></folder>
	<filename>filter-105_8_jpg.rf.20632873f47a19da3bce60893b8a29bc.jpg</filename>
	<path>filter-105_8_jpg.rf.20632873f47a19da3bce60893b8a29bc.jpg</path>
	<source>
		<database>roboflow.ai</database>
	</source>
	<size>
		<width>640</width>
		<height>480</height>
		<depth>3</depth>
	</size>
	<segmented>0</segmented>
	<object>
		<name>megot</name>
		<pose>Unspecified</pose>
		<truncated>0</truncated>
		<difficult>0</difficult>
		<occluded>0</occluded>
		<bndbox>
			<xmin>150</xmin>
			<xmax>528</xmax>
			<ymin>200</ymin>
			<ymax>450</ymax>
		</bndbox>
	</object>
</annotation>
