<annotation>
	<folder></folder>
	<filename>filter-121_8_jpg.rf.32052957527345af348e960fc2f413a4.jpg</filename>
	<path>filter-121_8_jpg.rf.32052957527345af348e960fc2f413a4.jpg</path>
	<source>
		<database>roboflow.ai</database>
	</source>
	<size>
		<width>640</width>
		<height>480</height>
		<depth>3</depth>
	</size>
	<segmented>0</segmented>
	<object>
		<name>megot</name>
		<pose>Unspecified</pose>
		<truncated>0</truncated>
		<difficult>0</difficult>
		<occluded>0</occluded>
		<bndbox>
			<xmin>163</xmin>
			<xmax>477</xmax>
			<ymin>111</ymin>
			<ymax>405</ymax>
		</bndbox>
	</object>
</annotation>
