<annotation>
	<folder></folder>
	<filename>filter-11_3_jpg.rf.0bded2b7d904231b371962e54a194d1d.jpg</filename>
	<path>filter-11_3_jpg.rf.0bded2b7d904231b371962e54a194d1d.jpg</path>
	<source>
		<database>roboflow.ai</database>
	</source>
	<size>
		<width>640</width>
		<height>480</height>
		<depth>3</depth>
	</size>
	<segmented>0</segmented>
	<object>
		<name>megot</name>
		<pose>Unspecified</pose>
		<truncated>0</truncated>
		<difficult>0</difficult>
		<occluded>0</occluded>
		<bndbox>
			<xmin>49</xmin>
			<xmax>379</xmax>
			<ymin>258</ymin>
			<ymax>393</ymax>
		</bndbox>
	</object>
</annotation>
