<annotation>
	<folder></folder>
	<filename>filter-112_3_jpg.rf.e5e45cac6b257342f9a37237b7bb22b1.jpg</filename>
	<path>filter-112_3_jpg.rf.e5e45cac6b257342f9a37237b7bb22b1.jpg</path>
	<source>
		<database>roboflow.ai</database>
	</source>
	<size>
		<width>640</width>
		<height>480</height>
		<depth>3</depth>
	</size>
	<segmented>0</segmented>
	<object>
		<name>megot</name>
		<pose>Unspecified</pose>
		<truncated>0</truncated>
		<difficult>0</difficult>
		<occluded>0</occluded>
		<bndbox>
			<xmin>189</xmin>
			<xmax>521</xmax>
			<ymin>225</ymin>
			<ymax>421</ymax>
		</bndbox>
	</object>
</annotation>
