<annotation>
	<folder></folder>
	<filename>filter-100_7_jpg.rf.dbc07a9b18ac3d35bd726a2cee15f95f.jpg</filename>
	<path>filter-100_7_jpg.rf.dbc07a9b18ac3d35bd726a2cee15f95f.jpg</path>
	<source>
		<database>roboflow.ai</database>
	</source>
	<size>
		<width>640</width>
		<height>480</height>
		<depth>3</depth>
	</size>
	<segmented>0</segmented>
	<object>
		<name>megot</name>
		<pose>Unspecified</pose>
		<truncated>0</truncated>
		<difficult>0</difficult>
		<occluded>0</occluded>
		<bndbox>
			<xmin>122</xmin>
			<xmax>360</xmax>
			<ymin>119</ymin>
			<ymax>447</ymax>
		</bndbox>
	</object>
</annotation>
