<annotation>
	<folder></folder>
	<filename>filter-109_jpg.rf.a6a49a0ea0c33f04804c209c510cce28.jpg</filename>
	<path>filter-109_jpg.rf.a6a49a0ea0c33f04804c209c510cce28.jpg</path>
	<source>
		<database>roboflow.ai</database>
	</source>
	<size>
		<width>640</width>
		<height>480</height>
		<depth>3</depth>
	</size>
	<segmented>0</segmented>
	<object>
		<name>megot</name>
		<pose>Unspecified</pose>
		<truncated>0</truncated>
		<difficult>0</difficult>
		<occluded>0</occluded>
		<bndbox>
			<xmin>129</xmin>
			<xmax>463</xmax>
			<ymin>87</ymin>
			<ymax>284</ymax>
		</bndbox>
	</object>
</annotation>
