<annotation>
	<folder></folder>
	<filename>filter-121_OXXnm7A_1_jpg.rf.ceeb7f6b638af2462137b4e9e14cdfbf.jpg</filename>
	<path>filter-121_OXXnm7A_1_jpg.rf.ceeb7f6b638af2462137b4e9e14cdfbf.jpg</path>
	<source>
		<database>roboflow.ai</database>
	</source>
	<size>
		<width>640</width>
		<height>480</height>
		<depth>3</depth>
	</size>
	<segmented>0</segmented>
	<object>
		<name>megot</name>
		<pose>Unspecified</pose>
		<truncated>0</truncated>
		<difficult>0</difficult>
		<occluded>0</occluded>
		<bndbox>
			<xmin>175</xmin>
			<xmax>497</xmax>
			<ymin>114</ymin>
			<ymax>427</ymax>
		</bndbox>
	</object>
</annotation>
