<annotation>
	<folder></folder>
	<filename>filter-130_9_jpg.rf.59ed56a0a7919c79f2808f126ce53f24.jpg</filename>
	<path>filter-130_9_jpg.rf.59ed56a0a7919c79f2808f126ce53f24.jpg</path>
	<source>
		<database>roboflow.ai</database>
	</source>
	<size>
		<width>640</width>
		<height>480</height>
		<depth>3</depth>
	</size>
	<segmented>0</segmented>
	<object>
		<name>megot</name>
		<pose>Unspecified</pose>
		<truncated>0</truncated>
		<difficult>0</difficult>
		<occluded>0</occluded>
		<bndbox>
			<xmin>160</xmin>
			<xmax>314</xmax>
			<ymin>84</ymin>
			<ymax>399</ymax>
		</bndbox>
	</object>
</annotation>
