<annotation>
	<folder></folder>
	<filename>filter-102_cyrXPVH_2_jpg.rf.9e03e859683d3513716b81af23bc9b22.jpg</filename>
	<path>filter-102_cyrXPVH_2_jpg.rf.9e03e859683d3513716b81af23bc9b22.jpg</path>
	<source>
		<database>roboflow.ai</database>
	</source>
	<size>
		<width>640</width>
		<height>480</height>
		<depth>3</depth>
	</size>
	<segmented>0</segmented>
	<object>
		<name>megot</name>
		<pose>Unspecified</pose>
		<truncated>0</truncated>
		<difficult>0</difficult>
		<occluded>0</occluded>
		<bndbox>
			<xmin>155</xmin>
			<xmax>527</xmax>
			<ymin>251</ymin>
			<ymax>415</ymax>
		</bndbox>
	</object>
	<object>
		<name>megot</name>
		<pose>Unspecified</pose>
		<truncated>0</truncated>
		<difficult>0</difficult>
		<occluded>0</occluded>
		<bndbox>
			<xmin>126</xmin>
			<xmax>415</xmax>
			<ymin>140</ymin>
			<ymax>286</ymax>
		</bndbox>
	</object>
</annotation>
