<annotation>
	<folder></folder>
	<filename>filter-105_4_jpg.rf.29aeff7f61efefeb317e69cfe9e3da7a.jpg</filename>
	<path>filter-105_4_jpg.rf.29aeff7f61efefeb317e69cfe9e3da7a.jpg</path>
	<source>
		<database>roboflow.ai</database>
	</source>
	<size>
		<width>640</width>
		<height>480</height>
		<depth>3</depth>
	</size>
	<segmented>0</segmented>
	<object>
		<name>megot</name>
		<pose>Unspecified</pose>
		<truncated>0</truncated>
		<difficult>0</difficult>
		<occluded>0</occluded>
		<bndbox>
			<xmin>178</xmin>
			<xmax>516</xmax>
			<ymin>50</ymin>
			<ymax>267</ymax>
		</bndbox>
	</object>
</annotation>
