<annotation>
	<folder></folder>
	<filename>filter-110_2_jpg.rf.713a7fe513b0a58f6346f88be051bc97.jpg</filename>
	<path>filter-110_2_jpg.rf.713a7fe513b0a58f6346f88be051bc97.jpg</path>
	<source>
		<database>roboflow.ai</database>
	</source>
	<size>
		<width>640</width>
		<height>480</height>
		<depth>3</depth>
	</size>
	<segmented>0</segmented>
	<object>
		<name>megot</name>
		<pose>Unspecified</pose>
		<truncated>0</truncated>
		<difficult>0</difficult>
		<occluded>0</occluded>
		<bndbox>
			<xmin>60</xmin>
			<xmax>381</xmax>
			<ymin>121</ymin>
			<ymax>364</ymax>
		</bndbox>
	</object>
</annotation>
