<annotation>
	<folder></folder>
	<filename>filter-107_0_jpg.rf.b96fe3581b2692a9cfcb62fdbb130f9e.jpg</filename>
	<path>filter-107_0_jpg.rf.b96fe3581b2692a9cfcb62fdbb130f9e.jpg</path>
	<source>
		<database>roboflow.ai</database>
	</source>
	<size>
		<width>640</width>
		<height>480</height>
		<depth>3</depth>
	</size>
	<segmented>0</segmented>
	<object>
		<name>megot</name>
		<pose>Unspecified</pose>
		<truncated>0</truncated>
		<difficult>0</difficult>
		<occluded>0</occluded>
		<bndbox>
			<xmin>198</xmin>
			<xmax>481</xmax>
			<ymin>69</ymin>
			<ymax>285</ymax>
		</bndbox>
	</object>
</annotation>
