<annotation>
	<folder></folder>
	<filename>filter-125_mLFaFsx_4_jpg.rf.f8a416da13339d93b6b3386433320827.jpg</filename>
	<path>filter-125_mLFaFsx_4_jpg.rf.f8a416da13339d93b6b3386433320827.jpg</path>
	<source>
		<database>roboflow.ai</database>
	</source>
	<size>
		<width>640</width>
		<height>480</height>
		<depth>3</depth>
	</size>
	<segmented>0</segmented>
	<object>
		<name>megot</name>
		<pose>Unspecified</pose>
		<truncated>0</truncated>
		<difficult>0</difficult>
		<occluded>0</occluded>
		<bndbox>
			<xmin>72</xmin>
			<xmax>451</xmax>
			<ymin>88</ymin>
			<ymax>313</ymax>
		</bndbox>
	</object>
</annotation>
