<annotation>
	<folder></folder>
	<filename>filter-114_2_jpg.rf.0324c068b89e6dc1479a297196411c7c.jpg</filename>
	<path>filter-114_2_jpg.rf.0324c068b89e6dc1479a297196411c7c.jpg</path>
	<source>
		<database>roboflow.ai</database>
	</source>
	<size>
		<width>640</width>
		<height>480</height>
		<depth>3</depth>
	</size>
	<segmented>0</segmented>
	<object>
		<name>megot</name>
		<pose>Unspecified</pose>
		<truncated>0</truncated>
		<difficult>0</difficult>
		<occluded>0</occluded>
		<bndbox>
			<xmin>135</xmin>
			<xmax>407</xmax>
			<ymin>22</ymin>
			<ymax>366</ymax>
		</bndbox>
	</object>
</annotation>
