<annotation>
	<folder></folder>
	<filename>filter-111_2_jpg.rf.be384167a4a29cbf382bde337101da9e.jpg</filename>
	<path>filter-111_2_jpg.rf.be384167a4a29cbf382bde337101da9e.jpg</path>
	<source>
		<database>roboflow.ai</database>
	</source>
	<size>
		<width>640</width>
		<height>480</height>
		<depth>3</depth>
	</size>
	<segmented>0</segmented>
	<object>
		<name>megot</name>
		<pose>Unspecified</pose>
		<truncated>0</truncated>
		<difficult>0</difficult>
		<occluded>0</occluded>
		<bndbox>
			<xmin>91</xmin>
			<xmax>419</xmax>
			<ymin>49</ymin>
			<ymax>170</ymax>
		</bndbox>
	</object>
</annotation>
