<annotation>
	<folder></folder>
	<filename>filter-110_3_jpg.rf.49f1231a93ce175416ef1339f3030fa8.jpg</filename>
	<path>filter-110_3_jpg.rf.49f1231a93ce175416ef1339f3030fa8.jpg</path>
	<source>
		<database>roboflow.ai</database>
	</source>
	<size>
		<width>640</width>
		<height>480</height>
		<depth>3</depth>
	</size>
	<segmented>0</segmented>
	<object>
		<name>megot</name>
		<pose>Unspecified</pose>
		<truncated>0</truncated>
		<difficult>0</difficult>
		<occluded>0</occluded>
		<bndbox>
			<xmin>70</xmin>
			<xmax>378</xmax>
			<ymin>115</ymin>
			<ymax>355</ymax>
		</bndbox>
	</object>
</annotation>
