<annotation>
	<folder></folder>
	<filename>filter-115_8_jpg.rf.c2771aba0cc5fab9b92fd20edd13dc09.jpg</filename>
	<path>filter-115_8_jpg.rf.c2771aba0cc5fab9b92fd20edd13dc09.jpg</path>
	<source>
		<database>roboflow.ai</database>
	</source>
	<size>
		<width>640</width>
		<height>480</height>
		<depth>3</depth>
	</size>
	<segmented>0</segmented>
	<object>
		<name>megot</name>
		<pose>Unspecified</pose>
		<truncated>0</truncated>
		<difficult>0</difficult>
		<occluded>0</occluded>
		<bndbox>
			<xmin>123</xmin>
			<xmax>428</xmax>
			<ymin>244</ymin>
			<ymax>380</ymax>
		</bndbox>
	</object>
</annotation>
