<annotation>
	<folder></folder>
	<filename>filter-118_7_jpg.rf.58ece6c9b453333fb93dba02d09e8efb.jpg</filename>
	<path>filter-118_7_jpg.rf.58ece6c9b453333fb93dba02d09e8efb.jpg</path>
	<source>
		<database>roboflow.ai</database>
	</source>
	<size>
		<width>640</width>
		<height>480</height>
		<depth>3</depth>
	</size>
	<segmented>0</segmented>
	<object>
		<name>megot</name>
		<pose>Unspecified</pose>
		<truncated>0</truncated>
		<difficult>0</difficult>
		<occluded>0</occluded>
		<bndbox>
			<xmin>110</xmin>
			<xmax>333</xmax>
			<ymin>1</ymin>
			<ymax>345</ymax>
		</bndbox>
	</object>
</annotation>
