<annotation>
	<folder></folder>
	<filename>filter-117_0_jpg.rf.d1327ce062b8199c7a4f64bccbd879cf.jpg</filename>
	<path>filter-117_0_jpg.rf.d1327ce062b8199c7a4f64bccbd879cf.jpg</path>
	<source>
		<database>roboflow.ai</database>
	</source>
	<size>
		<width>640</width>
		<height>480</height>
		<depth>3</depth>
	</size>
	<segmented>0</segmented>
	<object>
		<name>megot</name>
		<pose>Unspecified</pose>
		<truncated>0</truncated>
		<difficult>0</difficult>
		<occluded>0</occluded>
		<bndbox>
			<xmin>229</xmin>
			<xmax>601</xmax>
			<ymin>179</ymin>
			<ymax>338</ymax>
		</bndbox>
	</object>
</annotation>
