<annotation>
	<folder></folder>
	<filename>filter-125_2_jpg.rf.5a48a970084b75e73479f6c22698c24c.jpg</filename>
	<path>filter-125_2_jpg.rf.5a48a970084b75e73479f6c22698c24c.jpg</path>
	<source>
		<database>roboflow.ai</database>
	</source>
	<size>
		<width>640</width>
		<height>480</height>
		<depth>3</depth>
	</size>
	<segmented>0</segmented>
	<object>
		<name>megot</name>
		<pose>Unspecified</pose>
		<truncated>0</truncated>
		<difficult>0</difficult>
		<occluded>0</occluded>
		<bndbox>
			<xmin>184</xmin>
			<xmax>534</xmax>
			<ymin>157</ymin>
			<ymax>378</ymax>
		</bndbox>
	</object>
</annotation>
