<annotation>
	<folder></folder>
	<filename>filter-118_4_jpg.rf.7c853e7a9387bff906b392b67a4b443f.jpg</filename>
	<path>filter-118_4_jpg.rf.7c853e7a9387bff906b392b67a4b443f.jpg</path>
	<source>
		<database>roboflow.ai</database>
	</source>
	<size>
		<width>640</width>
		<height>480</height>
		<depth>3</depth>
	</size>
	<segmented>0</segmented>
	<object>
		<name>megot</name>
		<pose>Unspecified</pose>
		<truncated>0</truncated>
		<difficult>0</difficult>
		<occluded>0</occluded>
		<bndbox>
			<xmin>132</xmin>
			<xmax>325</xmax>
			<ymin>17</ymin>
			<ymax>372</ymax>
		</bndbox>
	</object>
</annotation>
