<annotation>
	<folder></folder>
	<filename>filter-114_8_jpg.rf.48351bf2578eaa183a53c1622534430f.jpg</filename>
	<path>filter-114_8_jpg.rf.48351bf2578eaa183a53c1622534430f.jpg</path>
	<source>
		<database>roboflow.ai</database>
	</source>
	<size>
		<width>640</width>
		<height>480</height>
		<depth>3</depth>
	</size>
	<segmented>0</segmented>
	<object>
		<name>megot</name>
		<pose>Unspecified</pose>
		<truncated>0</truncated>
		<difficult>0</difficult>
		<occluded>0</occluded>
		<bndbox>
			<xmin>262</xmin>
			<xmax>546</xmax>
			<ymin>87</ymin>
			<ymax>447</ymax>
		</bndbox>
	</object>
</annotation>
