<?xml version="1.0" encoding="utf-8"?>
<annotation>
  <folder>images</folder>
  <filename>0031</filename>
  <source>
    <database>MyDatabase</database>
    <annotation>COCO2017</annotation>
    <image>flickr</image>
    <flickrid>NULL</flickrid>
    <annotator>1</annotator>
  </source>
  <owner>
    <flickrid>NULL</flickrid>
    <name>Label Studio</name>
  </owner>
  <size>
    <width>640</width>
    <height>480</height>
    <depth>3</depth>
  </size>
  <segmented>0</segmented>
  <object>
    <name>capsule</name>
    <pose>Unspecified</pose>
    <truncated>0</truncated>
    <difficult>0</difficult>
    <bndbox>
      <xmin>276</xmin>
      <ymin>220</ymin>
      <xmax>408</xmax>
      <ymax>359</ymax>
    </bndbox>
  </object>
  <object>
    <name>capsule</name>
    <pose>Unspecified</pose>
    <truncated>0</truncated>
    <difficult>0</difficult>
    <bndbox>
      <xmin>191</xmin>
      <ymin>257</ymin>
      <xmax>316</xmax>
      <ymax>391</ymax>
    </bndbox>
  </object>
  <object>
    <name>caillou</name>
    <pose>Unspecified</pose>
    <truncated>0</truncated>
    <difficult>0</difficult>
    <bndbox>
      <xmin>150</xmin>
      <ymin>226</ymin>
      <xmax>193</xmax>
      <ymax>278</ymax>
    </bndbox>
  </object>
  <object>
    <name>croquette</name>
    <pose>Unspecified</pose>
    <truncated>0</truncated>
    <difficult>0</difficult>
    <bndbox>
      <xmin>384</xmin>
      <ymin>289</ymin>
      <xmax>458</xmax>
      <ymax>356</ymax>
    </bndbox>
  </object>
  <object>
    <name>croquette</name>
    <pose>Unspecified</pose>
    <truncated>0</truncated>
    <difficult>0</difficult>
    <bndbox>
      <xmin>386</xmin>
      <ymin>173</ymin>
      <xmax>434</xmax>
      <ymax>221</ymax>
    </bndbox>
  </object>
  <object>
    <name>bouchon</name>
    <pose>Unspecified</pose>
    <truncated>0</truncated>
    <difficult>0</difficult>
    <bndbox>
      <xmin>170</xmin>
      <ymin>93</ymin>
      <xmax>351</xmax>
      <ymax>235</ymax>
    </bndbox>
  </object>
</annotation>
