<?xml version="1.0" encoding="utf-8"?>
<annotation>
  <folder>images</folder>
  <filename>0305</filename>
  <source>
    <database>MyDatabase</database>
    <annotation>COCO2017</annotation>
    <image>flickr</image>
    <flickrid>NULL</flickrid>
    <annotator>1</annotator>
  </source>
  <owner>
    <flickrid>NULL</flickrid>
    <name>Label Studio</name>
  </owner>
  <size>
    <width>640</width>
    <height>480</height>
    <depth>3</depth>
  </size>
  <segmented>0</segmented>
  <object>
    <name>capsule</name>
    <pose>Unspecified</pose>
    <truncated>0</truncated>
    <difficult>0</difficult>
    <bndbox>
      <xmin>178</xmin>
      <ymin>216</ymin>
      <xmax>305</xmax>
      <ymax>366</ymax>
    </bndbox>
  </object>
  <object>
    <name>croquette</name>
    <pose>Unspecified</pose>
    <truncated>0</truncated>
    <difficult>0</difficult>
    <bndbox>
      <xmin>280</xmin>
      <ymin>354</ymin>
      <xmax>331</xmax>
      <ymax>402</ymax>
    </bndbox>
  </object>
  <object>
    <name>croquette</name>
    <pose>Unspecified</pose>
    <truncated>0</truncated>
    <difficult>0</difficult>
    <bndbox>
      <xmin>281</xmin>
      <ymin>297</ymin>
      <xmax>337</xmax>
      <ymax>348</ymax>
    </bndbox>
  </object>
  <object>
    <name>croquette</name>
    <pose>Unspecified</pose>
    <truncated>0</truncated>
    <difficult>0</difficult>
    <bndbox>
      <xmin>288</xmin>
      <ymin>220</ymin>
      <xmax>344</xmax>
      <ymax>264</ymax>
    </bndbox>
  </object>
  <object>
    <name>croquette</name>
    <pose>Unspecified</pose>
    <truncated>0</truncated>
    <difficult>0</difficult>
    <bndbox>
      <xmin>381</xmin>
      <ymin>84</ymin>
      <xmax>430</xmax>
      <ymax>138</ymax>
    </bndbox>
  </object>
</annotation>
