<?xml version="1.0" encoding="utf-8"?>
<annotation>
  <folder>images</folder>
  <filename>0422</filename>
  <source>
    <database>MyDatabase</database>
    <annotation>COCO2017</annotation>
    <image>flickr</image>
    <flickrid>NULL</flickrid>
    <annotator>1</annotator>
  </source>
  <owner>
    <flickrid>NULL</flickrid>
    <name>Label Studio</name>
  </owner>
  <size>
    <width>640</width>
    <height>480</height>
    <depth>3</depth>
  </size>
  <segmented>0</segmented>
  <object>
    <name>capsule</name>
    <pose>Unspecified</pose>
    <truncated>0</truncated>
    <difficult>0</difficult>
    <bndbox>
      <xmin>233</xmin>
      <ymin>262</ymin>
      <xmax>377</xmax>
      <ymax>395</ymax>
    </bndbox>
  </object>
  <object>
    <name>capsule</name>
    <pose>Unspecified</pose>
    <truncated>0</truncated>
    <difficult>0</difficult>
    <bndbox>
      <xmin>141</xmin>
      <ymin>134</ymin>
      <xmax>276</xmax>
      <ymax>262</ymax>
    </bndbox>
  </object>
  <object>
    <name>croquette</name>
    <pose>Unspecified</pose>
    <truncated>0</truncated>
    <difficult>0</difficult>
    <bndbox>
      <xmin>294</xmin>
      <ymin>174</ymin>
      <xmax>350</xmax>
      <ymax>231</ymax>
    </bndbox>
  </object>
  <object>
    <name>croquette</name>
    <pose>Unspecified</pose>
    <truncated>0</truncated>
    <difficult>0</difficult>
    <bndbox>
      <xmin>336</xmin>
      <ymin>93</ymin>
      <xmax>388</xmax>
      <ymax>141</ymax>
    </bndbox>
  </object>
</annotation>
