<?xml version="1.0" encoding="utf-8"?>
<annotation>
  <folder>images</folder>
  <filename>0471</filename>
  <source>
    <database>MyDatabase</database>
    <annotation>COCO2017</annotation>
    <image>flickr</image>
    <flickrid>NULL</flickrid>
    <annotator>1</annotator>
  </source>
  <owner>
    <flickrid>NULL</flickrid>
    <name>Label Studio</name>
  </owner>
  <size>
    <width>640</width>
    <height>480</height>
    <depth>3</depth>
  </size>
  <segmented>0</segmented>
  <object>
    <name>capsule</name>
    <pose>Unspecified</pose>
    <truncated>0</truncated>
    <difficult>0</difficult>
    <bndbox>
      <xmin>270</xmin>
      <ymin>219</ymin>
      <xmax>427</xmax>
      <ymax>334</ymax>
    </bndbox>
  </object>
  <object>
    <name>caillou</name>
    <pose>Unspecified</pose>
    <truncated>0</truncated>
    <difficult>0</difficult>
    <bndbox>
      <xmin>172</xmin>
      <ymin>264</ymin>
      <xmax>285</xmax>
      <ymax>350</ymax>
    </bndbox>
  </object>
  <object>
    <name>caillou</name>
    <pose>Unspecified</pose>
    <truncated>0</truncated>
    <difficult>0</difficult>
    <bndbox>
      <xmin>159</xmin>
      <ymin>206</ymin>
      <xmax>217</xmax>
      <ymax>254</ymax>
    </bndbox>
  </object>
  <object>
    <name>capsule</name>
    <pose>Unspecified</pose>
    <truncated>0</truncated>
    <difficult>0</difficult>
    <bndbox>
      <xmin>188</xmin>
      <ymin>113</ymin>
      <xmax>317</xmax>
      <ymax>249</ymax>
    </bndbox>
  </object>
</annotation>
