<?xml version="1.0" encoding="utf-8"?>
<annotation>
  <folder>images</folder>
  <filename>0248</filename>
  <source>
    <database>MyDatabase</database>
    <annotation>COCO2017</annotation>
    <image>flickr</image>
    <flickrid>NULL</flickrid>
    <annotator>1</annotator>
  </source>
  <owner>
    <flickrid>NULL</flickrid>
    <name>Label Studio</name>
  </owner>
  <size>
    <width>640</width>
    <height>480</height>
    <depth>3</depth>
  </size>
  <segmented>0</segmented>
  <object>
    <name>capsule</name>
    <pose>Unspecified</pose>
    <truncated>0</truncated>
    <difficult>0</difficult>
    <bndbox>
      <xmin>336</xmin>
      <ymin>171</ymin>
      <xmax>470</xmax>
      <ymax>322</ymax>
    </bndbox>
  </object>
  <object>
    <name>capsule</name>
    <pose>Unspecified</pose>
    <truncated>0</truncated>
    <difficult>0</difficult>
    <bndbox>
      <xmin>162</xmin>
      <ymin>80</ymin>
      <xmax>313</xmax>
      <ymax>227</ymax>
    </bndbox>
  </object>
  <object>
    <name>croquette</name>
    <pose>Unspecified</pose>
    <truncated>0</truncated>
    <difficult>0</difficult>
    <bndbox>
      <xmin>302</xmin>
      <ymin>329</ymin>
      <xmax>366</xmax>
      <ymax>393</ymax>
    </bndbox>
  </object>
</annotation>
