<?xml version="1.0" encoding="utf-8"?>
<annotation>
  <folder>images</folder>
  <filename>0315</filename>
  <source>
    <database>MyDatabase</database>
    <annotation>COCO2017</annotation>
    <image>flickr</image>
    <flickrid>NULL</flickrid>
    <annotator>1</annotator>
  </source>
  <owner>
    <flickrid>NULL</flickrid>
    <name>Label Studio</name>
  </owner>
  <size>
    <width>640</width>
    <height>480</height>
    <depth>3</depth>
  </size>
  <segmented>0</segmented>
  <object>
    <name>capsule</name>
    <pose>Unspecified</pose>
    <truncated>0</truncated>
    <difficult>0</difficult>
    <bndbox>
      <xmin>139</xmin>
      <ymin>161</ymin>
      <xmax>280</xmax>
      <ymax>288</ymax>
    </bndbox>
  </object>
  <object>
    <name>capsule</name>
    <pose>Unspecified</pose>
    <truncated>0</truncated>
    <difficult>0</difficult>
    <bndbox>
      <xmin>138</xmin>
      <ymin>123</ymin>
      <xmax>273</xmax>
      <ymax>245</ymax>
    </bndbox>
  </object>
  <object>
    <name>croquette</name>
    <pose>Unspecified</pose>
    <truncated>0</truncated>
    <difficult>0</difficult>
    <bndbox>
      <xmin>127</xmin>
      <ymin>258</ymin>
      <xmax>217</xmax>
      <ymax>326</ymax>
    </bndbox>
  </object>
  <object>
    <name>croquette</name>
    <pose>Unspecified</pose>
    <truncated>0</truncated>
    <difficult>0</difficult>
    <bndbox>
      <xmin>199</xmin>
      <ymin>332</ymin>
      <xmax>243</xmax>
      <ymax>380</ymax>
    </bndbox>
  </object>
</annotation>
