<?xml version="1.0" encoding="utf-8"?>
<annotation>
  <folder>images</folder>
  <filename>0458</filename>
  <source>
    <database>MyDatabase</database>
    <annotation>COCO2017</annotation>
    <image>flickr</image>
    <flickrid>NULL</flickrid>
    <annotator>1</annotator>
  </source>
  <owner>
    <flickrid>NULL</flickrid>
    <name>Label Studio</name>
  </owner>
  <size>
    <width>640</width>
    <height>480</height>
    <depth>3</depth>
  </size>
  <segmented>0</segmented>
  <object>
    <name>croquette</name>
    <pose>Unspecified</pose>
    <truncated>0</truncated>
    <difficult>0</difficult>
    <bndbox>
      <xmin>279</xmin>
      <ymin>260</ymin>
      <xmax>355</xmax>
      <ymax>323</ymax>
    </bndbox>
  </object>
  <object>
    <name>caillou</name>
    <pose>Unspecified</pose>
    <truncated>0</truncated>
    <difficult>0</difficult>
    <bndbox>
      <xmin>348</xmin>
      <ymin>130</ymin>
      <xmax>414</xmax>
      <ymax>193</ymax>
    </bndbox>
  </object>
  <object>
    <name>caillou</name>
    <pose>Unspecified</pose>
    <truncated>0</truncated>
    <difficult>0</difficult>
    <bndbox>
      <xmin>288</xmin>
      <ymin>208</ymin>
      <xmax>332</xmax>
      <ymax>257</ymax>
    </bndbox>
  </object>
</annotation>
