<?xml version="1.0" encoding="utf-8"?>
<annotation>
<folder>images</folder>
<filename>1631688227_vy9Lx0s</filename>
<source>
<database>MyDatabase</database>
<annotation>COCO2017</annotation>
<image>flickr</image>
<flickrid>NULL</flickrid>
<annotator>tibo.cour@gmail.com</annotator>
</source>
<owner>
<flickrid>NULL</flickrid>
<name>Label Studio</name>
</owner>
<size>
<width>640</width>
<height>480</height>
<depth>3</depth>
</size>
<segmented>0</segmented>
<object>
<name>feuille</name>
<pose>Unspecified</pose>
<truncated>0</truncated>
<difficult>0</difficult>
<bndbox>
<xmin>225</xmin>
<ymin>133</ymin>
<xmax>378</xmax>
<ymax>471</ymax>
</bndbox>
</object>
</annotation>
