<?xml version="1.0" encoding="utf-8"?>
<annotation>
<folder>images</folder>
<filename>1631688131</filename>
<source>
<database>MyDatabase</database>
<annotation>COCO2017</annotation>
<image>flickr</image>
<flickrid>NULL</flickrid>
<annotator>tibo.cour@gmail.com</annotator>
</source>
<owner>
<flickrid>NULL</flickrid>
<name>Label Studio</name>
</owner>
<size>
<width>640</width>
<height>480</height>
<depth>3</depth>
</size>
<segmented>0</segmented>
<object>
<name>feuille</name>
<pose>Unspecified</pose>
<truncated>0</truncated>
<difficult>0</difficult>
<bndbox>
<xmin>148</xmin>
<ymin>117</ymin>
<xmax>426</xmax>
<ymax>480</ymax>
</bndbox>
</object>
</annotation>
