<?xml version="1.0" encoding="utf-8"?>
<annotation>
<folder>images</folder>
<filename>0260a4f5-1662719928.jpg</filename>
<source>
<database>MyDatabase</database>
<annotation>COCO2017</annotation>
<image>flickr</image>
<flickrid>NULL</flickrid>
<annotator>1</annotator>
</source>
<owner>
<flickrid>NULL</flickrid>
<name>Label Studio</name>
</owner>
<size>
<width>640</width>
<height>480</height>
<depth>3</depth>
</size>
<segmented>0</segmented>
<object>
<name>capsule</name>
<pose>Unspecified</pose>
<truncated>0</truncated>
<difficult>0</difficult>
<bndbox>
<xmin>217</xmin>
<ymin>268</ymin>
<xmax>345</xmax>
<ymax>394</ymax>
</bndbox>
</object>
<object>
<name>capsule</name>
<pose>Unspecified</pose>
<truncated>0</truncated>
<difficult>0</difficult>
<bndbox>
<xmin>137</xmin>
<ymin>147</ymin>
<xmax>281</xmax>
<ymax>296</ymax>
</bndbox>
</object>
<object>
<name>croquette</name>
<pose>Unspecified</pose>
<truncated>0</truncated>
<difficult>0</difficult>
<bndbox>
<xmin>346</xmin>
<ymin>324</ymin>
<xmax>415</xmax>
<ymax>381</ymax>
</bndbox>
</object>
<object>
<name>croquette</name>
<pose>Unspecified</pose>
<truncated>0</truncated>
<difficult>0</difficult>
<bndbox>
<xmin>305</xmin>
<ymin>219</ymin>
<xmax>363</xmax>
<ymax>269</ymax>
</bndbox>
</object>
<object>
<name>croquette</name>
<pose>Unspecified</pose>
<truncated>0</truncated>
<difficult>0</difficult>
<bndbox>
<xmin>315</xmin>
<ymin>69</ymin>
<xmax>372</xmax>
<ymax>122</ymax>
</bndbox>
</object>
</annotation>
