<?xml version="1.0" encoding="utf-8"?>
<annotation>
<folder>images</folder>
<filename>04ed30e0-1662720275.jpg</filename>
<source>
<database>MyDatabase</database>
<annotation>COCO2017</annotation>
<image>flickr</image>
<flickrid>NULL</flickrid>
<annotator>1</annotator>
</source>
<owner>
<flickrid>NULL</flickrid>
<name>Label Studio</name>
</owner>
<size>
<width>640</width>
<height>480</height>
<depth>3</depth>
</size>
<segmented>0</segmented>
<object>
<name>capsule</name>
<pose>Unspecified</pose>
<truncated>0</truncated>
<difficult>0</difficult>
<bndbox>
<xmin>309</xmin>
<ymin>133</ymin>
<xmax>447</xmax>
<ymax>283</ymax>
</bndbox>
</object>
<object>
<name>croquette</name>
<pose>Unspecified</pose>
<truncated>0</truncated>
<difficult>0</difficult>
<bndbox>
<xmin>425</xmin>
<ymin>224</ymin>
<xmax>477</xmax>
<ymax>276</ymax>
</bndbox>
</object>
<object>
<name>croquette</name>
<pose>Unspecified</pose>
<truncated>0</truncated>
<difficult>0</difficult>
<bndbox>
<xmin>181</xmin>
<ymin>87</ymin>
<xmax>237</xmax>
<ymax>155</ymax>
</bndbox>
</object>
</annotation>
