<?xml version="1.0" encoding="utf-8"?>
<annotation>
<folder>images</folder>
<filename>1c7624c6-1662726840.jpg</filename>
<source>
<database>MyDatabase</database>
<annotation>COCO2017</annotation>
<image>flickr</image>
<flickrid>NULL</flickrid>
<annotator>1</annotator>
</source>
<owner>
<flickrid>NULL</flickrid>
<name>Label Studio</name>
</owner>
<size>
<width>640</width>
<height>480</height>
<depth>3</depth>
</size>
<segmented>0</segmented>
<object>
<name>capsule</name>
<pose>Unspecified</pose>
<truncated>0</truncated>
<difficult>0</difficult>
<bndbox>
<xmin>172</xmin>
<ymin>193</ymin>
<xmax>330</xmax>
<ymax>329</ymax>
</bndbox>
</object>
<object>
<name>croquette</name>
<pose>Unspecified</pose>
<truncated>0</truncated>
<difficult>0</difficult>
<bndbox>
<xmin>203</xmin>
<ymin>334</ymin>
<xmax>267</xmax>
<ymax>386</ymax>
</bndbox>
</object>
</annotation>
