<?xml version="1.0" encoding="utf-8"?>
<annotation>
<folder>images</folder>
<filename>4bd63c9a-1662732362.jpg</filename>
<source>
<database>MyDatabase</database>
<annotation>COCO2017</annotation>
<image>flickr</image>
<flickrid>NULL</flickrid>
<annotator>1</annotator>
</source>
<owner>
<flickrid>NULL</flickrid>
<name>Label Studio</name>
</owner>
<size>
<width>640</width>
<height>480</height>
<depth>3</depth>
</size>
<segmented>0</segmented>
<object>
<name>bouchon</name>
<pose>Unspecified</pose>
<truncated>0</truncated>
<difficult>0</difficult>
<bndbox>
<xmin>152</xmin>
<ymin>151</ymin>
<xmax>352</xmax>
<ymax>341</ymax>
</bndbox>
</object>
<object>
<name>caillou</name>
<pose>Unspecified</pose>
<truncated>0</truncated>
<difficult>0</difficult>
<bndbox>
<xmin>262</xmin>
<ymin>328</ymin>
<xmax>318</xmax>
<ymax>368</ymax>
</bndbox>
</object>
<object>
<name>caillou</name>
<pose>Unspecified</pose>
<truncated>0</truncated>
<difficult>0</difficult>
<bndbox>
<xmin>171</xmin>
<ymin>322</ymin>
<xmax>243</xmax>
<ymax>361</ymax>
</bndbox>
</object>
<object>
<name>caillou</name>
<pose>Unspecified</pose>
<truncated>0</truncated>
<difficult>0</difficult>
<bndbox>
<xmin>292</xmin>
<ymin>57</ymin>
<xmax>377</xmax>
<ymax>141</ymax>
</bndbox>
</object>
</annotation>
