<?xml version="1.0" encoding="utf-8"?>
<annotation>
<folder>images</folder>
<filename>55e4aadd-1662726510.jpg</filename>
<source>
<database>MyDatabase</database>
<annotation>COCO2017</annotation>
<image>flickr</image>
<flickrid>NULL</flickrid>
<annotator>1</annotator>
</source>
<owner>
<flickrid>NULL</flickrid>
<name>Label Studio</name>
</owner>
<size>
<width>640</width>
<height>480</height>
<depth>3</depth>
</size>
<segmented>0</segmented>
<object>
<name>capsule</name>
<pose>Unspecified</pose>
<truncated>0</truncated>
<difficult>0</difficult>
<bndbox>
<xmin>126</xmin>
<ymin>157</ymin>
<xmax>273</xmax>
<ymax>292</ymax>
</bndbox>
</object>
<object>
<name>croquette</name>
<pose>Unspecified</pose>
<truncated>0</truncated>
<difficult>0</difficult>
<bndbox>
<xmin>178</xmin>
<ymin>293</ymin>
<xmax>236</xmax>
<ymax>333</ymax>
</bndbox>
</object>
</annotation>
