<?xml version="1.0" encoding="utf-8"?>
<annotation>
<folder>images</folder>
<filename>6359832b-1662726211.jpg</filename>
<source>
<database>MyDatabase</database>
<annotation>COCO2017</annotation>
<image>flickr</image>
<flickrid>NULL</flickrid>
<annotator>1</annotator>
</source>
<owner>
<flickrid>NULL</flickrid>
<name>Label Studio</name>
</owner>
<size>
<width>640</width>
<height>480</height>
<depth>3</depth>
</size>
<segmented>0</segmented>
<object>
<name>capsule</name>
<pose>Unspecified</pose>
<truncated>0</truncated>
<difficult>0</difficult>
<bndbox>
<xmin>278</xmin>
<ymin>147</ymin>
<xmax>416</xmax>
<ymax>287</ymax>
</bndbox>
</object>
<object>
<name>croquette</name>
<pose>Unspecified</pose>
<truncated>0</truncated>
<difficult>0</difficult>
<bndbox>
<xmin>285</xmin>
<ymin>361</ymin>
<xmax>351</xmax>
<ymax>406</ymax>
</bndbox>
</object>
<object>
<name>croquette</name>
<pose>Unspecified</pose>
<truncated>0</truncated>
<difficult>0</difficult>
<bndbox>
<xmin>404</xmin>
<ymin>175</ymin>
<xmax>456</xmax>
<ymax>224</ymax>
</bndbox>
</object>
</annotation>
