<?xml version="1.0" encoding="utf-8"?>
<annotation>
<folder>images</folder>
<filename>6840fd27-1662732373.jpg</filename>
<source>
<database>MyDatabase</database>
<annotation>COCO2017</annotation>
<image>flickr</image>
<flickrid>NULL</flickrid>
<annotator>1</annotator>
</source>
<owner>
<flickrid>NULL</flickrid>
<name>Label Studio</name>
</owner>
<size>
<width>640</width>
<height>480</height>
<depth>3</depth>
</size>
<segmented>0</segmented>
<object>
<name>bouchon</name>
<pose>Unspecified</pose>
<truncated>0</truncated>
<difficult>0</difficult>
<bndbox>
<xmin>243</xmin>
<ymin>72</ymin>
<xmax>422</xmax>
<ymax>247</ymax>
</bndbox>
</object>
<object>
<name>caillou</name>
<pose>Unspecified</pose>
<truncated>0</truncated>
<difficult>0</difficult>
<bndbox>
<xmin>220</xmin>
<ymin>319</ymin>
<xmax>285</xmax>
<ymax>388</ymax>
</bndbox>
</object>
<object>
<name>caillou</name>
<pose>Unspecified</pose>
<truncated>0</truncated>
<difficult>0</difficult>
<bndbox>
<xmin>254</xmin>
<ymin>281</ymin>
<xmax>307</xmax>
<ymax>336</ymax>
</bndbox>
</object>
<object>
<name>caillou</name>
<pose>Unspecified</pose>
<truncated>0</truncated>
<difficult>0</difficult>
<bndbox>
<xmin>179</xmin>
<ymin>264</ymin>
<xmax>230</xmax>
<ymax>315</ymax>
</bndbox>
</object>
</annotation>
