<?xml version="1.0" encoding="utf-8"?>
<annotation>
<folder>images</folder>
<filename>6c5e0265-1662726470.jpg</filename>
<source>
<database>MyDatabase</database>
<annotation>COCO2017</annotation>
<image>flickr</image>
<flickrid>NULL</flickrid>
<annotator>1</annotator>
</source>
<owner>
<flickrid>NULL</flickrid>
<name>Label Studio</name>
</owner>
<size>
<width>640</width>
<height>480</height>
<depth>3</depth>
</size>
<segmented>0</segmented>
<object>
<name>capsule</name>
<pose>Unspecified</pose>
<truncated>0</truncated>
<difficult>0</difficult>
<bndbox>
<xmin>180</xmin>
<ymin>77</ymin>
<xmax>309</xmax>
<ymax>218</ymax>
</bndbox>
</object>
<object>
<name>croquette</name>
<pose>Unspecified</pose>
<truncated>0</truncated>
<difficult>0</difficult>
<bndbox>
<xmin>229</xmin>
<ymin>344</ymin>
<xmax>275</xmax>
<ymax>401</ymax>
</bndbox>
</object>
<object>
<name>croquette</name>
<pose>Unspecified</pose>
<truncated>0</truncated>
<difficult>0</difficult>
<bndbox>
<xmin>271</xmin>
<ymin>218</ymin>
<xmax>359</xmax>
<ymax>257</ymax>
</bndbox>
</object>
</annotation>
