<?xml version="1.0" encoding="utf-8"?>
<annotation>
<folder>images</folder>
<filename>9304b7d0-1662732304.jpg</filename>
<source>
<database>MyDatabase</database>
<annotation>COCO2017</annotation>
<image>flickr</image>
<flickrid>NULL</flickrid>
<annotator>1</annotator>
</source>
<owner>
<flickrid>NULL</flickrid>
<name>Label Studio</name>
</owner>
<size>
<width>640</width>
<height>480</height>
<depth>3</depth>
</size>
<segmented>0</segmented>
<object>
<name>caillou</name>
<pose>Unspecified</pose>
<truncated>0</truncated>
<difficult>0</difficult>
<bndbox>
<xmin>274</xmin>
<ymin>241</ymin>
<xmax>339</xmax>
<ymax>304</ymax>
</bndbox>
</object>
<object>
<name>bouchon</name>
<pose>Unspecified</pose>
<truncated>0</truncated>
<difficult>0</difficult>
<bndbox>
<xmin>228</xmin>
<ymin>212</ymin>
<xmax>367</xmax>
<ymax>363</ymax>
</bndbox>
</object>
</annotation>
