<?xml version="1.0" encoding="utf-8"?>
<annotation>
<folder>images</folder>
<filename>ca45ea2f-1662732324.jpg</filename>
<source>
<database>MyDatabase</database>
<annotation>COCO2017</annotation>
<image>flickr</image>
<flickrid>NULL</flickrid>
<annotator>1</annotator>
</source>
<owner>
<flickrid>NULL</flickrid>
<name>Label Studio</name>
</owner>
<size>
<width>640</width>
<height>480</height>
<depth>3</depth>
</size>
<segmented>0</segmented>
<object>
<name>bouchon</name>
<pose>Unspecified</pose>
<truncated>0</truncated>
<difficult>0</difficult>
<bndbox>
<xmin>199</xmin>
<ymin>96</ymin>
<xmax>361</xmax>
<ymax>236</ymax>
</bndbox>
</object>
<object>
<name>caillou</name>
<pose>Unspecified</pose>
<truncated>0</truncated>
<difficult>0</difficult>
<bndbox>
<xmin>166</xmin>
<ymin>178</ymin>
<xmax>234</xmax>
<ymax>264</ymax>
</bndbox>
</object>
</annotation>
