<?xml version="1.0" encoding="utf-8"?>
<annotation>
<folder>images</folder>
<filename>cbcb41f2-1662718056.jpg</filename>
<source>
<database>MyDatabase</database>
<annotation>COCO2017</annotation>
<image>flickr</image>
<flickrid>NULL</flickrid>
<annotator>1</annotator>
</source>
<owner>
<flickrid>NULL</flickrid>
<name>Label Studio</name>
</owner>
<size>
<width>640</width>
<height>480</height>
<depth>3</depth>
</size>
<segmented>0</segmented>
<object>
<name>croquette</name>
<pose>Unspecified</pose>
<truncated>0</truncated>
<difficult>0</difficult>
<bndbox>
<xmin>247</xmin>
<ymin>241</ymin>
<xmax>288</xmax>
<ymax>280</ymax>
</bndbox>
</object>
<object>
<name>croquette</name>
<pose>Unspecified</pose>
<truncated>0</truncated>
<difficult>0</difficult>
<bndbox>
<xmin>420</xmin>
<ymin>210</ymin>
<xmax>465</xmax>
<ymax>253</ymax>
</bndbox>
</object>
<object>
<name>capsule</name>
<pose>Unspecified</pose>
<truncated>0</truncated>
<difficult>0</difficult>
<bndbox>
<xmin>217</xmin>
<ymin>187</ymin>
<xmax>364</xmax>
<ymax>327</ymax>
</bndbox>
</object>
</annotation>
