<?xml version="1.0" encoding="utf-8"?>
<annotation>
<folder>images</folder>
<filename>d7ef7c3c-1662716204.jpg</filename>
<source>
<database>MyDatabase</database>
<annotation>COCO2017</annotation>
<image>flickr</image>
<flickrid>NULL</flickrid>
<annotator>1</annotator>
</source>
<owner>
<flickrid>NULL</flickrid>
<name>Label Studio</name>
</owner>
<size>
<width>640</width>
<height>480</height>
<depth>3</depth>
</size>
<segmented>0</segmented>
<object>
<name>capsule</name>
<pose>Unspecified</pose>
<truncated>0</truncated>
<difficult>0</difficult>
<bndbox>
<xmin>238</xmin>
<ymin>232</ymin>
<xmax>387</xmax>
<ymax>379</ymax>
</bndbox>
</object>
<object>
<name>croquette</name>
<pose>Unspecified</pose>
<truncated>0</truncated>
<difficult>0</difficult>
<bndbox>
<xmin>148</xmin>
<ymin>241</ymin>
<xmax>222</xmax>
<ymax>327</ymax>
</bndbox>
</object>
</annotation>
