<?xml version="1.0" encoding="utf-8"?>
<annotation>
<folder>images</folder>
<filename>e9d951c2-1662730861.jpg</filename>
<source>
<database>MyDatabase</database>
<annotation>COCO2017</annotation>
<image>flickr</image>
<flickrid>NULL</flickrid>
<annotator>1</annotator>
</source>
<owner>
<flickrid>NULL</flickrid>
<name>Label Studio</name>
</owner>
<size>
<width>640</width>
<height>480</height>
<depth>3</depth>
</size>
<segmented>0</segmented>
<object>
<name>ecorce</name>
<pose>Unspecified</pose>
<truncated>0</truncated>
<difficult>0</difficult>
<bndbox>
<xmin>281</xmin>
<ymin>132</ymin>
<xmax>386</xmax>
<ymax>264</ymax>
</bndbox>
</object>
<object>
<name>ecorce</name>
<pose>Unspecified</pose>
<truncated>0</truncated>
<difficult>0</difficult>
<bndbox>
<xmin>155</xmin>
<ymin>234</ymin>
<xmax>284</xmax>
<ymax>368</ymax>
</bndbox>
</object>
</annotation>
