<?xml version="1.0" encoding="utf-8"?>
<annotation>
<folder>images</folder>
<filename>eb96e2f6-1662731352.jpg</filename>
<source>
<database>MyDatabase</database>
<annotation>COCO2017</annotation>
<image>flickr</image>
<flickrid>NULL</flickrid>
<annotator>1</annotator>
</source>
<owner>
<flickrid>NULL</flickrid>
<name>Label Studio</name>
</owner>
<size>
<width>640</width>
<height>480</height>
<depth>3</depth>
</size>
<segmented>0</segmented>
<object>
<name>caillou</name>
<pose>Unspecified</pose>
<truncated>0</truncated>
<difficult>0</difficult>
<bndbox>
<xmin>265</xmin>
<ymin>330</ymin>
<xmax>373</xmax>
<ymax>422</ymax>
</bndbox>
</object>
<object>
<name>caillou</name>
<pose>Unspecified</pose>
<truncated>0</truncated>
<difficult>0</difficult>
<bndbox>
<xmin>309</xmin>
<ymin>282</ymin>
<xmax>401</xmax>
<ymax>371</ymax>
</bndbox>
</object>
</annotation>
